point3 0 -3963426.7981 3350882.1576 3694865.5458 0 0 0 0 0 0 0 0 0                 
point3 0.20000004768372 -3963426.7981 3350882.1576 3694865.5458 0 0 0 0 0 0 0 0 0                 
point3 0.39999985694885 -3963426.7981 3350882.1576 3694865.5458 0 0 0 0 0 0 0 0 0                 
point3 0.59999990463257 -3963426.7981 3350882.1576 3694865.5458 0 0 0 0 0 0 0 0 0                 
point3 0.79999995231628 -3963426.7981 3350882.1576 3694865.5458 0 0 0 0 0 0 0 0 0                 
point3 1 -3963426.798 3350882.1576 3694865.5457 0 0 0 0 0 0 0 0 0                 
point3 1.2000000476837 -3963426.798 3350882.1576 3694865.5457 0 0 0 0 0 0 0 0 0                 
point3 1.3999998569489 -3963426.798 3350882.1576 3694865.5458 0 0 0 0 0 0 0 0 0                 
point3 1.5999999046326 -3963426.798 3350882.1576 3694865.5457 0 0 0 0 0 0 0 0 0                 
point3 1.7999999523163 -3963426.798 3350882.1575 3694865.5457 0 0 0 0 0 0 0 0 0                 
point3 2 -3963426.7979 3350882.1575 3694865.5457 0 0 0 0 0 0 0 0 0                 
point3 2.2000000476837 -3963426.798 3350882.1575 3694865.5457 0 0 0 0 0 0 0 0 0                 
point3 2.3999998569489 -3963426.7981 3350882.1576 3694865.5458 0 0 0 0 0 0 0 0 0                 
point3 2.5999999046326 -3963426.798 3350882.1576 3694865.5457 0 0 0 0 0 0 0 0 0                 
point3 2.7999999523163 -3963426.798 3350882.1576 3694865.5458 0 0 0 0 0 0 0 0 0                 
point3 3 -3963426.7981 3350882.1576 3694865.5458 0 0 0 0 0 0 0 0 0                 
point3 3.2000000476837 -3963426.798 3350882.1576 3694865.5458 0 0 0 0 0 0 0 0 0                 
point3 3.3999998569489 -3963426.7981 3350882.1576 3694865.5458 0 0 0 0 0 0 0 0 0                 
point3 3.5999999046326 -3963426.7981 3350882.1576 3694865.5458 0 0 0 0 0 0 0 0 0                 
point3 3.7999999523163 -3963426.7981 3350882.1576 3694865.5458 0 0 0 0 0 0 0 0 0                 
point3 4 -3963426.7981 3350882.1576 3694865.5458 0 0 0 0 0 0 0 0 0                 
point3 4.2000000476837 -3963426.7981 3350882.1576 3694865.5458 0 0 0 0 0 0 0 0 0                 
point3 4.3999998569489 -3963426.7981 3350882.1576 3694865.5458 0 0 0 0 0 0 0 0 0                 
point3 4.5999999046326 -3963426.798 3350882.1576 3694865.5458 0 0 0 0 0 0 0 0 0                 
point3 4.7999999523163 -3963426.7981 3350882.1576 3694865.5458 0 0 0 0 0 0 0 0 0                 
point3 5 -3963426.7981 3350882.1576 3694865.5458 0 0 0 0 0 0 0 0 0                 
point3 5.2000000476837 -3963426.7981 3350882.1576 3694865.5458 0 0 0 0 0 0 0 0 0                 
point3 5.3999998569489 -3963426.7981 3350882.1576 3694865.5458 0 0 0 0 0 0 0 0 0                 
point3 5.5999999046326 -3963426.7981 3350882.1576 3694865.5458 0 0 0 0 0 0 0 0 0                 
point3 5.7999999523163 -3963426.7981 3350882.1576 3694865.5458 0 0 0 0 0 0 0 0 0                 
point3 6 -3963426.7981 3350882.1575 3694865.5458 0 0 0 0 0 0 0 0 0                 
point3 6.2000000476837 -3963426.7981 3350882.1574 3694865.5458 0 0 0 0 0 0 0 0 0                 
point3 6.3999998569489 -3963426.7953 3350882.1578 3694865.5483 0 0 0 0 0 0 0 0 0                 
point3 6.5999999046326 -3963426.7891 3350882.1588 3694865.5543 0 0 0 0 0 0 0 0 0                 
point3 6.7999999523163 -3963426.7795 3350882.1603 3694865.5634 0 0 0 0 0 0 0 0 0                 
point3 7 -3963426.7672 3350882.1621 3694865.575 0 0 0 0 0 0 0 0 0                 
point3 7.2000000476837 -3963426.7531 3350882.1639 3694865.5889 0 0 0 0 0 0 0 0 0                 
point3 7.3999998569489 -3963426.7351 3350882.1665 3694865.6064 0 0 0 0 0 0 0 0 0                 
point3 7.5999999046326 -3963426.7065 3350882.1708 3694865.6356 0 0 0 0 0 0 0 0 0                 
point3 7.7999999523163 -3963426.6539 3350882.179 3694865.6889 0 0 0 0 0 0 0 0 0                 
point3 8 -3963426.567 3350882.1926 3694865.7741 0 0 0 0 0 0 0 0 0                 
point3 8.2000000476837 -3963426.4461 3350882.2102 3694865.8923 0 0 0 0 0 0 0 0 0                 
point3 8.3999998569489 -3963426.3018 3350882.2273 3694866.0357 0 0 0 0 0 0 0 0 0                 
point3 8.5999999046326 -3963426.1425 3350882.243 3694866.1953 0 0 0 0 0 0 0 0 0                 
point3 8.7999999523163 -3963425.982 3350882.2551 3694866.3607 0 0 0 0 0 0 0 0 0                 
point3 9 -3963425.8247 3350882.2635 3694866.5256 0 0 0 0 0 0 0 0 0                 
point3 9.2000000476837 -3963425.6668 3350882.2759 3694866.6901 0 0 0 0 0 0 0 0 0                 
point3 9.3999998569489 -3963425.5004 3350882.2882 3694866.8668 0 0 0 0 0 0 0 0 0                 
point3 9.5999999046326 -3963425.3085 3350882.2977 3694867.0718 0 0 0 0 0 0 0 0 0                 
point3 9.7999999523163 -3963425.0831 3350882.3063 3694867.3167 0 0 0 0 0 0 0 0 0                 
point3 10 -3963424.831 3350882.3145 3694867.5865 0 0 0 0 0 0 0 0 0                 
point3 10.200000047684 -3963424.5563 3350882.3268 3694867.8781 0 0 0 0 0 0 0 0 0                 
point3 10.399999856949 -3963424.2681 3350882.3299 3694868.1969 0 0 0 0 0 0 0 0 0                 
point3 10.599999904633 -3963423.9704 3350882.3234 3694868.5329 0 0 0 0 0 0 0 0 0                 
point3 10.799999952316 -3963423.6538 3350882.3174 3694868.8882 0 0 0 0 0 0 0 0 0                 
point3 11 -3963423.32 3350882.3101 3694869.2653 0 0 0 0 0 0 0 0 0                 
point3 11.200000047684 -3963422.9697 3350882.3033 3694869.6624 0 0 0 0 0 0 0 0 0                 
point3 11.399999856949 -3963422.602 3350882.3002 3694870.0759 0 0 0 0 0 0 0 0 0                 
point3 11.599999904633 -3963422.2202 3350882.2961 3694870.5049 0 0 0 0 0 0 0 0 0                 
point3 11.799999952316 -3963421.8242 3350882.2936 3694870.9488 0 0 0 0 0 0 0 0 0                 
point3 12 -3963421.4143 3350882.2953 3694871.4049 0 0 0 0 0 0 0 0 0                 
point3 12.200000047684 -3963420.9916 3350882.3017 3694871.8717 0 0 0 0 0 0 0 0 0                 
point3 12.399999856949 -3963420.558 3350882.3076 3694872.3504 0 0 0 0 0 0 0 0 0                 
point3 12.599999904633 -3963420.1145 3350882.3137 3694872.84 0 0 0 0 0 0 0 0 0                 
point3 12.799999952316 -3963419.6591 3350882.325 3694873.3372 0 0 0 0 0 0 0 0 0                 
point3 13 -3963419.1914 3350882.3421 3694873.8429 0 0 0 0 0 0 0 0 0                 
point3 13.200000047684 -3963418.7174 3350882.3597 3694874.357 0 0 0 0 0 0 0 0 0                 
point3 13.399999856949 -3963418.2342 3350882.3793 3694874.8787 0 0 0 0 0 0 0 0 0                 
point3 13.599999904633 -3963417.7431 3350882.4033 3694875.406 0 0 0 0 0 0 0 0 0                 
point3 13.799999952316 -3963417.2469 3350882.4245 3694875.939 0 0 0 0 0 0 0 0 0                 
point3 14 -3963416.7507 3350882.4483 3694876.4681 0 0 0 0 0 0 0 0 0                 
point3 14.200000047684 -3963416.258 3350882.4801 3694876.99 0 0 0 0 0 0 0 0 0                 
point3 14.399999856949 -3963415.767 3350882.5103 3694877.5092 0 0 0 0 0 0 0 0 0                 
point3 14.599999904633 -3963415.2782 3350882.5404 3694878.0242 0 0 0 0 0 0 0 0 0                 
point3 14.799999952316 -3963414.787 3350882.5782 3694878.5358 0 0 0 0 0 0 0 0 0                 
point3 15 -3963414.2956 3350882.6163 3694879.0457 0 0 0 0 0 0 0 0 0                 
point3 15.200000047684 -3963413.8096 3350882.6556 3694879.5498 0 0 0 0 0 0 0 0 0                 
point3 15.399999856949 -3963413.3192 3350882.7014 3694880.0553 0 0 0 0 0 0 0 0 0                 
point3 15.599999904633 -3963412.8283 3350882.7463 3694880.5613 0 0 0 0 0 0 0 0 0                 
point3 15.799999952316 -3963412.3331 3350882.7917 3694881.07 0 0 0 0 0 0 0 0 0                 
point3 16 -3963411.8288 3350882.8424 3694881.586 0 0 0 0 0 0 0 0 0                 
point3 16.200000047684 -3963411.3151 3350882.8968 3694882.1104 0 0 0 0 0 0 0 0 0                 
point3 16.399999856949 -3963410.7877 3350882.9507 3694882.6458 0 0 0 0 0 0 0 0 0                 
point3 16.599999904633 -3963410.2487 3350883.0118 3694883.1892 0 0 0 0 0 0 0 0 0                 
point3 16.799999952316 -3963409.6976 3350883.0813 3694883.74 0 0 0 0 0 0 0 0 0                 
point3 17 -3963409.134 3350883.1534 3694884.2989 0 0 0 0 0 0 0 0 0                 
point3 17.200000047684 -3963408.5597 3350883.2246 3694884.8704 0 0 0 0 0 0 0 0 0                 
point3 17.399999856949 -3963407.9768 3350883.3031 3694885.4463 0 0 0 0 0 0 0 0 0                 
point3 17.599999904633 -3963407.3816 3350883.3881 3694886.0316 0 0 0 0 0 0 0 0 0                 
point3 17.799999952316 -3963406.7778 3350883.4722 3694886.6256 0 0 0 0 0 0 0 0 0                 
point3 18 -3963406.1653 3350883.5603 3694887.2259 0 0 0 0 0 0 0 0 0                 
point3 18.200000047684 -3963405.547 3350883.6556 3694887.8278 0 0 0 0 0 0 0 0 0                 
point3 18.399999856949 -3963404.9236 3350883.7482 3694888.432 0 0 0 0 0 0 0 0 0                 
point3 18.599999904633 -3963404.2982 3350883.8483 3694889.0368 0 0 0 0 0 0 0 0 0                 
point3 18.799999952316 -3963403.6709 3350883.9511 3694889.6408 0 0 0 0 0 0 0 0 0                 
point3 19 -3963403.0441 3350884.0506 3694890.2456 0 0 0 0 0 0 0 0 0                 
point3 19.200000047684 -3963402.4148 3350884.1483 3694890.8551 0 0 0 0 0 0 0 0 0                 
point3 19.399999856949 -3963401.7836 3350884.2458 3694891.4655 0 0 0 0 0 0 0 0 0                 
point3 19.599999904633 -3963401.1513 3350884.3455 3694892.0785 0 0 0 0 0 0 0 0 0                 
point3 19.799999952316 -3963400.5214 3350884.4411 3694892.69 0 0 0 0 0 0 0 0 0                 
point3 20 -3963399.8923 3350884.5376 3694893.3001 0 0 0 0 0 0 0 0 0                 
point3 20.200000047684 -3963399.2673 3350884.6339 3694893.9073 0 0 0 0 0 0 0 0 0                 
point3 20.399999856949 -3963398.6463 3350884.7275 3694894.5104 0 0 0 0 0 0 0 0 0                 
point3 20.599999904633 -3963398.0326 3350884.8223 3694895.1057 0 0 0 0 0 0 0 0 0                 
point3 20.799999952316 -3963397.4264 3350884.9144 3694895.6935 0 0 0 0 0 0 0 0 0                 
point3 21 -3963396.8282 3350885.0043 3694896.2742 0 0 0 0 0 0 0 0 0                 
point3 21.200000047684 -3963396.2393 3350885.0927 3694896.8469 0 0 0 0 0 0 0 0 0                 
point3 21.399999856949 -3963395.657 3350885.1815 3694897.4102 0 0 0 0 0 0 0 0 0                 
point3 21.599999904633 -3963395.0879 3350885.2673 3694897.9669 0 0 0 0 0 0 0 0 0                 
point3 21.799999952316 -3963394.5248 3350885.3513 3694898.5156 0 0 0 0 0 0 0 0 0                 
point3 22 -3963393.971 3350885.4361 3694899.0538 0 0 0 0 0 0 0 0 0                 
point3 22.200000047684 -3963393.4266 3350885.5192 3694899.5879 0 0 0 0 0 0 0 0 0                 
point3 22.399999856949 -3963392.8906 3350885.6009 3694900.1118 0 0 0 0 0 0 0 0 0                 
point3 22.599999904633 -3963392.3628 3350885.685 3694900.6241 0 0 0 0 0 0 0 0 0                 
point3 22.799999952316 -3963391.8451 3350885.7636 3694901.1306 0 0 0 0 0 0 0 0 0                 
point3 23 -3963391.3354 3350885.8383 3694901.6276 0 0 0 0 0 0 0 0 0                 
point3 23.200000047684 -3963390.834 3350885.916 3694902.1147 0 0 0 0 0 0 0 0 0                 
point3 23.399999856949 -3963390.3425 3350885.9912 3694902.5938 0 0 0 0 0 0 0 0 0                 
point3 23.599999904633 -3963389.8574 3350886.064 3694903.0654 0 0 0 0 0 0 0 0 0                 
point3 23.799999952316 -3963389.3794 3350886.1383 3694903.5308 0 0 0 0 0 0 0 0 0                 
point3 24 -3963388.8959 3350886.2152 3694904.0042 0 0 0 0 0 0 0 0 0                 
point3 24.200000047684 -3963388.3927 3350886.2923 3694904.4935 0 0 0 0 0 0 0 0 0                 
point3 24.399999856949 -3963387.8794 3350886.3747 3694904.9916 0 0 0 0 0 0 0 0 0                 
point3 24.599999904633 -3963387.3589 3350886.4574 3694905.4974 0 0 0 0 0 0 0 0 0                 
point3 24.799999952316 -3963386.8355 3350886.5395 3694906.0037 0 0 0 0 0 0 0 0 0                 
point3 25 -3963386.3135 3350886.6192 3694906.5087 0 0 0 0 0 0 0 0 0                 
point3 25.200000047684 -3963385.7965 3350886.6989 3694907.0097 0 0 0 0 0 0 0 0 0                 
point3 25.399999856949 -3963385.2889 3350886.7794 3694907.5011 0 0 0 0 0 0 0 0 0                 
point3 25.599999904633 -3963384.7883 3350886.8591 3694907.9849 0 0 0 0 0 0 0 0 0                 
point3 25.799999952316 -3963384.2958 3350886.9337 3694908.4625 0 0 0 0 0 0 0 0 0                 
point3 26 -3963383.8124 3350887.0069 3694908.9338 0 0 0 0 0 0 0 0 0                 
point3 26.200000047684 -3963383.3377 3350887.0782 3694909.3998 0 0 0 0 0 0 0 0 0                 
point3 26.399999856949 -3963382.8704 3350887.1452 3694909.8593 0 0 0 0 0 0 0 0 0                 
point3 26.599999904633 -3963382.4065 3350887.2099 3694910.3191 0 0 0 0 0 0 0 0 0                 
point3 26.799999952316 -3963381.9352 3350887.2726 3694910.7889 0 0 0 0 0 0 0 0 0                 
point3 27 -3963381.4618 3350887.332 3694911.2632 0 0 0 0 0 0 0 0 0                 
point3 27.200999975204 -3963380.9837252 3350887.389681 3694911.7429888 0 0 0 0 0 0 0 0 0                 
point3 27.401000022888 -3963380.5075956 3350887.444963 3694912.2218204 0 0 0 0 0 0 0 0 0                 
point3 27.601000070572 -3963380.0243546 3350887.498072 3694912.7080544 0 0 0 0 0 0 0 0 0                 
point3 27.800999879837 -3963379.5328132 3350887.552081 3694913.1999858 0 0 0 0 0 0 0 0 0                 
point3 28.000999927521 -3963379.0327572 3350887.610413 3694913.6993228 0 0 0 0 0 0 0 0 0                 
point3 28.200999975204 -3963378.5220182 3350887.673836 3694914.2049548 0 0 0 0 0 0 0 0 0                 
point3 28.401000022888 -3963378.0037826 3350887.739396 3694914.7194494 0 0 0 0 0 0 0 0 0                 
point3 28.601000070572 -3963377.4716085 3350887.7975101 3694915.2546425 0 0 0 0 0 0 0 0 0                 
point3 28.800999879837 -3963376.9031502 3350887.868076 3694915.8052898 0 0 0 0 0 0 0 0 0                 
point3 29.000999927521 -3963376.3096532 3350887.96936 3694916.3673038 0 0 0 0 0 0 0 0 0                 
point3 29.200999975204 -3963375.6948652 3350888.076879 3694916.9542688 0 0 0 0 0 0 0 0 0                 
point3 29.401000022888 -3963375.0641755 3350888.1734351 3694917.5460545 0 0 0 0 0 0 0 0 0                 
point3 29.601000070572 -3963374.4112384 3350888.2902231 3694918.1418435 0 0 0 0 0 0 0 0 0                 
point3 29.800999879837 -3963373.7364742 3350888.436301 3694918.7531028 0 0 0 0 0 0 0 0 0                 
point3 30.000999927521 -3963373.0432283 3350888.572975 3694919.3788998 0 0 0 0 0 0 0 0 0                 
point3 30.200999975204 -3963372.3246373 3350888.7133889 3694920.0212408 0 0 0 0 0 0 0 0 0                 
point3 30.401000022888 -3963371.5858534 3350888.8739961 3694920.6734035 0 0 0 0 0 0 0 0 0                 
point3 30.601000070572 -3963370.8356014 3350889.0324991 3694921.3340225 0 0 0 0 0 0 0 0 0                 
point3 30.800999879837 -3963370.0712013 3350889.1939229 3694922.0030238 0 0 0 0 0 0 0 0 0                 
point3 31.000999927521 -3963369.2847793 3350889.3566879 3694922.6941487 0 0 0 0 0 0 0 0 0                 
point3 31.200999975204 -3963368.4763113 3350889.5126839 3694923.4089367 0 0 0 0 0 0 0 0 0                 
point3 31.401000022888 -3963367.6541223 3350889.6674421 3694924.1402046 0 0 0 0 0 0 0 0 0                 
point3 31.601000070572 -3963366.8163783 3350889.8150361 3694924.8841686 0 0 0 0 0 0 0 0 0                 
point3 31.800999879837 -3963365.9716513 3350889.9626209 3694925.6410187 0 0 0 0 0 0 0 0 0                 
point3 32.000999927521 -3963365.1189323 3350890.102265 3694926.4066537 0 0 0 0 0 0 0 0 0                 
point3 32.200999975204 -3963364.2650303 3350890.234363 3694927.1786757 0 0 0 0 0 0 0 0 0                 
point3 32.401000022888 -3963363.4121453 3350890.3664401 3694927.9541846 0 0 0 0 0 0 0 0 0                 
point3 32.601000070572 -3963362.5594173 3350890.4913911 3694928.7317976 0 0 0 0 0 0 0 0 0                 
point3 32.800999879837 -3963361.7033433 3350890.608353 3694929.5120097 0 0 0 0 0 0 0 0 0                 
point3 33.000999927521 -3963360.8527663 3350890.71589 3694930.2929827 0 0 0 0 0 0 0 0 0                 
point3 33.200999975204 -3963360.0092963 3350890.813212 3694931.0680557 0 0 0 0 0 0 0 0 0                 
point3 33.401000022888 -3963359.1656553 3350890.9169451 3694931.8387426 0 0 0 0 0 0 0 0 0                 
point3 33.601000070572 -3963358.3213093 3350891.0266461 3694932.6078506 0 0 0 0 0 0 0 0 0                 
point3 33.800999879837 -3963357.4827043 3350891.135243 3694933.3771197 0 0 0 0 0 0 0 0 0                 
point3 34.000999927521 -3963356.6413533 3350891.244567 3694934.1403277 0 0 0 0 0 0 0 0 0                 
point3 34.200999975204 -3963355.7928943 3350891.359263 3694934.9071457 0 0 0 0 0 0 0 0 0                 
point3 34.401000022888 -3963354.9534953 3350891.4708371 3694935.6744996 0 0 0 0 0 0 0 0 0                 
point3 34.601000070572 -3963354.1106803 3350891.5789391 3694936.4334046 0 0 0 0 0 0 0 0 0                 
point3 34.800999879837 -3963353.2670803 3350891.687558 3694937.1958207 0 0 0 0 0 0 0 0 0                 
point3 35.000999927521 -3963352.4227933 3350891.799652 3694937.9579887 0 0 0 0 0 0 0 0 0                 
point3 35.200999975204 -3963351.5808933 3350891.909257 3694938.7153907 0 0 0 0 0 0 0 0 0                 
point3 35.401000022888 -3963350.7401053 3350892.0215671 3694939.4732826 0 0 0 0 0 0 0 0 0                 
point3 35.601000070572 -3963349.8999983 3350892.1353811 3694940.2290816 0 0 0 0 0 0 0 0 0                 
point3 35.800999879837 -3963349.0599063 3350892.250871 3694940.9856877 0 0 0 0 0 0 0 0 0                 
point3 36.000999927521 -3963348.2213993 3350892.365071 3694941.7430877 0 0 0 0 0 0 0 0 0                 
point3 36.200999975204 -3963347.3819103 3350892.477539 3694942.5011947 0 0 0 0 0 0 0 0 0                 
point3 36.401000022888 -3963346.5436003 3350892.5847251 3694943.2615196 0 0 0 0 0 0 0 0 0                 
point3 36.601000070572 -3963345.7039613 3350892.6885961 3694944.0267606 0 0 0 0 0 0 0 0 0                 
point3 36.800999879837 -3963344.8536333 3350892.783942 3694944.8028347 0 0 0 0 0 0 0 0 0                 
point3 37.000999927521 -3963343.9973693 3350892.872082 3694945.5928847 0 0 0 0 0 0 0 0 0                 
point3 37.200999975204 -3963343.1302253 3350892.971416 3694946.3919427 0 0 0 0 0 0 0 0 0                 
point3 37.401000022888 -3963342.2484343 3350893.0738211 3694947.2049267 0 0 0 0 0 0 0 0 0                 
point3 37.601000070572 -3963341.3510342 3350893.1809711 3694948.0344037 0 0 0 0 0 0 0 0 0                 
point3 37.800999879837 -3963340.4332503 3350893.296599 3694948.8760287 0 0 0 0 0 0 0 0 0                 
point3 38.000999927521 -3963339.5005913 3350893.416699 3694949.7245787 0 0 0 0 0 0 0 0 0                 
point3 38.200999975204 -3963338.5557173 3350893.538541 3694950.5817047 0 0 0 0 0 0 0 0 0                 
point3 38.401000022888 -3963337.5940222 3350893.6685941 3694951.4447467 0 0 0 0 0 0 0 0 0                 
point3 38.601000070572 -3963336.6148472 3350893.8100331 3694952.3158737 0 0 0 0 0 0 0 0 0                 
point3 38.800999879837 -3963335.6202784 3350893.9593809 3694953.1908867 0 0 0 0 0 0 0 0 0                 
point3 39.000999927521 -3963334.6125954 3350894.1183269 3694954.0685987 0 0 0 0 0 0 0 0 0                 
point3 39.200999975204 -3963333.5877314 3350894.2864749 3694954.9495197 0 0 0 0 0 0 0 0 0                 
point3 39.401000022888 -3963332.5496871 3350894.4647562 3694955.8339227 0 0 0 0 0 0 0 0 0                 
point3 39.601000070572 -3963331.5058331 3350894.6582922 3694956.7186337 0 0 0 0 0 0 0 0 0                 
point3 39.800999879837 -3963330.4512044 3350894.8583109 3694957.6067827 0 0 0 0 0 0 0 0 0                 
point3 40.000999927521 -3963329.3876364 3350895.0591809 3694958.5064297 0 0 0 0 0 0 0 0 0                 
point3 40.200999975204 -3963328.3124864 3350895.2531629 3694959.4150677 0 0 0 0 0 0 0 0 0                 
point3 40.401000022888 -3963327.2294691 3350895.4467672 3694960.3293888 0 0 0 0 0 0 0 0 0                 
point3 40.601000070572 -3963326.1391051 3350895.6386542 3694961.2489288 0 0 0 0 0 0 0 0 0                 
point3 40.800999879837 -3963325.0400024 3350895.8291509 3694962.1770627 0 0 0 0 0 0 0 0 0                 
point3 41.000999927521 -3963323.9414224 3350896.0182289 3694963.1087447 0 0 0 0 0 0 0 0 0                 
point3 41.200999975204 -3963322.8465474 3350896.2033109 3694964.0377487 0 0 0 0 0 0 0 0 0                 
point3 41.401000022888 -3963321.7559441 3350896.3843051 3694964.9673478 0 0 0 0 0 0 0 0 0                 
point3 41.601000070572 -3963320.6653491 3350896.5645901 3694965.8968568 0 0 0 0 0 0 0 0 0                 
point3 41.800999879837 -3963319.5736284 3350896.7411639 3694966.8303047 0 0 0 0 0 0 0 0 0                 
point3 42.000999927521 -3963318.4770824 3350896.9124349 3694967.7739627 0 0 0 0 0 0 0 0 0                 
point3 42.200999975204 -3963317.3734644 3350897.0793329 3694968.7291097 0 0 0 0 0 0 0 0 0                 
point3 42.401000022888 -3963316.2637401 3350897.2442941 3694969.6940738 0 0 0 0 0 0 0 0 0                 
point3 42.601000070572 -3963315.1476641 3350897.4015761 3694970.6713178 0 0 0 0 0 0 0 0 0                 
point3 42.800999879837 -3963314.0199274 3350897.5563609 3694971.6569666 0 0 0 0 0 0 0 0 0                 
point3 43.000999927521 -3963312.8833864 3350897.7072469 3694972.6517966 0 0 0 0 0 0 0 0 0                 
point3 43.200999975204 -3963311.7371354 3350897.8564509 3694973.6536416 0 0 0 0 0 0 0 0 0                 
point3 43.401000022888 -3963310.5831341 3350898.0055451 3694974.6642868 0 0 0 0 0 0 0 0 0                 
point3 43.601000070572 -3963309.429613 3350898.1540321 3694975.6831228 0 0 0 0 0 0 0 0 0                 
point3 43.800999879837 -3963308.2712774 3350898.3002109 3694976.7106836 0 0 0 0 0 0 0 0 0                 
point3 44.000999927521 -3963307.1056664 3350898.4437269 3694977.7481936 0 0 0 0 0 0 0 0 0                 
point3 44.200999975204 -3963305.9373364 3350898.5876129 3694978.7863836 0 0 0 0 0 0 0 0 0                 
point3 44.401000022888 -3963304.763424 3350898.7319621 3694979.8226789 0 0 0 0 0 0 0 0 0                 
point3 44.601000070572 -3963303.588925 3350898.8846561 3694980.8587869 0 0 0 0 0 0 0 0 0                 
point3 44.800999879837 -3963302.4118964 3350899.0361749 3694981.8963996 0 0 0 0 0 0 0 0 0                 
point3 45.000999927521 -3963301.2305924 3350899.1907469 3694982.9375216 0 0 0 0 0 0 0 0 0                 
point3 45.200999975204 -3963300.0489774 3350899.3382249 3694983.9821206 0 0 0 0 0 0 0 0 0                 
point3 45.401000022888 -3963298.866509 3350899.4837301 3694985.0271329 0 0 0 0 0 0 0 0 0                 
point3 45.601000070572 -3963297.688486 3350899.6305591 3694986.0737369 0 0 0 0 0 0 0 0 0                 
point3 45.800999879837 -3963296.5055624 3350899.7823549 3694987.1223596 0 0 0 0 0 0 0 0 0                 
point3 46.000999927521 -3963295.3215974 3350899.9314389 3694988.1745516 0 0 0 0 0 0 0 0 0                 
point3 46.200999975204 -3963294.1416524 3350900.0816559 3694989.2232476 0 0 0 0 0 0 0 0 0                 
point3 46.401000022888 -3963292.966177 3350900.2326571 3694990.2746759 0 0 0 0 0 0 0 0 0                 
point3 46.601000070572 -3963291.781164 3350900.3855591 3694991.3319919 0 0 0 0 0 0 0 0 0                 
point3 46.800999879837 -3963290.5936344 3350900.5359449 3694992.3865396 0 0 0 0 0 0 0 0 0                 
point3 47.000999927521 -3963289.4007544 3350900.6836269 3694993.4354536 0 0 0 0 0 0 0 0 0                 
point3 47.200999975204 -3963288.2114414 3350900.8296509 3694994.4860526 0 0 0 0 0 0 0 0 0                 
point3 47.401000022888 -3963287.017001 3350900.9805751 3694995.5383949 0 0 0 0 0 0 0 0 0                 
point3 47.601000070572 -3963285.815858 3350901.1366911 3694996.5990169 0 0 0 0 0 0 0 0 0                 
point3 47.800999879837 -3963284.6074624 3350901.2963019 3694997.6626296 0 0 0 0 0 0 0 0 0                 
point3 48.000999927521 -3963283.3986344 3350901.4570009 3694998.7291436 0 0 0 0 0 0 0 0 0                 
point3 48.200999975204 -3963282.1841064 3350901.6180259 3694999.7994696 0 0 0 0 0 0 0 0 0                 
point3 48.401000022888 -3963280.963281 3350901.7841441 3695000.8732609 0 0 0 0 0 0 0 0 0                 
point3 48.601000070572 -3963279.740777 3350901.9539481 3695001.9451549 0 0 0 0 0 0 0 0 0                 
point3 48.800999879837 -3963278.5158714 3350902.1227409 3695003.0166776 0 0 0 0 0 0 0 0 0                 
point3 49.000999927521 -3963277.2882554 3350902.2897329 3695004.0930966 0 0 0 0 0 0 0 0 0                 
point3 49.200999975204 -3963276.0554494 3350902.4566469 3695005.1722886 0 0 0 0 0 0 0 0 0                 
point3 49.401000022888 -3963274.826338 3350902.6264331 3695006.2507869 0 0 0 0 0 0 0 0 0                 
point3 49.601000070572 -3963273.592119 3350902.7948551 3695007.3285129 0 0 0 0 0 0 0 0 0                 
point3 49.800999879837 -3963272.3572454 3350902.9649299 3695008.4123206 0 0 0 0 0 0 0 0 0                 
point3 50.000999927521 -3963271.1249134 3350903.1309459 3695009.4963256 0 0 0 0 0 0 0 0 0                 
point3 50.200999975204 -3963269.8856954 3350903.3007489 3695010.5822406 0 0 0 0 0 0 0 0 0                 
point3 50.401000022888 -3963268.644689 3350903.4704341 3695011.6703289 0 0 0 0 0 0 0 0 0                 
point3 50.601000070572 -3963267.402904 3350903.6369161 3695012.7559399 0 0 0 0 0 0 0 0 0                 
point3 50.800999879837 -3963266.1645224 3350903.7997139 3695013.8441426 0 0 0 0 0 0 0 0 0                 
point3 51.000999927521 -3963264.9296514 3350903.9628279 3695014.9319076 0 0 0 0 0 0 0 0 0                 
point3 51.200999975204 -3963263.7051504 3350904.1290409 3695016.0090036 0 0 0 0 0 0 0 0 0                 
point3 51.401000022888 -3963262.500868 3350904.2969241 3695017.0634859 0 0 0 0 0 0 0 0 0                 
point3 51.601000070572 -3963261.319491 3350904.4600911 3695018.0949758 0 0 0 0 0 0 0 0 0                 
point3 51.800999879837 -3963260.1628104 3350904.6175889 3695019.1036426 0 0 0 0 0 0 0 0 0                 
point3 52.000999927521 -3963259.0321254 3350904.7754989 3695020.0856047 0 0 0 0 0 0 0 0 0                 
point3 52.200999975204 -3963257.9257924 3350904.9368159 3695021.0400767 0 0 0 0 0 0 0 0 0                 
point3 52.401000022888 -3963256.8506721 3350905.0998171 3695021.9677157 0 0 0 0 0 0 0 0 0                 
point3 52.601000070572 -3963255.8150322 3350905.2626791 3695022.8623547 0 0 0 0 0 0 0 0 0                 
point3 52.800999879837 -3963254.8118503 3350905.4178699 3695023.7233667 0 0 0 0 0 0 0 0 0                 
point3 53.000999927521 -3963253.8536933 3350905.5709249 3695024.5472687 0 0 0 0 0 0 0 0 0                 
point3 53.200999975204 -3963252.9465333 3350905.712068 3695025.3297517 0 0 0 0 0 0 0 0 0                 
point3 53.401000022888 -3963252.0853853 3350905.8443301 3695026.0712796 0 0 0 0 0 0 0 0 0                 
point3 53.601000070572 -3963251.2753344 3350905.9675851 3695026.7774776 0 0 0 0 0 0 0 0 0                 
point3 53.800999879837 -3963250.5145873 3350906.083043 3695027.4413568 0 0 0 0 0 0 0 0 0                 
point3 54.000999927521 -3963249.8059482 3350906.188892 3695028.0623508 0 0 0 0 0 0 0 0 0                 
point3 54.200999975204 -3963249.1483972 3350906.284962 3695028.6419348 0 0 0 0 0 0 0 0 0                 
point3 54.401000022888 -3963248.5414435 3350906.3750201 3695029.1776194 0 0 0 0 0 0 0 0 0                 
point3 54.601000070572 -3963247.9807396 3350906.4571791 3695029.6728634 0 0 0 0 0 0 0 0 0                 
point3 54.800999879837 -3963247.4574002 3350906.531343 3695030.1389468 0 0 0 0 0 0 0 0 0                 
point3 55.000999927521 -3963246.9600912 3350906.599438 3695030.5861318 0 0 0 0 0 0 0 0 0                 
point3 55.200999975204 -3963246.4566742 3350906.668864 3695031.0344608 0 0 0 0 0 0 0 0 0                 
point3 55.401000022888 -3963245.9517766 3350906.7415511 3695031.4867674 0 0 0 0 0 0 0 0 0                 
point3 55.601000070572 -3963245.4478666 3350906.8102331 3695031.9408794 0 0 0 0 0 0 0 0 0                 
point3 55.800999879837 -3963244.9398472 3350906.878164 3695032.3963708 0 0 0 0 0 0 0 0 0                 
point3 56.000999927521 -3963244.4308672 3350906.952467 3695032.8508848 0 0 0 0 0 0 0 0 0                 
point3 56.200999975204 -3963243.9236782 3350907.023232 3695033.3091038 0 0 0 0 0 0 0 0 0                 
point3 56.401000022888 -3963243.4192786 3350907.0897531 3695033.7694884 0 0 0 0 0 0 0 0 0                 
point3 56.601000070572 -3963242.9131646 3350907.1597741 3695034.2264844 0 0 0 0 0 0 0 0 0                 
point3 56.800999879837 -3963242.4057492 3350907.235081 3695034.6847038 0 0 0 0 0 0 0 0 0                 
point3 57.000999927521 -3963241.8963412 3350907.310467 3695035.1466288 0 0 0 0 0 0 0 0 0                 
point3 57.200999975204 -3963241.3823182 3350907.383267 3695035.6138528 0 0 0 0 0 0 0 0 0                 
point3 57.401000022888 -3963240.8666276 3350907.4578811 3695036.0844394 0 0 0 0 0 0 0 0 0                 
point3 57.601000070572 -3963240.3553776 3350907.5343991 3695036.5494764 0 0 0 0 0 0 0 0 0                 
point3 57.800999879837 -3963239.8554472 3350907.615211 3695037.0010968 0 0 0 0 0 0 0 0 0                 
point3 58.000999927521 -3963239.3673962 3350907.697005 3695037.4370358 0 0 0 0 0 0 0 0 0                 
point3 58.200999975204 -3963238.8932612 3350907.778602 3695037.8592049 0 0 0 0 0 0 0 0 0                 
point3 58.401000022888 -3963238.4577117 3350907.8578541 3695038.2491813 0 0 0 0 0 0 0 0 0                 
point3 58.601000070572 -3963238.0715397 3350907.9265351 3695038.5942653 0 0 0 0 0 0 0 0 0                 
point3 58.800999879837 -3963237.7318711 3350907.993223 3695038.8955469 0 0 0 0 0 0 0 0 0                 
point3 59.000999927521 -3963237.4358601 3350908.056589 3695039.1553599 0 0 0 0 0 0 0 0 0                 
point3 59.200999975204 -3963237.1790981 3350908.112766 3695039.3781789 0 0 0 0 0 0 0 0 0                 
point3 59.401000022888 -3963236.9688798 3350908.163508 3695039.5649091 0 0 0 0 0 0 0 0 0                 
point3 59.601000070572 -3963236.7924279 3350908.201752 3695039.7193721 0 0 0 0 0 0 0 0 0                 
point3 59.800999879837 -3963236.647311 3350908.230315 3695039.846834 0 0 0 0 0 0 0 0 0                 
point3 60.000999927521 -3963236.537136 3350908.251491 3695039.946728 0 0 0 0 0 0 0 0 0                 
point3 60.200999975204 -3963236.443904 3350908.269797 3695040.032245 0 0 0 0 0 0 0 0 0                 
point3 60.401000022888 -3963236.3428809 3350908.290318 3695040.1228661 0 0 0 0 0 0 0 0 0                 
point3 60.601000070572 -3963236.2383669 3350908.314325 3695040.2160691 0 0 0 0 0 0 0 0 0                 
point3 60.800999879837 -3963236.131156 3350908.339124 3695040.310583 0 0 0 0 0 0 0 0 0                 
point3 61.000999927521 -3963236.021335 3350908.364129 3695040.408003 0 0 0 0 0 0 0 0 0                 
point3 61.200999975204 -3963235.906908 3350908.390033 3695040.509828 0 0 0 0 0 0 0 0 0                 
point3 61.401000022888 -3963235.7872799 3350908.417251 3695040.6166511 0 0 0 0 0 0 0 0 0                 
point3 61.601000070572 -3963235.6618579 3350908.448262 3695040.7277641 0 0 0 0 0 0 0 0 0                 
point3 61.800999879837 -3963235.534703 3350908.480248 3695040.839526 0 0 0 0 0 0 0 0 0                 
point3 62.000999927521 -3963235.421026 3350908.508116 3695040.939615 0 0 0 0 0 0 0 0 0                 
point3 62.200999975204 -3963235.333574 3350908.529889 3695041.016187 0 0 0 0 0 0 0 0 0                 
point3 62.401000022888 -3963235.275925 3350908.545748 3695041.066855 0 0 0 0 0 0 0 0 0                 
point3 62.601000070572 -3963235.24807 3350908.553007 3695041.091428 0 0 0 0 0 0 0 0 0                 
point3 62.800999879837 -3963235.246031 3350908.554427 3695041.095029 0 0 0 0 0 0 0 0 0                 
point3 63.000999927521 -3963235.251087 3350908.558788 3695041.099688 0 0 0 0 0 0 0 0 0                 
point3 63.200999975204 -3963235.2485 3350908.5565 3695041.0973 0 0 0 0 0 0 0 0 0                 
point3 63.401000022888 -3963235.248904 3350908.556904 3695041.097704 0 0 0 0 0 0 0 0 0                 
point3 63.601000070572 -3963235.249297 3350908.557198 3695041.097998 0 0 0 0 0 0 0 0 0                 
point3 63.800999879837 -3963235.249001 3350908.557 3695041.097801 0 0 0 0 0 0 0 0 0                 
point3 64.000999927521 -3963235.249099 3350908.557099 3695041.097899 0 0 0 0 0 0 0 0 0                 
point3 64.200999975204 -3963235.249001 3350908.557 3695041.0978 0 0 0 0 0 0 0 0 0                 
point3 64.401000022888 -3963235.249099 3350908.557 3695041.097899 0 0 0 0 0 0 0 0 0                 
point3 64.601000070572 -3963235.249001 3350908.557 3695041.0978 0 0 0 0 0 0 0 0 0                 
point3 64.800999879837 -3963235.2491 3350908.557 3695041.0978 0 0 0 0 0 0 0 0 0                 
point3 65.000999927521 -3963235.249 3350908.557 3695041.0978 0 0 0 0 0 0 0 0 0                 
point3 65.200999975204 -3963235.2491 3350908.557 3695041.097899 0 0 0 0 0 0 0 0 0                 
point3 65.401000022888 -3963235.249 3350908.557 3695041.0978 0 0 0 0 0 0 0 0 0                 
point3 65.601000070572 -3963235.2491 3350908.557099 3695041.097899 0 0 0 0 0 0 0 0 0                 
point3 65.800999879837 -3963235.249 3350908.557 3695041.0978 0 0 0 0 0 0 0 0 0                 
point3 66.000999927521 -3963235.249001 3350908.557 3695041.0978 0 0 0 0 0 0 0 0 0                 
point3 66.200999975204 -3963235.249 3350908.557 3695041.0978 0 0 0 0 0 0 0 0 0                 
point3 66.401000022888 -3963235.249099 3350908.557 3695041.0978 0 0 0 0 0 0 0 0 0                 
point3 66.601000070572 -3963235.249099 3350908.557 3695041.0978 0 0 0 0 0 0 0 0 0                 
point3 66.800999879837 -3963235.249099 3350908.557 3695041.0978 0 0 0 0 0 0 0 0 0                 
point3 67.000999927521 -3963235.249099 3350908.557 3695041.0978 0 0 0 0 0 0 0 0 0                 
point3 67.200999975204 -3963235.2491 3350908.557 3695041.0978 0 0 0 0 0 0 0 0 0                 
point3 67.401000022888 -3963235.249001 3350908.557 3695041.0978 0 0 0 0 0 0 0 0 0                 
point3 67.601000070572 -3963235.249001 3350908.557 3695041.0978 0 0 0 0 0 0 0 0 0                 
point3 67.800999879837 -3963235.249001 3350908.557 3695041.0978 0 0 0 0 0 0 0 0 0                 
point3 68.000999927521 -3963235.249001 3350908.557 3695041.0978 0 0 0 0 0 0 0 0 0                 
point3 68.200999975204 -3963235.249 3350908.557 3695041.0978 0 0 0 0 0 0 0 0 0                 
point3 68.401000022888 -3963235.249099 3350908.557 3695041.0978 0 0 0 0 0 0 0 0 0                 
point3 68.601000070572 -3963235.2491 3350908.557 3695041.0978 0 0 0 0 0 0 0 0 0                 
point3 68.800999879837 -3963235.249 3350908.557 3695041.0978 0 0 0 0 0 0 0 0 0                 
point3 69.000999927521 -3963235.249001 3350908.557001 3695041.0978 0 0 0 0 0 0 0 0 0                 
point3 69.200999975204 -3963235.249099 3350908.557099 3695041.0978 0 0 0 0 0 0 0 0 0                 
point3 69.401000022888 -3963235.2491 3350908.557001 3695041.0978 0 0 0 0 0 0 0 0 0                 
point3 69.601000070572 -3963235.249099 3350908.557099 3695041.0978 0 0 0 0 0 0 0 0 0                 
point3 69.800999879837 -3963235.249001 3350908.557001 3695041.0978 0 0 0 0 0 0 0 0 0                 
point3 70.000999927521 -3963235.249 3350908.557099 3695041.0978 0 0 0 0 0 0 0 0 0                 
point3 70.200999975204 -3963235.249001 3350908.557001 3695041.0978 0 0 0 0 0 0 0 0 0                 
point3 70.401000022888 -3963235.249 3350908.5571 3695041.0978 0 0 0 0 0 0 0 0 0                 
point3 70.601000070572 -3963235.2491 3350908.5571 3695041.0978 0 0 0 0 0 0 0 0 0                 
point3 70.800999879837 -3963235.249001 3350908.5571 3695041.0978 0 0 0 0 0 0 0 0 0                 
point3 71.000999927521 -3963235.2491 3350908.5571 3695041.0978 0 0 0 0 0 0 0 0 0                 
point3 71.200999975204 -3963235.2491 3350908.5571 3695041.0978 0 0 0 0 0 0 0 0 0                 
point3 71.401000022888 -3963235.2491 3350908.5571 3695041.0978 0 0 0 0 0 0 0 0 0                 
point3 71.601000070572 -3963235.2491 3350908.5571 3695041.097801 0 0 0 0 0 0 0 0 0                 
point3 71.800999879837 -3963235.2491 3350908.5571 3695041.0978 0 0 0 0 0 0 0 0 0                 
point3 72.000999927521 -3963235.2491 3350908.5571 3695041.097801 0 0 0 0 0 0 0 0 0                 
point3 72.200999975204 -3963235.2491 3350908.5571 3695041.0978 0 0 0 0 0 0 0 0 0                 
point3 72.401000022888 -3963235.2491 3350908.5571 3695041.0978 0 0 0 0 0 0 0 0 0                 
point3 72.601000070572 -3963235.2491 3350908.5571 3695041.0978 0 0 0 0 0 0 0 0 0                 
point3 72.800999879837 -3963235.2491 3350908.5571 3695041.0978 0 0 0 0 0 0 0 0 0                 
point3 73.000999927521 -3963235.2491 3350908.5571 3695041.0978 0 0 0 0 0 0 0 0 0                 
point3 73.200999975204 -3963235.2491 3350908.5571 3695041.097801 0 0 0 0 0 0 0 0 0                 
point3 73.401000022888 -3963235.2491 3350908.5571 3695041.0979 0 0 0 0 0 0 0 0 0                 
point3 73.601000070572 -3963235.2491 3350908.5571 3695041.0979 0 0 0 0 0 0 0 0 0                 
point3 73.800999879837 -3963235.2491 3350908.5571 3695041.0979 0 0 0 0 0 0 0 0 0                 
point3 74.000999927521 -3963235.2491 3350908.5571 3695041.0979 0 0 0 0 0 0 0 0 0                 
point3 74.200999975204 -3963235.2491 3350908.557101 3695041.0979 0 0 0 0 0 0 0 0 0                 
point3 74.401000022888 -3963235.2491 3350908.5572 3695041.0979 0 0 0 0 0 0 0 0 0                 
point3 74.601000070572 -3963235.2491 3350908.5572 3695041.0979 0 0 0 0 0 0 0 0 0                 
point3 74.800999879837 -3963235.2491 3350908.5572 3695041.0979 0 0 0 0 0 0 0 0 0                 
point3 75.000999927521 -3963235.2491 3350908.5572 3695041.0979 0 0 0 0 0 0 0 0 0                 
point3 75.200999975204 -3963235.2491 3350908.5572 3695041.0979 0 0 0 0 0 0 0 0 0                 
point3 75.401000022888 -3963235.2491 3350908.5572 3695041.0979 0 0 0 0 0 0 0 0 0                 
point3 75.601000070572 -3963235.2491 3350908.5572 3695041.0979 0 0 0 0 0 0 0 0 0                 
point3 75.800999879837 -3963235.2491 3350908.5572 3695041.0979 0 0 0 0 0 0 0 0 0                 
point3 76.000999927521 -3963235.2491 3350908.5572 3695041.0979 0 0 0 0 0 0 0 0 0                 
point3 76.200999975204 -3963235.2491 3350908.5572 3695041.0979 0 0 0 0 0 0 0 0 0                 
point3 76.401000022888 -3963235.2491 3350908.5571 3695041.0979 0 0 0 0 0 0 0 0 0                 
point3 76.601000070572 -3963235.2491 3350908.557199 3695041.0979 0 0 0 0 0 0 0 0 0                 
point3 76.800999879837 -3963235.2491 3350908.5571 3695041.0979 0 0 0 0 0 0 0 0 0                 
point3 77.000999927521 -3963235.2491 3350908.5572 3695041.0979 0 0 0 0 0 0 0 0 0                 
point3 77.200999975204 -3963235.2491 3350908.557101 3695041.0979 0 0 0 0 0 0 0 0 0                 
point3 77.401000022888 -3963235.2491 3350908.5572 3695041.0979 0 0 0 0 0 0 0 0 0                 
point3 77.601000070572 -3963235.2491 3350908.5572 3695041.0979 0 0 0 0 0 0 0 0 0                 
point3 77.800999879837 -3963235.2491 3350908.5572 3695041.0979 0 0 0 0 0 0 0 0 0                 
point3 78.000999927521 -3963235.2491 3350908.5572 3695041.0979 0 0 0 0 0 0 0 0 0                 
point3 78.200999975204 -3963235.2491 3350908.5572 3695041.0979 0 0 0 0 0 0 0 0 0                 
point3 78.401000022888 -3963235.2491 3350908.5572 3695041.0979 0 0 0 0 0 0 0 0 0                 
point3 78.601000070572 -3963235.249101 3350908.5572 3695041.0979 0 0 0 0 0 0 0 0 0                 
point3 78.800999879837 -3963235.2491 3350908.5572 3695041.0979 0 0 0 0 0 0 0 0 0                 
point3 79.000999927521 -3963235.2491 3350908.5572 3695041.0979 0 0 0 0 0 0 0 0 0                 
point3 79.200999975204 -3963235.2491 3350908.5572 3695041.0979 0 0 0 0 0 0 0 0 0                 
point3 79.401000022888 -3963235.2491 3350908.557199 3695041.0979 0 0 0 0 0 0 0 0 0                 
point3 79.601000070572 -3963235.2491 3350908.5572 3695041.0979 0 0 0 0 0 0 0 0 0                 
point3 79.800999879837 -3963235.2491 3350908.5572 3695041.0979 0 0 0 0 0 0 0 0 0                 
point3 80.000999927521 -3963235.2491 3350908.5572 3695041.0979 0 0 0 0 0 0 0 0 0                 
point3 80.200999975204 -3963235.249199 3350908.5572 3695041.0979 0 0 0 0 0 0 0 0 0                 
point3 80.401000022888 -3963235.2491 3350908.5572 3695041.0979 0 0 0 0 0 0 0 0 0                 
point3 80.601000070572 -3963235.249199 3350908.5572 3695041.0979 0 0 0 0 0 0 0 0 0                 
point3 80.800999879837 -3963235.2491 3350908.5572 3695041.0979 0 0 0 0 0 0 0 0 0                 
point3 81.000999927521 -3963235.2491 3350908.5572 3695041.0979 0 0 0 0 0 0 0 0 0                 
point3 81.200999975204 -3963235.2491 3350908.5572 3695041.0979 0 0 0 0 0 0 0 0 0                 
point3 81.401000022888 -3963235.2491 3350908.5572 3695041.0979 0 0 0 0 0 0 0 0 0                 
point3 81.601000070572 -3963235.2491 3350908.5572 3695041.0979 0 0 0 0 0 0 0 0 0                 
point3 81.800999879837 -3963235.2491 3350908.5572 3695041.0979 0 0 0 0 0 0 0 0 0                 
point3 82.000999927521 -3963235.249101 3350908.5572 3695041.0979 0 0 0 0 0 0 0 0 0                 
point3 82.200999975204 -3963235.2491 3350908.5572 3695041.0979 0 0 0 0 0 0 0 0 0                 
point3 82.401000022888 -3963235.2491 3350908.5572 3695041.0979 0 0 0 0 0 0 0 0 0                 
point3 82.601000070572 -3963235.2491 3350908.5572 3695041.0979 0 0 0 0 0 0 0 0 0                 
point3 82.800999879837 -3963235.249101 3350908.5572 3695041.097901 0 0 0 0 0 0 0 0 0                 
point3 83.000999927521 -3963235.249401 3350908.5572 3695041.098303 0 0 0 0 0 0 0 0 0                 
point3 83.200999975204 -3963235.249082 3350908.557304 3695041.099216 0 0 0 0 0 0 0 0 0                 
point3 83.401000022888 -3963235.244363 3350908.55831 3695041.103438 0 0 0 0 0 0 0 0 0                 
point3 83.601000070572 -3963235.235843 3350908.560516 3695041.111955 0 0 0 0 0 0 0 0 0                 
point3 83.800999879837 -3963235.223222 3350908.564021 3695041.123974 0 0 0 0 0 0 0 0 0                 
point3 84.000999927521 -3963235.206799 3350908.568226 3695041.139596 0 0 0 0 0 0 0 0 0                 
point3 84.200999975204 -3963235.183721 3350908.573846 3695041.16188 0 0 0 0 0 0 0 0 0                 
point3 84.401000022888 -3963235.1390249 3350908.585398 3695041.2060481 0 0 0 0 0 0 0 0 0                 
point3 84.601000070572 -3963235.0532289 3350908.608052 3695041.2836971 0 0 0 0 0 0 0 0 0                 
point3 84.800999879837 -3963234.9311821 3350908.640486 3695041.389623 0 0 0 0 0 0 0 0 0                 
point3 85.000999927521 -3963234.7798301 3350908.679222 3695041.5209659 0 0 0 0 0 0 0 0 0                 
point3 85.200999975204 -3963234.5968321 3350908.725572 3695041.6833499 0 0 0 0 0 0 0 0 0                 
point3 85.401000022888 -3963234.3707888 3350908.7848821 3695041.8824182 0 0 0 0 0 0 0 0 0                 
point3 85.601000070572 -3963234.0971828 3350908.8695241 3695042.1128322 0 0 0 0 0 0 0 0 0                 
point3 85.800999879837 -3963233.7873861 3350908.9786 3695042.3615679 0 0 0 0 0 0 0 0 0                 
point3 86.000999927521 -3963233.4625381 3350909.102862 3695042.6166009 0 0 0 0 0 0 0 0 0                 
point3 86.200999975204 -3963233.1253211 3350909.2378429 3695042.8792379 0 0 0 0 0 0 0 0 0                 
point3 86.401000022888 -3963232.7652747 3350909.3917231 3695043.1459082 0 0 0 0 0 0 0 0 0                 
point3 86.601000070572 -3963232.4013917 3350909.5580631 3695043.4056692 0 0 0 0 0 0 0 0 0                 
point3 86.800999879837 -3963232.0400271 3350909.7346299 3695043.6554929 0 0 0 0 0 0 0 0 0                 
point3 87.000999927521 -3963231.6884861 3350909.9206039 3695043.8915489 0 0 0 0 0 0 0 0 0                 
point3 87.200999975204 -3963231.3476181 3350910.1018269 3695044.1176609 0 0 0 0 0 0 0 0 0                 
point3 87.401000022888 -3963231.0141627 3350910.2904092 3695044.3249692 0 0 0 0 0 0 0 0 0                 
point3 87.601000070572 -3963230.6851447 3350910.4975122 3695044.5157182 0 0 0 0 0 0 0 0 0                 
point3 87.800999879837 -3963230.3507321 3350910.7247109 3695044.6988429 0 0 0 0 0 0 0 0 0                 
point3 88.000999927521 -3963229.9864031 3350910.9719339 3695044.8932609 0 0 0 0 0 0 0 0 0                 
point3 88.200999975204 -3963229.5754032 3350911.2502659 3695045.1083639 0 0 0 0 0 0 0 0 0                 
point3 88.401000022888 -3963229.1348206 3350911.5744593 3695045.3127801 0 0 0 0 0 0 0 0 0                 
point3 88.601000070572 -3963228.7035767 3350911.9345773 3695045.4797491 0 0 0 0 0 0 0 0 0                 
point3 88.800999879837 -3963228.2719092 3350912.3159209 3695045.6276309 0 0 0 0 0 0 0 0 0                 
point3 89.000999927521 -3963227.8027292 3350912.7346408 3695045.772758 0 0 0 0 0 0 0 0 0                 
point3 89.200999975204 -3963227.3072122 3350913.2221788 3695045.891718 0 0 0 0 0 0 0 0 0                 
point3 89.401000022888 -3963226.8058006 3350913.7696015 3695045.968493 0 0 0 0 0 0 0 0 0                 
point3 89.601000070572 -3963226.2816846 3350914.3599575 3695046.019693 0 0 0 0 0 0 0 0 0                 
point3 89.800999879837 -3963225.7577052 3350915.0058158 3695046.025025 0 0 0 0 0 0 0 0 0                 
point3 90.000999927521 -3963225.2452922 3350915.7067477 3695045.973112 0 0 0 0 0 0 0 0 0                 
point3 90.200999975204 -3963224.7473552 3350916.4684027 3695045.8612231 0 0 0 0 0 0 0 0 0                 
point3 90.401000022888 -3963224.2602336 3350917.2815467 3695045.6903908 0 0 0 0 0 0 0 0 0                 
point3 90.601000070572 -3963223.7919246 3350918.1436087 3695045.4510588 0 0 0 0 0 0 0 0 0                 
point3 90.800999879837 -3963223.3437872 3350919.0573877 3695045.1466471 0 0 0 0 0 0 0 0 0                 
point3 91.000999927521 -3963222.9309331 3350919.9988667 3695044.7835221 0 0 0 0 0 0 0 0 0                 
point3 91.200999975204 -3963222.5392411 3350920.9581817 3695044.3806001 0 0 0 0 0 0 0 0 0                 
point3 91.401000022888 -3963222.1462227 3350921.9411338 3695043.9544486 0 0 0 0 0 0 0 0 0                 
point3 91.601000070572 -3963221.7521627 3350922.9572219 3695043.4947576 0 0 0 0 0 0 0 0 0                 
point3 91.800999879837 -3963221.3660521 3350924.0112056 3695042.9988242 0 0 0 0 0 0 0 0 0                 
point3 92.000999927521 -3963220.9722701 3350925.1019946 3695042.4776112 0 0 0 0 0 0 0 0 0                 
point3 92.200999975204 -3963220.5634361 3350926.2306786 3695041.9353952 0 0 0 0 0 0 0 0 0                 
point3 92.401000022888 -3963220.1506397 3350927.394733 3695041.3661445 0 0 0 0 0 0 0 0 0                 
point3 92.601000070572 -3963219.7375077 3350928.590215 3695040.7720735 0 0 0 0 0 0 0 0 0                 
point3 92.800999879837 -3963219.3139062 3350929.8201726 3695040.1671632 0 0 0 0 0 0 0 0 0                 
point3 93.000999927521 -3963218.8694152 3350931.0852735 3695039.5570882 0 0 0 0 0 0 0 0 0                 
point3 93.200999975204 -3963218.4101952 3350932.3909775 3695038.9274642 0 0 0 0 0 0 0 0 0                 
point3 93.401000022888 -3963217.9484756 3350933.7348351 3695038.2741544 0 0 0 0 0 0 0 0 0                 
point3 93.601000070572 -3963217.4809146 3350935.1100122 3695037.5998344 0 0 0 0 0 0 0 0 0                 
point3 93.800999879837 -3963217.0008712 3350936.5222035 3695036.9014353 0 0 0 0 0 0 0 0 0                 
point3 94.000999927521 -3963216.5135432 3350937.9707625 3695036.1817213 0 0 0 0 0 0 0 0 0                 
point3 94.200999975204 -3963216.0197922 3350939.4528515 3695035.4389953 0 0 0 0 0 0 0 0 0                 
point3 94.401000022888 -3963215.5161556 3350940.9729413 3695034.6713674 0 0 0 0 0 0 0 0 0                 
point3 94.601000070572 -3963215.0058296 3350942.5304263 3695033.8779253 0 0 0 0 0 0 0 0 0                 
point3 94.800999879837 -3963214.4893842 3350944.1239914 3695033.0574203 0 0 0 0 0 0 0 0 0                 
point3 95.000999927521 -3963213.9639322 3350945.7516704 3695032.2170303 0 0 0 0 0 0 0 0 0                 
point3 95.200999975204 -3963213.4250392 3350947.4157654 3695031.3577333 0 0 0 0 0 0 0 0 0                 
point3 95.401000022888 -3963212.8696985 3350949.1170064 3695030.4803693 0 0 0 0 0 0 0 0 0                 
point3 95.601000070572 -3963212.3074805 3350950.8433164 3695029.5901043 0 0 0 0 0 0 0 0 0                 
point3 95.800999879837 -3963211.7425712 3350952.5915114 3695028.6892653 0 0 0 0 0 0 0 0 0                 
point3 96.000999927521 -3963211.1764562 3350954.3573884 3695027.7796173 0 0 0 0 0 0 0 0 0                 
point3 96.200999975204 -3963210.6045802 3350956.1389544 3695026.8603863 0 0 0 0 0 0 0 0 0                 
point3 96.401000022888 -3963210.0161145 3350957.9323065 3695025.9381832 0 0 0 0 0 0 0 0 0                 
point3 96.601000070572 -3963209.4186875 3350959.7355395 3695025.0119642 0 0 0 0 0 0 0 0 0                 
point3 96.800999879837 -3963208.8408522 3350961.5428704 3695024.0877643 0 0 0 0 0 0 0 0 0                 
point3 97.000999927521 -3963208.2697902 3350963.3640793 3695023.1562923 0 0 0 0 0 0 0 0 0                 
point3 97.200999975204 -3963207.6835162 3350965.1999603 3695022.2143833 0 0 0 0 0 0 0 0 0                 
point3 97.401000022888 -3963207.0848925 3350967.0330155 3695021.2670992 0 0 0 0 0 0 0 0 0                 
point3 97.601000070572 -3963206.4830905 3350968.8816185 3695020.3029392 0 0 0 0 0 0 0 0 0                 
point3 97.800999879837 -3963205.8792382 3350970.7490163 3695019.3284894 0 0 0 0 0 0 0 0 0                 
point3 98.000999927521 -3963205.2636752 3350972.6398503 3695018.3423324 0 0 0 0 0 0 0 0 0                 
point3 98.200999975204 -3963204.6349172 3350974.5553413 3695017.3466994 0 0 0 0 0 0 0 0 0                 
point3 98.401000022888 -3963203.9966765 3350976.4876366 3695016.3468602 0 0 0 0 0 0 0 0 0                 
point3 98.601000070572 -3963203.3491345 3350978.4409346 3695015.3374432 0 0 0 0 0 0 0 0 0                 
point3 98.800999879837 -3963202.6956062 3350980.4101073 3695014.3271284 0 0 0 0 0 0 0 0 0                 
point3 99.000999927521 -3963202.0335452 3350982.3981223 3695013.3084624 0 0 0 0 0 0 0 0 0                 
point3 99.200999975204 -3963201.3600402 3350984.4044393 3695012.2783374 0 0 0 0 0 0 0 0 0                 
point3 99.401000022888 -3963200.6905284 3350986.4136147 3695011.2453951 0 0 0 0 0 0 0 0 0                 
point3 99.601000070572 -3963200.0117964 3350988.4438277 3695010.2008471 0 0 0 0 0 0 0 0 0                 
point3 99.800999879837 -3963199.3286372 3350990.4889373 3695009.1497154 0 0 0 0 0 0 0 0 0                 
point3 100.00099992752 -3963198.6333933 3350992.5404073 3695008.0910014 0 0 0 0 0 0 0 0 0                 
point3 100.2009999752 -3963197.9320693 3350994.6057853 3695007.0312734 0 0 0 0 0 0 0 0 0                 
point3 100.40100002289 -3963197.2236464 3350996.6859097 3695005.9641431 0 0 0 0 0 0 0 0 0                 
point3 100.60100007057 -3963196.5132514 3350998.7649687 3695004.8925371 0 0 0 0 0 0 0 0 0                 
point3 100.80099987984 -3963195.8016243 3351000.8390913 3695003.8180134 0 0 0 0 0 0 0 0 0                 
point3 101.00099992752 -3963195.0858103 3351002.9188163 3695002.7385794 0 0 0 0 0 0 0 0 0                 
point3 101.2009999752 -3963194.3697513 3351005.0030323 3695001.6530294 0 0 0 0 0 0 0 0 0                 
point3 101.40100002289 -3963193.6614814 3351007.0899367 3695000.5596471 0 0 0 0 0 0 0 0 0                 
point3 101.60100007057 -3963192.9560804 3351009.1794887 3694999.4671851 0 0 0 0 0 0 0 0 0                 
point3 101.80099987984 -3963192.2341473 3351011.2763283 3694998.3655394 0 0 0 0 0 0 0 0 0                 
point3 102.00099992752 -3963191.5198103 3351013.3614683 3694997.2732514 0 0 0 0 0 0 0 0 0                 
point3 102.2009999752 -3963190.8079043 3351015.4588532 3694996.1842294 0 0 0 0 0 0 0 0 0                 
point3 102.40100002289 -3963190.0804794 3351017.5743477 3694995.0850761 0 0 0 0 0 0 0 0 0                 
point3 102.60100007057 -3963189.3614244 3351019.6756007 3694993.9845081 0 0 0 0 0 0 0 0 0                 
point3 102.80099987984 -3963188.6465413 3351021.7856772 3694992.8838674 0 0 0 0 0 0 0 0 0                 
point3 103.00099992752 -3963187.9349153 3351023.9225632 3694991.7746324 0 0 0 0 0 0 0 0 0                 
point3 103.2009999752 -3963187.2200293 3351026.0529572 3694990.6628544 0 0 0 0 0 0 0 0 0                 
point3 103.40100002289 -3963186.5036104 3351028.1912788 3694989.5511271 0 0 0 0 0 0 0 0 0                 
point3 103.60100007057 -3963185.7870824 3351030.3467668 3694988.4394651 0 0 0 0 0 0 0 0 0                 
point3 103.80099987984 -3963185.0877773 3351032.5020582 3694987.3351314 0 0 0 0 0 0 0 0 0                 
point3 104.00099992752 -3963184.3830273 3351034.6829502 3694986.2119394 0 0 0 0 0 0 0 0 0                 
point3 104.2009999752 -3963183.6618743 3351036.8652542 3694985.0600114 0 0 0 0 0 0 0 0 0                 
point3 104.40100002289 -3963182.9413304 3351039.0140418 3694983.9299871 0 0 0 0 0 0 0 0 0                 
point3 104.60100007057 -3963182.2305144 3351041.1958028 3694982.8038271 0 0 0 0 0 0 0 0 0                 
point3 104.80099987984 -3963181.5343883 3351043.3871002 3694981.6709664 0 0 0 0 0 0 0 0 0                 
point3 105.00099992752 -3963180.8266283 3351045.5400102 3694980.5462174 0 0 0 0 0 0 0 0 0                 
point3 105.2009999752 -3963180.1154473 3351047.6819892 3694979.4326564 0 0 0 0 0 0 0 0 0                 
point3 105.40100002289 -3963179.4062894 3351049.8165017 3694978.3260951 0 0 0 0 0 0 0 0 0                 
point3 105.60100007057 -3963178.7050024 3351051.9336827 3694977.2280051 0 0 0 0 0 0 0 0 0                 
point3 105.80099987984 -3963178.0064392 3351054.0516822 3694976.1285244 0 0 0 0 0 0 0 0 0                 
point3 106.00099992752 -3963177.3162472 3351056.1651292 3694975.0339414 0 0 0 0 0 0 0 0 0                 
point3 106.2009999752 -3963176.6258632 3351058.2689793 3694973.9441764 0 0 0 0 0 0 0 0 0                 
point3 106.40100002289 -3963175.9401014 3351060.3617137 3694972.8607051 0 0 0 0 0 0 0 0 0                 
point3 106.60100007057 -3963175.2613974 3351062.4406607 3694971.7845181 0 0 0 0 0 0 0 0 0                 
point3 106.80099987984 -3963174.5786752 3351064.5109083 3694970.7079704 0 0 0 0 0 0 0 0 0                 
point3 107.00099992752 -3963173.8913412 3351066.5660453 3694969.6195094 0 0 0 0 0 0 0 0 0                 
point3 107.2009999752 -3963173.2261892 3351068.5895173 3694968.5438014 0 0 0 0 0 0 0 0 0                 
point3 107.40100002289 -3963172.5662305 3351070.6152937 3694967.4649591 0 0 0 0 0 0 0 0 0                 
point3 107.60100007057 -3963171.9123165 3351072.6281136 3694966.3996881 0 0 0 0 0 0 0 0 0                 
point3 107.80099987984 -3963171.2546152 3351074.6289763 3694965.3412394 0 0 0 0 0 0 0 0 0                 
point3 108.00099992752 -3963170.5981242 3351076.6224203 3694964.2910734 0 0 0 0 0 0 0 0 0                 
point3 108.2009999752 -3963169.9439452 3351078.6014423 3694963.2483064 0 0 0 0 0 0 0 0 0                 
point3 108.40100002289 -3963169.2921275 3351080.5685106 3694962.2115562 0 0 0 0 0 0 0 0 0                 
point3 108.60100007057 -3963168.6381385 3351082.5274516 3694961.1835762 0 0 0 0 0 0 0 0 0                 
point3 108.80099987984 -3963167.9869562 3351084.4735833 3694960.1604004 0 0 0 0 0 0 0 0 0                 
point3 109.00099992752 -3963167.3379512 3351086.4081363 3694959.1417324 0 0 0 0 0 0 0 0 0                 
point3 109.2009999752 -3963166.6894762 3351088.3329913 3694958.1285454 0 0 0 0 0 0 0 0 0                 
point3 109.40100002289 -3963166.0445795 3351090.2498746 3694957.1180572 0 0 0 0 0 0 0 0 0                 
point3 109.60100007057 -3963165.3997615 3351092.1645796 3694956.1100622 0 0 0 0 0 0 0 0 0                 
point3 109.80099987984 -3963164.7516582 3351094.0803763 3694955.1028644 0 0 0 0 0 0 0 0 0                 
point3 110.00099992752 -3963164.1032582 3351095.9953703 3694954.0954534 0 0 0 0 0 0 0 0 0                 
point3 110.2009999752 -3963163.4532432 3351097.9095723 3694953.0864524 0 0 0 0 0 0 0 0 0                 
point3 110.40100002289 -3963162.8019435 3351099.8245936 3694952.0769332 0 0 0 0 0 0 0 0 0                 
point3 110.60100007057 -3963162.1492285 3351101.7456446 3694951.0612982 0 0 0 0 0 0 0 0 0                 
point3 110.80099987984 -3963161.4938832 3351103.6765943 3694950.0407804 0 0 0 0 0 0 0 0 0                 
point3 111.00099992752 -3963160.8270502 3351105.6193663 3694949.0156424 0 0 0 0 0 0 0 0 0                 
point3 111.2009999752 -3963160.1555342 3351107.5749093 3694947.9813074 0 0 0 0 0 0 0 0 0                 
point3 111.40100002289 -3963159.4815124 3351109.5399846 3694946.9396571 0 0 0 0 0 0 0 0 0                 
point3 111.60100007057 -3963158.8034114 3351111.5198466 3694945.8894281 0 0 0 0 0 0 0 0 0                 
point3 111.80099987984 -3963158.1252842 3351113.5123193 3694944.8330644 0 0 0 0 0 0 0 0 0                 
point3 112.00099992752 -3963157.4432132 3351115.5207703 3694943.7617984 0 0 0 0 0 0 0 0 0                 
point3 112.2009999752 -3963156.7658112 3351117.5340653 3694942.6809824 0 0 0 0 0 0 0 0 0                 
point3 112.40100002289 -3963156.0866684 3351119.5488967 3694941.5981991 0 0 0 0 0 0 0 0 0                 
point3 112.60100007057 -3963155.3975124 3351121.5690037 3694940.5190101 0 0 0 0 0 0 0 0 0                 
point3 112.80099987984 -3963154.7001122 3351123.5884843 3694939.4411044 0 0 0 0 0 0 0 0 0                 
point3 113.00099992752 -3963154.0026172 3351125.6046643 3694938.3613154 0 0 0 0 0 0 0 0 0                 
point3 113.2009999752 -3963153.3045052 3351127.6156223 3694937.2854314 0 0 0 0 0 0 0 0 0                 
point3 113.40100002289 -3963152.6067294 3351129.6162176 3694936.2137841 0 0 0 0 0 0 0 0 0                 
point3 113.60100007057 -3963151.9166094 3351131.5909436 3694935.1552711 0 0 0 0 0 0 0 0 0                 
point3 113.80099987984 -3963151.2415682 3351133.5306733 3694934.1147714 0 0 0 0 0 0 0 0 0                 
point3 114.00099992752 -3963150.5786302 3351135.4369093 3694933.0942594 0 0 0 0 0 0 0 0 0                 
point3 114.2009999752 -3963149.9259412 3351137.3141503 3694932.0892694 0 0 0 0 0 0 0 0 0                 
point3 114.40100002289 -3963149.2744545 3351139.1832295 3694931.0843812 0 0 0 0 0 0 0 0 0                 
point3 114.60100007057 -3963148.6244625 3351141.0481065 3694930.0766662 0 0 0 0 0 0 0 0 0                 
point3 114.80099987984 -3963147.9795752 3351142.9052503 3694929.0742724 0 0 0 0 0 0 0 0 0                 
point3 115.00099992752 -3963147.3334002 3351144.7574533 3694928.0654824 0 0 0 0 0 0 0 0 0                 
point3 115.2009999752 -3963146.6959172 3351146.6036023 3694927.0629644 0 0 0 0 0 0 0 0 0                 
point3 115.40100002289 -3963146.0581325 3351148.4448885 3694926.0550962 0 0 0 0 0 0 0 0 0                 
point3 115.60100007057 -3963145.4249145 3351150.2799635 3694925.0541552 0 0 0 0 0 0 0 0 0                 
point3 115.80099987984 -3963144.7898442 3351152.1124253 3694924.0472034 0 0 0 0 0 0 0 0 0                 
point3 116.00099992752 -3963144.1595702 3351153.9344923 3694923.0469874 0 0 0 0 0 0 0 0 0                 
point3 116.2009999752 -3963143.5349932 3351155.7525714 3694922.0449184 0 0 0 0 0 0 0 0 0                 
point3 116.40100002289 -3963142.9119525 3351157.5652415 3694921.0498412 0 0 0 0 0 0 0 0 0                 
point3 116.60100007057 -3963142.2810375 3351159.3716065 3694920.0603772 0 0 0 0 0 0 0 0 0                 
point3 116.80099987984 -3963141.6489272 3351161.1712824 3694919.0763984 0 0 0 0 0 0 0 0 0                 
point3 117.00099992752 -3963141.0143262 3351162.9674914 3694918.0972024 0 0 0 0 0 0 0 0 0                 
point3 117.2009999752 -3963140.3772862 3351164.7683344 3694917.1163894 0 0 0 0 0 0 0 0 0                 
point3 117.40100002289 -3963139.7337575 3351166.5769815 3694916.1351752 0 0 0 0 0 0 0 0 0                 
point3 117.60100007057 -3963139.0832135 3351168.3969515 3694915.1490472 0 0 0 0 0 0 0 0 0                 
point3 117.80099987984 -3963138.4244862 3351170.2283753 3694914.1581424 0 0 0 0 0 0 0 0 0                 
point3 118.00099992752 -3963137.7605682 3351172.0652313 3694913.1686464 0 0 0 0 0 0 0 0 0                 
point3 118.2009999752 -3963137.0926412 3351173.9175443 3694912.1753044 0 0 0 0 0 0 0 0 0                 
point3 118.40100002289 -3963136.4169644 3351175.7908286 3694911.1707812 0 0 0 0 0 0 0 0 0                 
point3 118.60100007057 -3963135.7295594 3351177.6780346 3694910.1420302 0 0 0 0 0 0 0 0 0                 
point3 118.80099987984 -3963135.0413142 3351179.5653013 3694909.1077754 0 0 0 0 0 0 0 0 0                 
point3 119.00099992752 -3963134.3414172 3351181.4745153 3694908.0592864 0 0 0 0 0 0 0 0 0                 
point3 119.2009999752 -3963133.6445493 3351183.3992073 3694907.0159164 0 0 0 0 0 0 0 0 0                 
point3 119.40100002289 -3963132.9341624 3351185.3488156 3694905.9557351 0 0 0 0 0 0 0 0 0                 
point3 119.60100007057 -3963132.2225994 3351187.3148636 3694904.8753641 0 0 0 0 0 0 0 0 0                 
point3 119.80099987984 -3963131.5065333 3351189.2853833 3694903.7955274 0 0 0 0 0 0 0 0 0                 
point3 120.00099992752 -3963130.7857483 3351191.2749913 3694902.7173684 0 0 0 0 0 0 0 0 0                 
point3 120.2009999752 -3963130.0558153 3351193.2952083 3694901.6276984 0 0 0 0 0 0 0 0 0                 
point3 120.40100002289 -3963129.3157784 3351195.3182557 3694900.5255581 0 0 0 0 0 0 0 0 0                 
point3 120.60100007057 -3963128.5716534 3351197.3543607 3694899.4155221 0 0 0 0 0 0 0 0 0                 
point3 120.80099987984 -3963127.8204203 3351199.4108203 3694898.2942694 0 0 0 0 0 0 0 0 0                 
point3 121.00099992752 -3963127.0645293 3351201.4737183 3694897.1693824 0 0 0 0 0 0 0 0 0                 
point3 121.2009999752 -3963126.3065383 3351203.5413803 3694896.0420004 0 0 0 0 0 0 0 0 0                 
point3 121.40100002289 -3963125.5446174 3351205.6120807 3694894.9122611 0 0 0 0 0 0 0 0 0                 
point3 121.60100007057 -3963124.7989634 3351207.6786817 3694893.7942501 0 0 0 0 0 0 0 0 0                 
point3 121.80099987984 -3963124.0332923 3351209.7683963 3694892.6420274 0 0 0 0 0 0 0 0 0                 
point3 122.00099992752 -3963123.2673013 3351211.8224713 3694891.4864344 0 0 0 0 0 0 0 0 0                 
point3 122.2009999752 -3963122.4859853 3351213.8817583 3694890.3356724 0 0 0 0 0 0 0 0 0                 
point3 122.40100002289 -3963121.7037224 3351215.9546677 3694889.1908941 0 0 0 0 0 0 0 0 0                 
point3 122.60100007057 -3963120.9282094 3351218.0293127 3694888.0485571 0 0 0 0 0 0 0 0 0                 
point3 122.80099987984 -3963120.1518623 3351220.1119073 3694886.9019794 0 0 0 0 0 0 0 0 0                 
point3 123.00099992752 -3963119.3834583 3351222.1935103 3694885.7552584 0 0 0 0 0 0 0 0 0                 
point3 123.2009999752 -3963118.6168343 3351224.2732723 3694884.6094434 0 0 0 0 0 0 0 0 0                 
point3 123.40100002289 -3963117.8669014 3351226.3497677 3694883.4791701 0 0 0 0 0 0 0 0 0                 
point3 123.60100007057 -3963117.1087534 3351228.4468867 3694882.3504391 0 0 0 0 0 0 0 0 0                 
point3 123.80099987984 -3963116.3377693 3351230.5395123 3694881.2172914 0 0 0 0 0 0 0 0 0                 
point3 124.00099992752 -3963115.5950613 3351232.6236793 3694880.0707234 0 0 0 0 0 0 0 0 0                 
point3 124.2009999752 -3963114.8501453 3351234.7238462 3694878.9099334 0 0 0 0 0 0 0 0 0                 
point3 124.40100002289 -3963114.0865574 3351236.8320827 3694877.72807 0 0 0 0 0 0 0 0 0                 
point3 124.60100007057 -3963113.3295404 3351238.9211737 3694876.547904 0 0 0 0 0 0 0 0 0                 
point3 124.80099987984 -3963112.5717403 3351241.0280282 3694875.3690594 0 0 0 0 0 0 0 0 0                 
point3 125.00099992752 -3963111.7946023 3351243.1488362 3694874.2079594 0 0 0 0 0 0 0 0 0                 
point3 125.2009999752 -3963111.0180573 3351245.2582032 3694873.0567974 0 0 0 0 0 0 0 0 0                 
point3 125.40100002289 -3963110.2569594 3351247.3809077 3694871.895783 0 0 0 0 0 0 0 0 0                 
point3 125.60100007057 -3963109.5066254 3351249.5006647 3694870.72925 0 0 0 0 0 0 0 0 0                 
point3 125.80099987984 -3963108.7518043 3351251.6094042 3694869.5642374 0 0 0 0 0 0 0 0 0                 
point3 126.00099992752 -3963107.9915783 3351253.7121472 3694868.4131394 0 0 0 0 0 0 0 0 0                 
point3 126.2009999752 -3963107.2292333 3351255.8216132 3694867.2595154 0 0 0 0 0 0 0 0 0                 
point3 126.40100002289 -3963106.4768334 3351257.9221977 3694866.099973 0 0 0 0 0 0 0 0 0                 
point3 126.60100007057 -3963105.7244124 3351260.0236457 3694864.933946 0 0 0 0 0 0 0 0 0                 
point3 126.80099987984 -3963104.9634003 3351262.1346742 3694863.7637634 0 0 0 0 0 0 0 0 0                 
point3 127.00099992752 -3963104.2044093 3351264.2500212 3694862.5994604 0 0 0 0 0 0 0 0 0                 
point3 127.2009999752 -3963103.4443853 3351266.3802692 3694861.4229754 0 0 0 0 0 0 0 0 0                 
point3 127.40100002289 -3963102.6864254 3351268.5061587 3694860.247022 0 0 0 0 0 0 0 0 0                 
point3 127.60100007057 -3963101.9317934 3351270.6264438 3694859.08987 0 0 0 0 0 0 0 0 0                 
point3 127.80099987984 -3963101.1708683 3351272.7790502 3694857.9144964 0 0 0 0 0 0 0 0 0                 
point3 128.00099992752 -3963100.4265643 3351274.9205152 3694856.7110724 0 0 0 0 0 0 0 0 0                 
point3 128.2009999752 -3963099.6774273 3351277.0471062 3694855.5053644 0 0 0 0 0 0 0 0 0                 
point3 128.40100002289 -3963098.9218214 3351279.1907008 3694854.300963 0 0 0 0 0 0 0 0 0                 
point3 128.60100007057 -3963098.1661934 3351281.3296308 3694853.117806 0 0 0 0 0 0 0 0 0                 
point3 128.80099987984 -3963097.4052313 3351283.4790672 3694851.9406304 0 0 0 0 0 0 0 0 0                 
point3 129.00099992752 -3963096.6544573 3351285.6318592 3694850.7659874 0 0 0 0 0 0 0 0 0                 
point3 129.2009999752 -3963095.9066623 3351287.7840392 3694849.5814674 0 0 0 0 0 0 0 0 0                 
point3 129.40100002289 -3963095.1584464 3351289.9298238 3694848.397486 0 0 0 0 0 0 0 0 0                 
point3 129.60100007057 -3963094.4055134 3351292.0776798 3694847.213184 0 0 0 0 0 0 0 0 0                 
point3 129.80099987984 -3963093.6478793 3351294.2351262 3694846.0285494 0 0 0 0 0 0 0 0 0                 
point3 130.00099992752 -3963092.8831603 3351296.4028762 3694844.8375194 0 0 0 0 0 0 0 0 0                 
point3 130.2009999752 -3963092.1112943 3351298.5824342 3694843.6375904 0 0 0 0 0 0 0 0 0                 
point3 130.40100002289 -3963091.3307764 3351300.7696938 3694842.442418 0 0 0 0 0 0 0 0 0                 
point3 130.60100007057 -3963090.5410353 3351302.9785108 3694841.238456 0 0 0 0 0 0 0 0 0                 
point3 130.80099987984 -3963089.7497083 3351305.1970052 3694840.0297114 0 0 0 0 0 0 0 0 0                 
point3 131.00099992752 -3963088.9464493 3351307.4245042 3694838.8096974 0 0 0 0 0 0 0 0 0                 
point3 131.2009999752 -3963088.1373513 3351309.6674682 3694837.5901914 0 0 0 0 0 0 0 0 0                 
point3 131.40100002289 -3963087.3258233 3351311.9267579 3694836.366266 0 0 0 0 0 0 0 0 0                 
point3 131.60100007057 -3963086.5108283 3351314.2001949 3694835.136914 0 0 0 0 0 0 0 0 0                 
point3 131.80099987984 -3963085.6969473 3351316.4794092 3694833.8981854 0 0 0 0 0 0 0 0 0                 
point3 132.00099992752 -3963084.8858413 3351318.7619262 3694832.6561354 0 0 0 0 0 0 0 0 0                 
point3 132.2009999752 -3963084.0747083 3351321.0502062 3694831.4280164 0 0 0 0 0 0 0 0 0                 
point3 132.40100002289 -3963083.2514463 3351323.3570889 3694830.212007 0 0 0 0 0 0 0 0 0                 
point3 132.60100007057 -3963082.4192363 3351325.6751809 3694828.989061 0 0 0 0 0 0 0 0 0                 
point3 132.80099987984 -3963081.5896773 3351327.9903182 3694827.7603044 0 0 0 0 0 0 0 0 0                 
point3 133.00099992752 -3963080.7638943 3351330.3185552 3694826.5179894 0 0 0 0 0 0 0 0 0                 
point3 133.2009999752 -3963079.9446983 3351332.6467262 3694825.2777014 0 0 0 0 0 0 0 0 0                 
point3 133.40100002289 -3963079.1268683 3351334.9719149 3694824.036883 0 0 0 0 0 0 0 0 0                 
point3 133.60100007057 -3963078.3242123 3351337.2928819 3694822.793692 0 0 0 0 0 0 0 0 0                 
point3 133.80099987984 -3963077.5252613 3351339.6085672 3694821.5527124 0 0 0 0 0 0 0 0 0                 
point3 134.00099992752 -3963076.7167943 3351341.9191962 3694820.3159564 0 0 0 0 0 0 0 0 0                 
point3 134.2009999752 -3963075.9194623 3351344.2168962 3694819.0866204 0 0 0 0 0 0 0 0 0                 
point3 134.40100002289 -3963075.1342864 3351346.5153549 3694817.851442 0 0 0 0 0 0 0 0 0                 
point3 134.60100007057 -3963074.3510734 3351348.8028029 3694816.622793 0 0 0 0 0 0 0 0 0                 
point3 134.80099987984 -3963073.5635523 3351351.0824862 3694815.4034284 0 0 0 0 0 0 0 0 0                 
point3 135.00099992752 -3963072.7753643 3351353.3574392 3694814.1911434 0 0 0 0 0 0 0 0 0                 
point3 135.2009999752 -3963071.9884803 3351355.6234922 3694812.9807754 0 0 0 0 0 0 0 0 0                 
point3 135.40100002289 -3963071.2051804 3351357.8805779 3694811.776585 0 0 0 0 0 0 0 0 0                 
point3 135.60100007057 -3963070.4207764 3351360.1355649 3694810.575402 0 0 0 0 0 0 0 0 0                 
point3 135.80099987984 -3963069.6354813 3351362.3872502 3694809.3771164 0 0 0 0 0 0 0 0 0                 
point3 136.00099992752 -3963068.8523953 3351364.6380642 3694808.1797194 0 0 0 0 0 0 0 0 0                 
point3 136.2009999752 -3963068.0724003 3351366.8916822 3694806.9826994 0 0 0 0 0 0 0 0 0                 
point3 136.40100002289 -3963067.2934984 3351369.1475809 3694805.786443 0 0 0 0 0 0 0 0 0                 
point3 136.60100007057 -3963066.5088333 3351371.4076389 3694804.590261 0 0 0 0 0 0 0 0 0                 
point3 136.80099987984 -3963065.7176783 3351373.6713512 3694803.3786144 0 0 0 0 0 0 0 0 0                 
point3 137.00099992752 -3963064.9355083 3351375.9188432 3694802.1610134 0 0 0 0 0 0 0 0 0                 
point3 137.2009999752 -3963064.1571023 3351378.1722092 3694800.9414904 0 0 0 0 0 0 0 0 0                 
point3 137.40100002289 -3963063.3797454 3351380.4315639 3694799.721394 0 0 0 0 0 0 0 0 0                 
point3 137.60100007057 -3963062.6078394 3351382.6852919 3694798.497275 0 0 0 0 0 0 0 0 0                 
point3 137.80099987984 -3963061.8359253 3351384.9436972 3694797.2732794 0 0 0 0 0 0 0 0 0                 
point3 138.00099992752 -3963061.0598203 3351387.2031862 3694796.0514344 0 0 0 0 0 0 0 0 0                 
point3 138.2009999752 -3963060.2837013 3351389.4620272 3694794.8382304 0 0 0 0 0 0 0 0 0                 
point3 138.40100002289 -3963059.5044214 3351391.7277229 3694793.626455 0 0 0 0 0 0 0 0 0                 
point3 138.60100007057 -3963058.7277964 3351393.9923249 3694792.416862 0 0 0 0 0 0 0 0 0                 
point3 138.80099987984 -3963057.9487273 3351396.2565262 3694791.2111774 0 0 0 0 0 0 0 0 0                 
point3 139.00099992752 -3963057.1719023 3351398.5226332 3694790.0066944 0 0 0 0 0 0 0 0 0                 
point3 139.2009999752 -3963056.3933053 3351400.7880072 3694788.8054884 0 0 0 0 0 0 0 0 0                 
point3 139.40100002289 -3963055.6141094 3351403.0473629 3694787.605727 0 0 0 0 0 0 0 0 0                 
point3 139.60100007057 -3963054.8373134 3351405.2985529 3694786.413883 0 0 0 0 0 0 0 0 0                 
point3 139.80099987984 -3963054.0580763 3351407.5512062 3694785.2300554 0 0 0 0 0 0 0 0 0                 
point3 140.00099992752 -3963053.2730863 3351409.8123782 3694784.0401584 0 0 0 0 0 0 0 0 0                 
point3 140.2009999752 -3963052.4900553 3351412.0684222 3694782.8524524 0 0 0 0 0 0 0 0 0                 
point3 140.40100002289 -3963051.6986113 3351414.3374789 3694781.662137 0 0 0 0 0 0 0 0 0                 
point3 140.60100007057 -3963050.9005963 3351416.6116649 3694780.47164 0 0 0 0 0 0 0 0 0                 
point3 140.80099987984 -3963050.0993783 3351418.8868142 3694779.2796374 0 0 0 0 0 0 0 0 0                 
point3 141.00099992752 -3963049.2939723 3351421.1722582 3694778.0870304 0 0 0 0 0 0 0 0 0                 
point3 141.2009999752 -3963048.4876843 3351423.4648532 3694776.8892044 0 0 0 0 0 0 0 0 0                 
point3 141.40100002289 -3963047.6861923 3351425.7530359 3694775.692333 0 0 0 0 0 0 0 0 0                 
point3 141.60100007057 -3963046.8831583 3351428.0412569 3694774.500963 0 0 0 0 0 0 0 0 0                 
point3 141.80099987984 -3963046.0738523 3351430.3308102 3694773.3143974 0 0 0 0 0 0 0 0 0                 
point3 142.00099992752 -3963045.2643613 3351432.6103812 3694772.1341094 0 0 0 0 0 0 0 0 0                 
point3 142.2009999752 -3963044.4568723 3351434.8859632 3694770.9575464 0 0 0 0 0 0 0 0 0                 
point3 142.40100002289 -3963043.6507513 3351437.1577489 3694769.786133 0 0 0 0 0 0 0 0 0                 
point3 142.60100007057 -3963042.8415713 3351439.4239749 3694768.611739 0 0 0 0 0 0 0 0 0                 
point3 142.80099987984 -3963042.0391393 3351441.6751302 3694767.4393004 0 0 0 0 0 0 0 0 0                 
point3 143.00099992752 -3963041.2528523 3351443.9192682 3694766.2606284 0 0 0 0 0 0 0 0 0                 
point3 143.2009999752 -3963040.4868993 3351446.1505382 3694765.0867364 0 0 0 0 0 0 0 0 0                 
point3 143.40100002289 -3963039.7253874 3351448.3778058 3694763.912735 0 0 0 0 0 0 0 0 0                 
point3 143.60100007057 -3963038.9651264 3351450.5956758 3694762.739927 0 0 0 0 0 0 0 0 0                 
point3 143.80099987984 -3963038.2112253 3351452.8115932 3694761.5645154 0 0 0 0 0 0 0 0 0                 
point3 144.00099992752 -3963037.4558163 3351455.0301872 3694760.3881154 0 0 0 0 0 0 0 0 0                 
point3 144.2009999752 -3963036.6963673 3351457.2472762 3694759.2104294 0 0 0 0 0 0 0 0 0                 
point3 144.40100002289 -3963035.9297424 3351459.4626878 3694758.036825 0 0 0 0 0 0 0 0 0                 
point3 144.60100007057 -3963035.1577474 3351461.6803938 3694756.864661 0 0 0 0 0 0 0 0 0                 
point3 144.80099987984 -3963034.3883653 3351463.9006272 3694755.6954534 0 0 0 0 0 0 0 0 0                 
point3 145.00099992752 -3963033.6222763 3351466.1266342 3694754.5260674 0 0 0 0 0 0 0 0 0                 
point3 145.2009999752 -3963032.8559463 3351468.3534252 3694753.3599944 0 0 0 0 0 0 0 0 0                 
point3 145.40100002289 -3963032.0837084 3351470.5769908 3694752.2015391 0 0 0 0 0 0 0 0 0                 
point3 145.60100007057 -3963031.3041964 3351472.7935618 3694751.04932 0 0 0 0 0 0 0 0 0                 
point3 145.80099987984 -3963030.5256233 3351475.0013732 3694749.8970734 0 0 0 0 0 0 0 0 0                 
point3 146.00099992752 -3963029.7503243 3351477.1951562 3694748.7540264 0 0 0 0 0 0 0 0 0                 
point3 146.2009999752 -3963028.9726823 3351479.3859282 3694747.6214874 0 0 0 0 0 0 0 0 0                 
point3 146.40100002289 -3963028.1876383 3351481.5683818 3694746.5015251 0 0 0 0 0 0 0 0 0                 
point3 146.60100007057 -3963027.3950453 3351483.7417248 3694745.3887881 0 0 0 0 0 0 0 0 0                 
point3 146.80099987984 -3963026.6049603 3351485.9042002 3694744.2891254 0 0 0 0 0 0 0 0 0                 
point3 147.00099992752 -3963025.8160413 3351488.0637762 3694743.1966704 0 0 0 0 0 0 0 0 0                 
point3 147.2009999752 -3963025.0228183 3351490.2165212 3694742.1132294 0 0 0 0 0 0 0 0 0                 
point3 147.40100002289 -3963024.2264133 3351492.3583888 3694741.0416781 0 0 0 0 0 0 0 0 0                 
point3 147.60100007057 -3963023.4296113 3351494.4945618 3694739.9799161 0 0 0 0 0 0 0 0 0                 
point3 147.80099987984 -3963022.6321763 3351496.6249152 3694738.9261724 0 0 0 0 0 0 0 0 0                 
point3 148.00099992752 -3963021.8249663 3351498.7462742 3694737.8819944 0 0 0 0 0 0 0 0 0                 
point3 148.2009999752 -3963021.0192863 3351500.8584342 3694736.8424984 0 0 0 0 0 0 0 0 0                 
point3 148.40100002289 -3963020.2158843 3351502.9641987 3694735.8013011 0 0 0 0 0 0 0 0 0                 
point3 148.60100007057 -3963019.4141033 3351505.0603467 3694734.7625051 0 0 0 0 0 0 0 0 0                 
point3 148.80099987984 -3963018.6137963 3351507.1491433 3694733.7223824 0 0 0 0 0 0 0 0 0                 
point3 149.00099992752 -3963017.8154183 3351509.2372273 3694732.6773554 0 0 0 0 0 0 0 0 0                 
point3 149.2009999752 -3963017.0186223 3351511.3234463 3694731.6269294 0 0 0 0 0 0 0 0 0                 
point3 149.40100002289 -3963016.2235283 3351513.4140787 3694730.5721201 0 0 0 0 0 0 0 0 0                 
point3 149.60100007057 -3963015.4296323 3351515.5118277 3694729.5144921 0 0 0 0 0 0 0 0 0                 
point3 149.80099987984 -3963014.6350063 3351517.6187562 3694728.4511734 0 0 0 0 0 0 0 0 0                 
point3 150.00099992752 -3963013.8366963 3351519.7310752 3694727.3848504 0 0 0 0 0 0 0 0 0                 
point3 150.2009999752 -3963013.0371223 3351521.8476962 3694726.3150544 0 0 0 0 0 0 0 0 0                 
point3 150.40100002289 -3963012.2426504 3351523.9688438 3694725.2468671 0 0 0 0 0 0 0 0 0                 
point3 150.60100007057 -3963011.4539894 3351526.0999948 3694724.1815801 0 0 0 0 0 0 0 0 0                 
point3 150.80099987984 -3963010.6733123 3351528.2406372 3694723.1185554 0 0 0 0 0 0 0 0 0                 
point3 151.00099992752 -3963009.8973223 3351530.3908572 3694722.0457074 0 0 0 0 0 0 0 0 0                 
point3 151.2009999752 -3963009.1214033 3351532.5409402 3694720.9660924 0 0 0 0 0 0 0 0 0                 
point3 151.40100002289 -3963008.3406694 3351534.6899678 3694719.8855101 0 0 0 0 0 0 0 0 0                 
point3 151.60100007057 -3963007.5512133 3351536.8453098 3694718.8074931 0 0 0 0 0 0 0 0 0                 
point3 151.80099987984 -3963006.7528613 3351539.0074132 3694717.7231994 0 0 0 0 0 0 0 0 0                 
point3 152.00099992752 -3963005.9477853 3351541.1665102 3694716.6212234 0 0 0 0 0 0 0 0 0                 
point3 152.2009999752 -3963005.1689383 3351543.3076652 3694715.5262864 0 0 0 0 0 0 0 0 0                 
point3 152.40100002289 -3963004.3990784 3351545.4651958 3694714.4210521 0 0 0 0 0 0 0 0 0                 
point3 152.60100007057 -3963003.6346734 3351547.6192208 3694713.3119381 0 0 0 0 0 0 0 0 0                 
point3 152.80099987984 -3963002.8714113 3351549.7632262 3694712.1975064 0 0 0 0 0 0 0 0 0                 
point3 153.00099992752 -3963002.1158483 3351551.9098402 3694711.0752284 0 0 0 0 0 0 0 0 0                 
point3 153.2009999752 -3963001.3657753 3351554.0565942 3694709.9376004 0 0 0 0 0 0 0 0 0                 
point3 153.40100002289 -3963000.6210804 3351556.1940038 3694708.7983871 0 0 0 0 0 0 0 0 0                 
point3 153.60100007057 -3962999.8796184 3351558.3374388 3694707.6554881 0 0 0 0 0 0 0 0 0                 
point3 153.80099987984 -3962999.1463203 3351560.4851362 3694706.5127994 0 0 0 0 0 0 0 0 0                 
point3 154.00099992752 -3962998.4085013 3351562.6319282 3694705.3753544 0 0 0 0 0 0 0 0 0                 
point3 154.2009999752 -3962997.6676413 3351564.7780412 3694704.2486954 0 0 0 0 0 0 0 0 0                 
point3 154.40100002289 -3962996.9387794 3351566.9279788 3694703.1269631 0 0 0 0 0 0 0 0 0                 
point3 154.60100007057 -3962996.2156294 3351569.0811108 3694702.0004971 0 0 0 0 0 0 0 0 0                 
point3 154.80099987984 -3962995.5015093 3351571.2198812 3694700.8803954 0 0 0 0 0 0 0 0 0                 
point3 155.00099992752 -3962994.7833993 3351573.3558492 3694699.7596954 0 0 0 0 0 0 0 0 0                 
point3 155.2009999752 -3962994.0590433 3351575.4811622 3694698.6399164 0 0 0 0 0 0 0 0 0                 
point3 155.40100002289 -3962993.3260274 3351577.5901987 3694697.5234371 0 0 0 0 0 0 0 0 0                 
point3 155.60100007057 -3962992.5940274 3351579.6866547 3694696.4129681 0 0 0 0 0 0 0 0 0                 
point3 155.80099987984 -3962991.8611843 3351581.7761123 3694695.3080044 0 0 0 0 0 0 0 0 0                 
point3 156.00099992752 -3962991.1406853 3351583.8564843 3694694.2095944 0 0 0 0 0 0 0 0 0                 
point3 156.2009999752 -3962990.4195963 3351585.9324353 3694693.1088174 0 0 0 0 0 0 0 0 0                 
point3 156.40100002289 -3962989.6985864 3351587.9951697 3694692.0157801 0 0 0 0 0 0 0 0 0                 
point3 156.60100007057 -3962988.9733684 3351590.0485707 3694690.9314551 0 0 0 0 0 0 0 0 0                 
point3 156.80099987984 -3962988.2503923 3351592.0992883 3694689.8433594 0 0 0 0 0 0 0 0 0                 
point3 157.00099992752 -3962987.5303303 3351594.1334123 3694688.7544024 0 0 0 0 0 0 0 0 0                 
point3 157.2009999752 -3962986.8157223 3351596.1534823 3694687.6775404 0 0 0 0 0 0 0 0 0                 
point3 157.40100002289 -3962986.1014614 3351598.1651456 3694686.6106571 0 0 0 0 0 0 0 0 0                 
point3 157.60100007057 -3962985.3953204 3351600.1446756 3694685.5651071 0 0 0 0 0 0 0 0 0                 
point3 157.80099987984 -3962984.7042402 3351602.0888623 3694684.5347534 0 0 0 0 0 0 0 0 0                 
point3 158.00099992752 -3962984.0360222 3351603.9926093 3694683.5303314 0 0 0 0 0 0 0 0 0                 
point3 158.2009999752 -3962983.3848882 3351605.8668313 3694682.5401293 0 0 0 0 0 0 0 0 0                 
point3 158.40100002289 -3962982.7428165 3351607.7016125 3694681.5715142 0 0 0 0 0 0 0 0 0                 
point3 158.60100007057 -3962982.1112755 3351609.4917944 3694680.6265152 0 0 0 0 0 0 0 0 0                 
point3 158.80099987984 -3962981.4839692 3351611.2461344 3694679.7101863 0 0 0 0 0 0 0 0 0                 
point3 159.00099992752 -3962980.8632202 3351612.9827914 3694678.7966723 0 0 0 0 0 0 0 0 0                 
point3 159.2009999752 -3962980.2466982 3351614.6731104 3694677.9148403 0 0 0 0 0 0 0 0 0                 
point3 159.40100002289 -3962979.6211525 3351616.3545814 3694677.0514783 0 0 0 0 0 0 0 0 0                 
point3 159.60100007057 -3962978.9932615 3351618.0274234 3694676.2084183 0 0 0 0 0 0 0 0 0                 
point3 159.80099987984 -3962978.3665892 3351619.6892684 3694675.3747863 0 0 0 0 0 0 0 0 0                 
point3 160.00099992752 -3962977.7446002 3351621.3404044 3694674.5572293 0 0 0 0 0 0 0 0 0                 
point3 160.2009999752 -3962977.1220592 3351622.9789894 3694673.7705083 0 0 0 0 0 0 0 0 0                 
point3 160.40100002289 -3962976.4863245 3351624.6187943 3694672.9948444 0 0 0 0 0 0 0 0 0                 
point3 160.60100007057 -3962975.8302495 3351626.2505263 3694672.2213944 0 0 0 0 0 0 0 0 0                 
point3 160.80099987984 -3962975.1799152 3351627.8450674 3694671.4680313 0 0 0 0 0 0 0 0 0                 
point3 161.00099992752 -3962974.5192842 3351629.4189504 3694670.7392513 0 0 0 0 0 0 0 0 0                 
point3 161.2009999752 -3962973.8577952 3351630.9839194 3694670.0338512 0 0 0 0 0 0 0 0 0                 
point3 161.40100002289 -3962973.1986185 3351632.5202762 3694669.3480374 0 0 0 0 0 0 0 0 0                 
point3 161.60100007057 -3962972.5435745 3351634.0279332 3694668.6800265 0 0 0 0 0 0 0 0 0                 
point3 161.80099987984 -3962971.9034692 3351635.5054675 3694668.0295912 0 0 0 0 0 0 0 0 0                 
point3 162.00099992752 -3962971.2806212 3351636.9546045 3694667.3889032 0 0 0 0 0 0 0 0 0                 
point3 162.2009999752 -3962970.6660542 3351638.3931435 3694666.7514472 0 0 0 0 0 0 0 0 0                 
point3 162.40100002289 -3962970.0581785 3351639.8175542 3694666.1213625 0 0 0 0 0 0 0 0 0                 
point3 162.60100007057 -3962969.4557165 3351641.2235601 3694665.4953935 0 0 0 0 0 0 0 0 0                 
point3 162.80099987984 -3962968.8616682 3351642.6090375 3694664.8766212 0 0 0 0 0 0 0 0 0                 
point3 163.00099992752 -3962968.2783642 3351643.9698135 3694664.2626402 0 0 0 0 0 0 0 0 0                 
point3 163.2009999752 -3962967.7177662 3351645.3065905 3694663.6501372 0 0 0 0 0 0 0 0 0                 
point3 163.40100002289 -3962967.1743506 3351646.6188751 3694663.0388585 0 0 0 0 0 0 0 0 0                 
point3 163.60100007057 -3962966.6505286 3351647.906746 3694662.4342215 0 0 0 0 0 0 0 0 0                 
point3 163.80099987984 -3962966.1373612 3351649.1702296 3694661.8386312 0 0 0 0 0 0 0 0 0                 
point3 164.00099992752 -3962965.6370952 3351650.4110116 3694661.2459672 0 0 0 0 0 0 0 0 0                 
point3 164.2009999752 -3962965.1596642 3351651.6249616 3694660.6599622 0 0 0 0 0 0 0 0 0                 
point3 164.40100002289 -3962964.6955486 3351652.811337 3694660.0746165 0 0 0 0 0 0 0 0 0                 
point3 164.60100007057 -3962964.2508626 3351653.9693319 3694659.5000635 0 0 0 0 0 0 0 0 0                 
point3 164.80099987984 -3962963.8281681 3351655.0836106 3694658.9366392 0 0 0 0 0 0 0 0 0                 
point3 165.00099992752 -3962963.4275821 3351656.1546876 3694658.3899392 0 0 0 0 0 0 0 0 0                 
point3 165.2009999752 -3962963.0493861 3351657.1805596 3694657.8618222 0 0 0 0 0 0 0 0 0                 
point3 165.40100002289 -3962962.6919847 3351658.1603158 3694657.3523396 0 0 0 0 0 0 0 0 0                 
point3 165.60100007057 -3962962.3528817 3351659.0900457 3694656.8668826 0 0 0 0 0 0 0 0 0                 
point3 165.80099987984 -3962962.0348961 3351659.9646697 3694656.4111152 0 0 0 0 0 0 0 0 0                 
point3 166.00099992752 -3962961.7394941 3351660.7848037 3694655.9812451 0 0 0 0 0 0 0 0 0                 
point3 166.2009999752 -3962961.4620741 3351661.5532747 3694655.5764581 0 0 0 0 0 0 0 0 0                 
point3 166.40100002289 -3962961.2023698 3351662.2772686 3694655.1936607 0 0 0 0 0 0 0 0 0                 
point3 166.60100007057 -3962960.9613658 3351662.9606635 3694654.8308667 0 0 0 0 0 0 0 0 0                 
point3 166.80099987984 -3962960.7372211 3351663.6033678 3694654.4879501 0 0 0 0 0 0 0 0 0                 
point3 167.00099992752 -3962960.5255971 3351664.2071758 3694654.1636531 0 0 0 0 0 0 0 0 0                 
point3 167.2009999752 -3962960.3291801 3351664.7717648 3694653.8600701 0 0 0 0 0 0 0 0 0                 
point3 167.40100002289 -3962960.1485539 3351665.2945564 3694653.5792718 0 0 0 0 0 0 0 0 0                 
point3 167.60100007057 -3962959.9834229 3351665.7744414 3694653.3199888 0 0 0 0 0 0 0 0 0                 
point3 167.80099987984 -3962959.831903 3351666.2119209 3694653.0838071 0 0 0 0 0 0 0 0 0                 
point3 168.00099992752 -3962959.69739 3351666.6041869 3694652.8716311 0 0 0 0 0 0 0 0 0                 
point3 168.2009999752 -3962959.579057 3351666.9500599 3694652.6844551 0 0 0 0 0 0 0 0 0                 
point3 168.40100002289 -3962959.4743399 3351667.2498202 3694652.5222919 0 0 0 0 0 0 0 0 0                 
point3 168.60100007057 -3962959.3862189 3351667.5025062 3694652.3861999 0 0 0 0 0 0 0 0 0                 
point3 168.80099987984 -3962959.31369 3351667.7136059 3694652.271508 0 0 0 0 0 0 0 0 0                 
point3 169.00099992752 -3962959.254953 3351667.8844089 3694652.178817 0 0 0 0 0 0 0 0 0                 
point3 169.2009999752 -3962959.209018 3351668.016726 3694652.107619 0 0 0 0 0 0 0 0 0                 
point3 169.40100002289 -3962959.175573 3351668.1136751 3694652.055699 0 0 0 0 0 0 0 0 0                 
point3 169.60100007057 -3962959.152204 3351668.183085 3694652.018547 0 0 0 0 0 0 0 0 0                 
point3 169.80099987984 -3962959.133515 3351668.237643 3694651.98917 0 0 0 0 0 0 0 0 0                 
point3 170.00099992752 -3962959.116812 3351668.285846 3694651.96357 0 0 0 0 0 0 0 0 0                 
point3 170.2009999752 -3962959.098807 3351668.33627 3694651.936755 0 0 0 0 0 0 0 0 0                 
point3 170.40100002289 -3962959.080103 3351668.390579 3694651.90765 0 0 0 0 0 0 0 0 0                 
point3 170.60100007057 -3962959.060601 3351668.446581 3694651.877651 0 0 0 0 0 0 0 0 0                 
point3 170.80099987984 -3962959.041004 3351668.502477 3694651.84785 0 0 0 0 0 0 0 0 0                 
point3 171.00099992752 -3962959.021805 3351668.55767 3694651.818055 0 0 0 0 0 0 0 0 0                 
point3 171.2009999752 -3962959.003013 3351668.610744 3694651.789568 0 0 0 0 0 0 0 0 0                 
point3 171.40100002289 -3962958.98653 3351668.657303 3694651.764591 0 0 0 0 0 0 0 0 0                 
point3 171.60100007057 -3962958.97304 3351668.69638 3694651.743504 0 0 0 0 0 0 0 0 0                 
point3 171.80099987984 -3962958.960933 3351668.733 3694651.723892 0 0 0 0 0 0 0 0 0                 
point3 172.00099992752 -3962958.947127 3351668.774016 3694651.701582 0 0 0 0 0 0 0 0 0                 
point3 172.2009999752 -3962958.932426 3351668.817411 3694651.677985 0 0 0 0 0 0 0 0 0                 
point3 172.40100002289 -3962958.918341 3351668.858176 3694651.655904 0 0 0 0 0 0 0 0 0                 
point3 172.60100007057 -3962958.907359 3351668.890823 3694651.638033 0 0 0 0 0 0 0 0 0                 
point3 172.80099987984 -3962958.900085 3351668.91204 3694651.626479 0 0 0 0 0 0 0 0 0                 
point3 173.00099992752 -3962958.898501 3351668.916001 3694651.6244 0 0 0 0 0 0 0 0 0                 
point3 173.2009999752 -3962958.899607 3351668.916906 3694651.625307 0 0 0 0 0 0 0 0 0                 
point3 173.40100002289 -3962958.899896 3351668.917196 3694651.625497 0 0 0 0 0 0 0 0 0                 
point3 173.60100007057 -3962958.899602 3351668.916902 3694651.625302 0 0 0 0 0 0 0 0 0                 
point3 173.80099987984 -3962958.899699 3351668.916999 3694651.625399 0 0 0 0 0 0 0 0 0                 
point3 174.00099992752 -3962958.8997 3351668.917 3694651.6254 0 0 0 0 0 0 0 0 0                 
point3 174.2009999752 -3962958.899799 3351668.917 3694651.6254 0 0 0 0 0 0 0 0 0                 
point3 174.40100002289 -3962958.8997 3351668.917001 3694651.6255 0 0 0 0 0 0 0 0 0                 
point3 174.60100007057 -3962958.8996 3351668.917001 3694651.625401 0 0 0 0 0 0 0 0 0                 
point3 174.80099987984 -3962958.899598 3351668.9171 3694651.625702 0 0 0 0 0 0 0 0 0                 
point3 175.00099992752 -3962958.89889 3351668.917931 3694651.625785 0 0 0 0 0 0 0 0 0                 
point3 175.2009999752 -3962958.895258 3351668.928419 3694651.620236 0 0 0 0 0 0 0 0 0                 
point3 175.40100002289 -3962958.885535 3351668.956291 3694651.6055 0 0 0 0 0 0 0 0 0                 
point3 175.60100007057 -3962958.871211 3351668.997657 3694651.583562 0 0 0 0 0 0 0 0 0                 
point3 175.80099987984 -3962958.852083 3351669.052837 3694651.553919 0 0 0 0 0 0 0 0 0                 
point3 176.00099992752 -3962958.827254 3351669.12442 3694651.515373 0 0 0 0 0 0 0 0 0                 
point3 176.2009999752 -3962958.796524 3351669.212601 3694651.467829 0 0 0 0 0 0 0 0 0                 
point3 176.40100002289 -3962958.759999 3351669.3169821 3694651.4113859 0 0 0 0 0 0 0 0 0                 
point3 176.60100007057 -3962958.718473 3351669.4371591 3694651.3466439 0 0 0 0 0 0 0 0 0                 
point3 176.80099987984 -3962958.671739 3351669.5735609 3694651.272789 0 0 0 0 0 0 0 0 0                 
point3 177.00099992752 -3962958.617081 3351669.7337529 3694651.186796 0 0 0 0 0 0 0 0 0                 
point3 177.2009999752 -3962958.548678 3351669.9390599 3694651.07823 0 0 0 0 0 0 0 0 0                 
point3 177.40100002289 -3962958.4577539 3351670.2076713 3694650.9348589 0 0 0 0 0 0 0 0 0                 
point3 177.60100007057 -3962958.3432629 3351670.5351153 3694650.7594268 0 0 0 0 0 0 0 0 0                 
point3 177.80099987984 -3962958.2124931 3351670.9085189 3694650.5592151 0 0 0 0 0 0 0 0 0                 
point3 178.00099992752 -3962958.0680271 3351671.3230208 3694650.3365091 0 0 0 0 0 0 0 0 0                 
point3 178.2009999752 -3962957.9103661 3351671.7757868 3694650.0943361 0 0 0 0 0 0 0 0 0                 
point3 178.40100002289 -3962957.7393748 3351672.2639374 3694649.8360108 0 0 0 0 0 0 0 0 0                 
point3 178.60100007057 -3962957.5481618 3351672.8079575 3694649.5496417 0 0 0 0 0 0 0 0 0                 
point3 178.80099987984 -3962957.3351671 3351673.4130218 3694649.2289871 0 0 0 0 0 0 0 0 0                 
point3 179.00099992752 -3962957.1030661 3351674.0701598 3694648.8805701 0 0 0 0 0 0 0 0 0                 
point3 179.2009999752 -3962956.8522011 3351674.7706277 3694648.5102821 0 0 0 0 0 0 0 0 0                 
point3 179.40100002289 -3962956.5894498 3351675.5049966 3694648.1219967 0 0 0 0 0 0 0 0 0                 
point3 179.60100007057 -3962956.3159818 3351676.2723496 3694647.7165097 0 0 0 0 0 0 0 0 0                 
point3 179.80099987984 -3962956.0306481 3351677.0683577 3694647.2947452 0 0 0 0 0 0 0 0 0                 
point3 180.00099992752 -3962955.7400341 3351677.8836337 3694646.8618052 0 0 0 0 0 0 0 0 0                 
point3 180.2009999752 -3962955.4446721 3351678.7160687 3694646.4207512 0 0 0 0 0 0 0 0 0                 
point3 180.40100002289 -3962955.1353127 3351679.5790307 3694645.9660516 0 0 0 0 0 0 0 0 0                 
point3 180.60100007057 -3962954.8165797 3351680.4719788 3694645.4931816 0 0 0 0 0 0 0 0 0                 
point3 180.80099987984 -3962954.4878961 3351681.3969677 3694645.0048902 0 0 0 0 0 0 0 0 0                 
point3 181.00099992752 -3962954.1436361 3351682.3593316 3694644.4975012 0 0 0 0 0 0 0 0 0                 
point3 181.2009999752 -3962953.7879721 3351683.3546116 3694643.9732142 0 0 0 0 0 0 0 0 0                 
point3 181.40100002289 -3962953.4199287 3351684.3853729 3694643.4313275 0 0 0 0 0 0 0 0 0                 
point3 181.60100007057 -3962953.0454907 3351685.4484419 3694642.8713195 0 0 0 0 0 0 0 0 0                 
point3 181.80099987984 -3962952.6614491 3351686.5438756 3694642.2929642 0 0 0 0 0 0 0 0 0                 
point3 182.00099992752 -3962952.2702411 3351687.6643546 3694641.7028202 0 0 0 0 0 0 0 0 0                 
point3 182.2009999752 -3962951.8773211 3351688.7978086 3694641.1055922 0 0 0 0 0 0 0 0 0                 
point3 182.40100002289 -3962951.4814177 3351689.9425569 3694640.5025775 0 0 0 0 0 0 0 0 0                 
point3 182.60100007057 -3962951.0845027 3351691.096094 3694639.8969545 0 0 0 0 0 0 0 0 0                 
point3 182.80099987984 -3962950.6860281 3351692.2559236 3694639.2870362 0 0 0 0 0 0 0 0 0                 
point3 183.00099992752 -3962950.2920361 3351693.4211226 3694638.6740332 0 0 0 0 0 0 0 0 0                 
point3 183.2009999752 -3962949.9011611 3351694.5859246 3694638.0599282 0 0 0 0 0 0 0 0 0                 
point3 183.40100002289 -3962949.5145777 3351695.750108 3694637.4464325 0 0 0 0 0 0 0 0 0                 
point3 183.60100007057 -3962949.1311957 3351696.910788 3694636.8331565 0 0 0 0 0 0 0 0 0                 
point3 183.80099987984 -3962948.7508861 3351698.0674696 3694636.2252652 0 0 0 0 0 0 0 0 0                 
point3 184.00099992752 -3962948.3689071 3351699.2200576 3694635.6195682 0 0 0 0 0 0 0 0 0                 
point3 184.2009999752 -3962947.9911091 3351700.3724656 3694635.0125652 0 0 0 0 0 0 0 0 0                 
point3 184.40100002289 -3962947.6128157 3351701.526484 3694634.4042415 0 0 0 0 0 0 0 0 0                 
point3 184.60100007057 -3962947.2371147 3351702.683811 3694633.7936335 0 0 0 0 0 0 0 0 0                 
point3 184.80099987984 -3962946.8597091 3351703.8492786 3694633.1776992 0 0 0 0 0 0 0 0 0                 
point3 185.00099992752 -3962946.4807011 3351705.0294456 3694632.5551592 0 0 0 0 0 0 0 0 0                 
point3 185.2009999752 -3962946.1001871 3351706.2198676 3694631.9264392 0 0 0 0 0 0 0 0 0                 
point3 185.40100002289 -3962945.7175877 3351707.413456 3694631.2942515 0 0 0 0 0 0 0 0 0                 
point3 185.60100007057 -3962945.3366947 3351708.602408 3694630.6655675 0 0 0 0 0 0 0 0 0                 
point3 185.80099987984 -3962944.9561321 3351709.7794136 3694630.0424282 0 0 0 0 0 0 0 0 0                 
point3 186.00099992752 -3962944.5802351 3351710.9386436 3694629.4295562 0 0 0 0 0 0 0 0 0                 
point3 186.2009999752 -3962944.1956141 3351712.0829566 3694628.8232992 0 0 0 0 0 0 0 0 0                 
point3 186.40100002289 -3962943.8634117 3351713.2093579 3694628.2235195 0 0 0 0 0 0 0 0 0                 
point3 186.60100007057 -3962943.5184667 3351714.3190549 3694627.6313595 0 0 0 0 0 0 0 0 0                 
point3 186.80099987984 -3962943.1756801 3351715.4279866 3694627.0464022 0 0 0 0 0 0 0 0 0                 
point3 187.00099992752 -3962942.8301931 3351716.5181556 3694626.4716892 0 0 0 0 0 0 0 0 0                 
point3 187.2009999752 -3962942.4895091 3351717.5879056 3694625.9099242 0 0 0 0 0 0 0 0 0                 
point3 187.40100002289 -3962942.1526997 3351718.6453679 3694625.3581305 0 0 0 0 0 0 0 0 0                 
point3 187.60100007057 -3962941.8128057 3351719.6976229 3694624.8047615 0 0 0 0 0 0 0 0 0                 
point3 187.80099987984 -3962941.4760161 3351720.7386366 3694624.2605362 0 0 0 0 0 0 0 0 0                 
point3 188.00099992752 -3962941.1356571 3351721.7594306 3694623.7332342 0 0 0 0 0 0 0 0 0                 
point3 188.2009999752 -3962940.7861701 3351722.7643166 3694623.2214732 0 0 0 0 0 0 0 0 0                 
point3 188.40100002289 -3962940.4398497 3351723.7661758 3694622.7210696 0 0 0 0 0 0 0 0 0                 
point3 188.60100007057 -3962940.0863687 3351724.7572988 3694622.2405896 0 0 0 0 0 0 0 0 0                 
point3 188.80099987984 -3962939.7164101 3351725.7340507 3694621.7851982 0 0 0 0 0 0 0 0 0                 
point3 189.00099992752 -3962939.3362581 3351726.7018997 3694621.3498161 0 0 0 0 0 0 0 0 0                 
point3 189.2009999752 -3962938.9420401 3351727.6591437 3694620.9405561 0 0 0 0 0 0 0 0 0                 
point3 189.40100002289 -3962938.5254486 3351728.6043728 3694620.5592107 0 0 0 0 0 0 0 0 0                 
point3 189.60100007057 -3962938.0895406 3351729.5351018 3694620.2092717 0 0 0 0 0 0 0 0 0                 
point3 189.80099987984 -3962937.6323272 3351730.4513157 3694619.8927671 0 0 0 0 0 0 0 0 0                 
point3 190.00099992752 -3962937.1509902 3351731.3499297 3694619.6167761 0 0 0 0 0 0 0 0 0                 
point3 190.2009999752 -3962936.6404092 3351732.2314357 3694619.3847431 0 0 0 0 0 0 0 0 0                 
point3 190.40100002289 -3962936.0921315 3351733.0927197 3694619.2075219 0 0 0 0 0 0 0 0 0                 
point3 190.60100007057 -3962935.5094755 3351733.9296867 3694619.0842639 0 0 0 0 0 0 0 0 0                 
point3 190.80099987984 -3962934.8981462 3351734.7408737 3694619.007977 0 0 0 0 0 0 0 0 0                 
point3 191.00099992752 -3962934.2624622 3351735.5309707 3694618.973466 0 0 0 0 0 0 0 0 0                 
point3 191.2009999752 -3962933.6119012 3351736.3002657 3694618.973612 0 0 0 0 0 0 0 0 0                 
point3 191.40100002289 -3962932.9487294 3351737.0473336 3694619.004997 0 0 0 0 0 0 0 0 0                 
point3 191.60100007057 -3962932.2703504 3351737.7666286 3694619.0751571 0 0 0 0 0 0 0 0 0                 
point3 191.80099987984 -3962931.5824732 3351738.4683468 3694619.173286 0 0 0 0 0 0 0 0 0                 
point3 192.00099992752 -3962930.8952623 3351739.1528908 3694619.2984079 0 0 0 0 0 0 0 0 0                 
point3 192.2009999752 -3962930.1818433 3351739.8012238 3694619.4729269 0 0 0 0 0 0 0 0 0                 
point3 192.40100002289 -3962929.4483304 3351740.4245885 3694619.6828472 0 0 0 0 0 0 0 0 0                 
point3 192.60100007057 -3962928.7127454 3351741.0370085 3694619.9232812 0 0 0 0 0 0 0 0 0                 
point3 192.80099987984 -3962927.9557753 3351741.6035598 3694620.2093519 0 0 0 0 0 0 0 0 0                 
point3 193.00099992752 -3962927.1907683 3351742.1324208 3694620.5252759 0 0 0 0 0 0 0 0 0                 
point3 193.2009999752 -3962926.4233663 3351742.6508238 3694620.8686609 0 0 0 0 0 0 0 0 0                 
point3 193.40100002289 -3962925.6567394 3351743.1192464 3694621.2516413 0 0 0 0 0 0 0 0 0                 
point3 193.60100007057 -3962924.8843314 3351743.5431813 3694621.6653494 0 0 0 0 0 0 0 0 0                 
point3 193.80099987984 -3962924.1088873 3351743.9554449 3694622.1038568 0 0 0 0 0 0 0 0 0                 
point3 194.00099992752 -3962923.3285293 3351744.3328509 3694622.5857258 0 0 0 0 0 0 0 0 0                 
point3 194.2009999752 -3962922.5512903 3351744.6734659 3694623.0981698 0 0 0 0 0 0 0 0 0                 
point3 194.40100002289 -3962921.7711894 3351744.9771832 3694623.6401305 0 0 0 0 0 0 0 0 0                 
point3 194.60100007057 -3962920.9889244 3351745.2463722 3694624.2132315 0 0 0 0 0 0 0 0 0                 
point3 194.80099987984 -3962920.2185053 3351745.4997519 3694624.7987968 0 0 0 0 0 0 0 0 0                 
point3 195.00099992752 -3962919.4669633 3351745.7443169 3694625.3749348 0 0 0 0 0 0 0 0 0                 
point3 195.2009999752 -3962918.7464913 3351745.9615059 3694625.9393868 0 0 0 0 0 0 0 0 0                 
point3 195.40100002289 -3962918.0523404 3351746.1594542 3694626.4930024 0 0 0 0 0 0 0 0 0                 
point3 195.60100007057 -3962917.3872785 3351746.3491192 3694627.0284134 0 0 0 0 0 0 0 0 0                 
point3 195.80099987984 -3962916.7495022 3351746.5284179 3694627.5482738 0 0 0 0 0 0 0 0 0                 
point3 196.00099992752 -3962916.1344912 3351746.6850029 3694628.0624598 0 0 0 0 0 0 0 0 0                 
point3 196.2009999752 -3962915.5370752 3351746.82184 3694628.5733318 0 0 0 0 0 0 0 0 0                 
point3 196.40100002289 -3962914.9563615 3351746.9478021 3694629.0778874 0 0 0 0 0 0 0 0 0                 
point3 196.60100007057 -3962914.3938796 3351747.0668611 3694629.5716004 0 0 0 0 0 0 0 0 0                 
point3 196.80099987984 -3962913.8602942 3351747.174773 3694630.0446498 0 0 0 0 0 0 0 0 0                 
point3 197.00099992752 -3962913.3708152 3351747.2648 3694630.4857689 0 0 0 0 0 0 0 0 0                 
point3 197.2009999752 -3962912.9240211 3351747.343282 3694630.8893629 0 0 0 0 0 0 0 0 0                 
point3 197.40100002289 -3962912.5200467 3351747.4195641 3694631.2510523 0 0 0 0 0 0 0 0 0                 
point3 197.60100007057 -3962912.1616957 3351747.489197 3694631.5715502 0 0 0 0 0 0 0 0 0                 
point3 197.80099987984 -3962911.8538371 3351747.545436 3694631.8506329 0 0 0 0 0 0 0 0 0                 
point3 198.00099992752 -3962911.5933761 3351747.5904 3694632.0859159 0 0 0 0 0 0 0 0 0                 
point3 198.2009999752 -3962911.3791611 3351747.629375 3694632.2793419 0 0 0 0 0 0 0 0 0                 
point3 198.40100002289 -3962911.1987069 3351747.662743 3694632.4409071 0 0 0 0 0 0 0 0 0                 
point3 198.60100007057 -3962911.0474479 3351747.690321 3694632.5757811 0 0 0 0 0 0 0 0 0                 
point3 198.80099987984 -3962910.923782 3351747.712992 3694632.685964 0 0 0 0 0 0 0 0 0                 
point3 199.00099992752 -3962910.825669 3351747.73078 3694632.77419 0 0 0 0 0 0 0 0 0                 
point3 199.2009999752 -3962910.741411 3351747.74627 3694632.850248 0 0 0 0 0 0 0 0 0                 
point3 199.40100002289 -3962910.6668709 3351747.759558 3694632.917196 0 0 0 0 0 0 0 0 0                 
point3 199.60100007057 -3962910.60383 3351747.770751 3694632.973641 0 0 0 0 0 0 0 0 0                 
point3 199.80099987984 -3962910.552588 3351747.78034 3694633.01919 0 0 0 0 0 0 0 0 0                 
point3 200.00099992752 -3962910.513347 3351747.787526 3694633.054335 0 0 0 0 0 0 0 0 0                 
point3 200.2009999752 -3962910.485909 3351747.792217 3694633.078581 0 0 0 0 0 0 0 0 0                 
point3 200.40100002289 -3962910.472198 3351747.794701 3694633.090701 0 0 0 0 0 0 0 0 0                 
point3 200.60100007057 -3962910.47211 3351747.794809 3694633.09081 0 0 0 0 0 0 0 0 0                 
point3 200.80099987984 -3962910.474299 3351747.796799 3694633.0929 0 0 0 0 0 0 0 0 0                 
point3 201.00099992752 -3962910.4736 3351747.7961 3694633.0923 0 0 0 0 0 0 0 0 0                 
point3 201.2009999752 -3962910.473701 3351747.7963 3694633.092401 0 0 0 0 0 0 0 0 0                 
point3 201.40100002289 -3962910.4737 3351747.7962 3694633.0924 0 0 0 0 0 0 0 0 0                 
point3 201.60100007057 -3962910.4738 3351747.7963 3694633.092401 0 0 0 0 0 0 0 0 0                 
point3 201.80099987984 -3962910.4737 3351747.7962 3694633.0924 0 0 0 0 0 0 0 0 0                 
point3 202.00099992752 -3962910.473701 3351747.796201 3694633.0924 0 0 0 0 0 0 0 0 0                 
point3 202.2009999752 -3962910.4737 3351747.7962 3694633.0924 0 0 0 0 0 0 0 0 0                 
point3 202.40100002289 -3962910.4737 3351747.7962 3694633.0924 0 0 0 0 0 0 0 0 0                 
point3 202.60100007057 -3962910.4737 3351747.7962 3694633.0924 0 0 0 0 0 0 0 0 0                 
point3 202.80099987984 -3962910.473701 3351747.796201 3694633.092401 0 0 0 0 0 0 0 0 0                 
point3 203.00099992752 -3962910.4737 3351747.796299 3694633.0924 0 0 0 0 0 0 0 0 0                 
point3 203.2009999752 -3962910.4737 3351747.796201 3694633.0924 0 0 0 0 0 0 0 0 0                 
point3 203.40100002289 -3962910.4737 3351747.7962 3694633.0924 0 0 0 0 0 0 0 0 0                 
point3 203.60100007057 -3962910.473701 3351747.7963 3694633.092401 0 0 0 0 0 0 0 0 0                 
point3 203.80099987984 -3962910.4737 3351747.7962 3694633.0924 0 0 0 0 0 0 0 0 0                 
point3 204.00099992752 -3962910.4737 3351747.796201 3694633.0924 0 0 0 0 0 0 0 0 0                 
point3 204.2009999752 -3962910.4737 3351747.7962 3694633.0924 0 0 0 0 0 0 0 0 0                 
point3 204.40100002289 -3962910.473701 3351747.796201 3694633.092401 0 0 0 0 0 0 0 0 0                 
point3 204.60100007057 -3962910.4737 3351747.7962 3694633.0924 0 0 0 0 0 0 0 0 0                 
point3 204.80099987984 -3962910.4737 3351747.7962 3694633.0924 0 0 0 0 0 0 0 0 0                 
point3 205.00099992752 -3962910.4737 3351747.7962 3694633.0924 0 0 0 0 0 0 0 0 0                 
point3 205.2009999752 -3962910.4737 3351747.7962 3694633.0924 0 0 0 0 0 0 0 0 0                 
point3 205.40100002289 -3962910.4737 3351747.7962 3694633.0924 0 0 0 0 0 0 0 0 0                 
point3 205.60100007057 -3962910.473701 3351747.7963 3694633.0924 0 0 0 0 0 0 0 0 0                 
point3 205.80099987984 -3962910.4737 3351747.7962 3694633.0924 0 0 0 0 0 0 0 0 0                 
point3 206.00099992752 -3962910.4738 3351747.7963 3694633.092499 0 0 0 0 0 0 0 0 0                 
point3 206.2009999752 -3962910.4737 3351747.7962 3694633.0924 0 0 0 0 0 0 0 0 0                 
point3 206.40100002289 -3962910.473701 3351747.7963 3694633.092401 0 0 0 0 0 0 0 0 0                 
point3 206.60100007057 -3962910.4737 3351747.7962 3694633.0924 0 0 0 0 0 0 0 0 0                 
point3 206.80099987984 -3962910.4738 3351747.7963 3694633.0925 0 0 0 0 0 0 0 0 0                 
point3 207.00099992752 -3962910.473701 3351747.796201 3694633.092401 0 0 0 0 0 0 0 0 0                 
point3 207.2009999752 -3962910.473701 3351747.796299 3694633.092401 0 0 0 0 0 0 0 0 0                 
point3 207.40100002289 -3962910.473799 3351747.7963 3694633.092499 0 0 0 0 0 0 0 0 0                 
point3 207.60100007057 -3962910.4738 3351747.7963 3694633.0925 0 0 0 0 0 0 0 0 0                 
point3 207.80099987984 -3962910.473799 3351747.7963 3694633.092499 0 0 0 0 0 0 0 0 0                 
point3 208.00099992752 -3962910.4738 3351747.7963 3694633.092401 0 0 0 0 0 0 0 0 0                 
point3 208.2009999752 -3962910.473799 3351747.796299 3694633.092499 0 0 0 0 0 0 0 0 0                 
point3 208.40100002289 -3962910.473701 3351747.796201 3694633.0924 0 0 0 0 0 0 0 0 0                 
point3 208.60100007057 -3962910.4738 3351747.796201 3694633.0925 0 0 0 0 0 0 0 0 0                 
point3 208.80099987984 -3962910.473799 3351747.7963 3694633.0924 0 0 0 0 0 0 0 0 0                 
point3 209.00099992752 -3962910.473701 3351747.796201 3694633.092401 0 0 0 0 0 0 0 0 0                 
point3 209.2009999752 -3962910.473799 3351747.796299 3694633.092499 0 0 0 0 0 0 0 0 0                 
point3 209.40100002289 -3962910.473701 3351747.7963 3694633.092401 0 0 0 0 0 0 0 0 0                 
point3 209.60100007057 -3962910.473799 3351747.796299 3694633.092499 0 0 0 0 0 0 0 0 0                 
point3 209.80099987984 -3962910.4738 3351747.7963 3694633.0925 0 0 0 0 0 0 0 0 0                 
point3 210.00099992752 -3962910.473799 3351747.796299 3694633.092499 0 0 0 0 0 0 0 0 0                 
point3 210.2009999752 -3962910.4738 3351747.7963 3694633.0925 0 0 0 0 0 0 0 0 0                 
point3 210.40100002289 -3962910.473799 3351747.796299 3694633.092499 0 0 0 0 0 0 0 0 0                 
point3 210.60100007057 -3962910.4738 3351747.7963 3694633.0925 0 0 0 0 0 0 0 0 0                 
point3 210.80099987984 -3962910.473799 3351747.796299 3694633.092499 0 0 0 0 0 0 0 0 0                 
point3 211.00099992752 -3962910.473701 3351747.7963 3694633.092401 0 0 0 0 0 0 0 0 0                 
point3 211.2009999752 -3962910.473799 3351747.7963 3694633.092499 0 0 0 0 0 0 0 0 0                 
point3 211.40100002289 -3962910.473701 3351747.796201 3694633.092401 0 0 0 0 0 0 0 0 0                 
point3 211.60100007057 -3962910.4738 3351747.796299 3694633.0925 0 0 0 0 0 0 0 0 0                 
point3 211.80099987984 -3962910.473701 3351747.7963 3694633.092401 0 0 0 0 0 0 0 0 0                 
point3 212.00099992752 -3962910.4738 3351747.7963 3694633.0925 0 0 0 0 0 0 0 0 0                 
point3 212.2009999752 -3962910.473701 3351747.796201 3694633.0925 0 0 0 0 0 0 0 0 0                 
point3 212.40100002289 -3962910.473799 3351747.796299 3694633.092499 0 0 0 0 0 0 0 0 0                 
point3 212.60100007057 -3962910.4738 3351747.7963 3694633.092401 0 0 0 0 0 0 0 0 0                 
point3 212.80099987984 -3962910.473799 3351747.796201 3694633.092499 0 0 0 0 0 0 0 0 0                 
point3 213.00099992752 -3962910.473701 3351747.796201 3694633.092401 0 0 0 0 0 0 0 0 0                 
point3 213.2009999752 -3962910.4738 3351747.796299 3694633.0925 0 0 0 0 0 0 0 0 0                 
point3 213.40100002289 -3962910.473701 3351747.7963 3694633.092401 0 0 0 0 0 0 0 0 0                 
point3 213.60100007057 -3962910.473799 3351747.7963 3694633.092499 0 0 0 0 0 0 0 0 0                 
point3 213.80099987984 -3962910.4738 3351747.796201 3694633.0925 0 0 0 0 0 0 0 0 0                 
point3 214.00099992752 -3962910.4738 3351747.796299 3694633.0925 0 0 0 0 0 0 0 0 0                 
point3 214.2009999752 -3962910.473701 3351747.7963 3694633.092401 0 0 0 0 0 0 0 0 0                 
point3 214.40100002289 -3962910.4738 3351747.7963 3694633.092499 0 0 0 0 0 0 0 0 0                 
point3 214.60100007057 -3962910.473799 3351747.796299 3694633.0925 0 0 0 0 0 0 0 0 0                 
point3 214.80099987984 -3962910.4738 3351747.796299 3694633.0925 0 0 0 0 0 0 0 0 0                 
point3 215.00099992752 -3962910.4738 3351747.796201 3694633.092499 0 0 0 0 0 0 0 0 0                 
point3 215.2009999752 -3962910.473701 3351747.796201 3694633.092401 0 0 0 0 0 0 0 0 0                 
point3 215.40100002289 -3962910.473701 3351747.7962 3694633.092401 0 0 0 0 0 0 0 0 0                 
point3 215.60100007057 -3962910.473799 3351747.796299 3694633.0924 0 0 0 0 0 0 0 0 0                 
point3 215.80099987984 -3962910.473799 3351747.7963 3694633.092499 0 0 0 0 0 0 0 0 0                 
point3 216.00099992752 -3962910.473799 3351747.796201 3694633.092499 0 0 0 0 0 0 0 0 0                 
point3 216.2009999752 -3962910.4738 3351747.796201 3694633.0925 0 0 0 0 0 0 0 0 0                 
point3 216.40100002289 -3962910.4738 3351747.796299 3694633.0925 0 0 0 0 0 0 0 0 0                 
point3 216.60100007057 -3962910.4738 3351747.7963 3694633.0925 0 0 0 0 0 0 0 0 0                 
point3 216.80099987984 -3962910.4738 3351747.7963 3694633.0925 0 0 0 0 0 0 0 0 0                 
point3 217.00099992752 -3962910.4738 3351747.7963 3694633.0925 0 0 0 0 0 0 0 0 0                 
point3 217.2009999752 -3962910.4738 3351747.796201 3694633.0925 0 0 0 0 0 0 0 0 0                 
point3 217.40100002289 -3962910.4738 3351747.7963 3694633.0925 0 0 0 0 0 0 0 0 0                 
point3 217.60100007057 -3962910.4738 3351747.7963 3694633.0925 0 0 0 0 0 0 0 0 0                 
point3 217.80099987984 -3962910.4738 3351747.7963 3694633.0925 0 0 0 0 0 0 0 0 0                 
point3 218.00099992752 -3962910.4738 3351747.796299 3694633.0925 0 0 0 0 0 0 0 0 0                 
point3 218.2009999752 -3962910.4738 3351747.7963 3694633.0925 0 0 0 0 0 0 0 0 0                 
point3 218.40100002289 -3962910.4738 3351747.7963 3694633.0925 0 0 0 0 0 0 0 0 0                 
point3 218.60100007057 -3962910.4738 3351747.7963 3694633.0925 0 0 0 0 0 0 0 0 0                 
point3 218.80099987984 -3962910.4738 3351747.796299 3694633.0925 0 0 0 0 0 0 0 0 0                 
point3 219.00099992752 -3962910.4738 3351747.7963 3694633.0925 0 0 0 0 0 0 0 0 0                 
point3 219.2009999752 -3962910.4738 3351747.7963 3694633.0925 0 0 0 0 0 0 0 0 0                 
point3 219.40100002289 -3962910.4738 3351747.7963 3694633.0925 0 0 0 0 0 0 0 0 0                 
point3 219.60100007057 -3962910.4738 3351747.7963 3694633.0925 0 0 0 0 0 0 0 0 0                 
point3 219.80099987984 -3962910.4738 3351747.7963 3694633.0925 0 0 0 0 0 0 0 0 0                 
point3 220.00099992752 -3962910.473799 3351747.796299 3694633.092499 0 0 0 0 0 0 0 0 0                 
point3 220.2009999752 -3962910.473701 3351747.796201 3694633.0925 0 0 0 0 0 0 0 0 0                 
point3 220.40100002289 -3962910.473799 3351747.796299 3694633.0925 0 0 0 0 0 0 0 0 0                 
point3 220.60100007057 -3962910.4738 3351747.796299 3694633.0925 0 0 0 0 0 0 0 0 0                 
point3 220.80099987984 -3962910.4738 3351747.796201 3694633.0925 0 0 0 0 0 0 0 0 0                 
point3 221.00099992752 -3962910.4738 3351747.796299 3694633.0925 0 0 0 0 0 0 0 0 0                 
point3 221.2009999752 -3962910.4738 3351747.796201 3694633.0925 0 0 0 0 0 0 0 0 0                 
point3 221.40100002289 -3962910.4738 3351747.7963 3694633.0925 0 0 0 0 0 0 0 0 0                 
point3 221.60100007057 -3962910.4738 3351747.796201 3694633.0925 0 0 0 0 0 0 0 0 0                 
point3 221.80099987984 -3962910.4738 3351747.7963 3694633.0925 0 0 0 0 0 0 0 0 0                 
point3 222.00099992752 -3962910.4738 3351747.796201 3694633.0925 0 0 0 0 0 0 0 0 0                 
point3 222.2009999752 -3962910.4738 3351747.7963 3694633.0925 0 0 0 0 0 0 0 0 0                 
point3 222.40100002289 -3962910.4738 3351747.7963 3694633.0925 0 0 0 0 0 0 0 0 0                 
point3 222.60100007057 -3962910.4738 3351747.7963 3694633.0925 0 0 0 0 0 0 0 0 0                 
point3 222.80099987984 -3962910.4738 3351747.7963 3694633.0925 0 0 0 0 0 0 0 0 0                 
point3 223.00099992752 -3962910.4738 3351747.7963 3694633.0925 0 0 0 0 0 0 0 0 0                 
point3 223.2009999752 -3962910.4738 3351747.7963 3694633.0925 0 0 0 0 0 0 0 0 0                 
point3 223.40100002289 -3962910.4738 3351747.7963 3694633.0925 0 0 0 0 0 0 0 0 0                 
point3 223.60100007057 -3962910.4738 3351747.7963 3694633.0925 0 0 0 0 0 0 0 0 0                 
point3 223.80099987984 -3962910.4738 3351747.7963 3694633.0925 0 0 0 0 0 0 0 0 0                 
point3 224.00099992752 -3962910.4738 3351747.7963 3694633.0925 0 0 0 0 0 0 0 0 0                 
point3 224.2009999752 -3962910.4738 3351747.7962 3694633.0925 0 0 0 0 0 0 0 0 0                 
point3 224.40100002289 -3962910.4738 3351747.796299 3694633.0925 0 0 0 0 0 0 0 0 0                 
point3 224.60100007057 -3962910.473799 3351747.796299 3694633.092499 0 0 0 0 0 0 0 0 0                 
point3 224.80099987984 -3962910.4738 3351747.796201 3694633.0925 0 0 0 0 0 0 0 0 0                 
point3 225.00099992752 -3962910.4738 3351747.796299 3694633.0925 0 0 0 0 0 0 0 0 0                 
point3 225.2009999752 -3962910.4738 3351747.7963 3694633.0925 0 0 0 0 0 0 0 0 0                 
point3 225.40100002289 -3962910.4738 3351747.796201 3694633.0925 0 0 0 0 0 0 0 0 0                 
point3 225.60100007057 -3962910.473799 3351747.796299 3694633.092499 0 0 0 0 0 0 0 0 0                 
point3 225.80099987984 -3962910.4738 3351747.7963 3694633.0925 0 0 0 0 0 0 0 0 0                 
point3 226.00099992752 -3962910.473799 3351747.796299 3694633.092499 0 0 0 0 0 0 0 0 0                 
point3 226.2009999752 -3962910.473801 3351747.7963 3694633.092501 0 0 0 0 0 0 0 0 0                 
point3 226.40100002289 -3962910.4738 3351747.7963 3694633.0925 0 0 0 0 0 0 0 0 0                 
point3 226.60100007057 -3962910.4738 3351747.7963 3694633.0925 0 0 0 0 0 0 0 0 0                 
point3 226.80099987984 -3962910.4738 3351747.796299 3694633.0925 0 0 0 0 0 0 0 0 0                 
point3 227.00099992752 -3962910.4738 3351747.796201 3694633.0925 0 0 0 0 0 0 0 0 0                 
point3 227.2009999752 -3962910.4738 3351747.7963 3694633.0925 0 0 0 0 0 0 0 0 0                 
point3 227.40100002289 -3962910.4738 3351747.7963 3694633.0925 0 0 0 0 0 0 0 0 0                 
point3 227.60100007057 -3962910.4738 3351747.796201 3694633.0925 0 0 0 0 0 0 0 0 0                 
point3 227.80099987984 -3962910.4738 3351747.796299 3694633.0925 0 0 0 0 0 0 0 0 0                 
point3 228.00099992752 -3962910.4738 3351747.7963 3694633.0925 0 0 0 0 0 0 0 0 0                 
point3 228.2009999752 -3962910.4738 3351747.796299 3694633.0925 0 0 0 0 0 0 0 0 0                 
point3 228.40100002289 -3962910.4738 3351747.7963 3694633.0925 0 0 0 0 0 0 0 0 0                 
point3 228.60100007057 -3962910.4738 3351747.796299 3694633.0925 0 0 0 0 0 0 0 0 0                 
point3 228.80099987984 -3962910.4738 3351747.7963 3694633.0925 0 0 0 0 0 0 0 0 0                 
point3 229.00099992752 -3962910.473701 3351747.796201 3694633.092401 0 0 0 0 0 0 0 0 0                 
point3 229.2009999752 -3962910.473899 3351747.796399 3694633.092599 0 0 0 0 0 0 0 0 0                 
point3 229.40100002289 -3962910.473701 3351747.796201 3694633.092401 0 0 0 0 0 0 0 0 0                 
point3 229.60100007057 -3962910.473899 3351747.796399 3694633.092599 0 0 0 0 0 0 0 0 0                 
point3 229.80099987984 -3962910.473701 3351747.796201 3694633.092401 0 0 0 0 0 0 0 0 0                 
point3 230.00099992752 -3962910.473801 3351747.7963 3694633.092501 0 0 0 0 0 0 0 0 0                 
point3 230.2009999752 -3962910.4738 3351747.796299 3694633.0925 0 0 0 0 0 0 0 0 0                 
point3 230.40100002289 -3962910.4738 3351747.7963 3694633.0925 0 0 0 0 0 0 0 0 0                 
point3 230.60100007057 -3962910.4738 3351747.7963 3694633.0925 0 0 0 0 0 0 0 0 0                 
point3 230.80099987984 -3962910.4738 3351747.7963 3694633.0925 0 0 0 0 0 0 0 0 0                 
point3 231.00099992752 -3962910.4738 3351747.7963 3694633.0925 0 0 0 0 0 0 0 0 0                 
point3 231.2009999752 -3962910.4738 3351747.7963 3694633.0925 0 0 0 0 0 0 0 0 0                 
point3 231.40100002289 -3962910.4738 3351747.796299 3694633.0925 0 0 0 0 0 0 0 0 0                 
point3 231.60100007057 -3962910.4738 3351747.796201 3694633.0925 0 0 0 0 0 0 0 0 0                 
point3 231.80099987984 -3962910.4738 3351747.7963 3694633.0925 0 0 0 0 0 0 0 0 0                 
point3 232.00099992752 -3962910.4738 3351747.796201 3694633.0925 0 0 0 0 0 0 0 0 0                 
point3 232.2009999752 -3962910.4738 3351747.796299 3694633.0925 0 0 0 0 0 0 0 0 0                 
point3 232.40100002289 -3962910.4738 3351747.7963 3694633.0925 0 0 0 0 0 0 0 0 0                 
point3 232.60100007057 -3962910.4738 3351747.7963 3694633.0925 0 0 0 0 0 0 0 0 0                 
point3 232.80099987984 -3962910.4738 3351747.7963 3694633.0925 0 0 0 0 0 0 0 0 0                 
point3 233.00099992752 -3962910.4738 3351747.7963 3694633.0925 0 0 0 0 0 0 0 0 0                 
point3 233.2009999752 -3962910.4738 3351747.7963 3694633.0925 0 0 0 0 0 0 0 0 0                 
point3 233.40100002289 -3962910.4738 3351747.7963 3694633.0925 0 0 0 0 0 0 0 0 0                 
point3 233.60100007057 -3962910.4738 3351747.7963 3694633.0925 0 0 0 0 0 0 0 0 0                 
point3 233.80099987984 -3962910.4738 3351747.7963 3694633.0925 0 0 0 0 0 0 0 0 0                 
point3 234.00099992752 -3962910.4738 3351747.7963 3694633.0925 0 0 0 0 0 0 0 0 0                 
point3 234.2009999752 -3962910.4738 3351747.7963 3694633.0925 0 0 0 0 0 0 0 0 0                 
point3 234.40100002289 -3962910.4738 3351747.7963 3694633.0925 0 0 0 0 0 0 0 0 0                 
point3 234.60100007057 -3962910.4738 3351747.7963 3694633.0925 0 0 0 0 0 0 0 0 0                 
point3 234.80099987984 -3962910.4738 3351747.7963 3694633.0925 0 0 0 0 0 0 0 0 0                 
point3 235.00099992752 -3962910.4738 3351747.7963 3694633.0925 0 0 0 0 0 0 0 0 0                 
point3 235.2009999752 -3962910.4738 3351747.7963 3694633.0925 0 0 0 0 0 0 0 0 0                 
point3 235.40100002289 -3962910.4738 3351747.7963 3694633.0925 0 0 0 0 0 0 0 0 0                 
point3 235.60100007057 -3962910.4738 3351747.7963 3694633.0925 0 0 0 0 0 0 0 0 0                 
point3 235.80099987984 -3962910.4738 3351747.7963 3694633.0925 0 0 0 0 0 0 0 0 0                 
point3 236.00099992752 -3962910.4738 3351747.7963 3694633.0925 0 0 0 0 0 0 0 0 0                 
point3 236.2009999752 -3962910.4738 3351747.7963 3694633.0925 0 0 0 0 0 0 0 0 0                 
point3 236.40100002289 -3962910.4738 3351747.7963 3694633.0925 0 0 0 0 0 0 0 0 0                 
point3 236.60100007057 -3962910.4738 3351747.7963 3694633.0925 0 0 0 0 0 0 0 0 0                 
point3 236.80099987984 -3962910.4738 3351747.7963 3694633.0925 0 0 0 0 0 0 0 0 0                 
point3 237.00099992752 -3962910.4738 3351747.7963 3694633.0925 0 0 0 0 0 0 0 0 0                 
point3 237.2009999752 -3962910.4738 3351747.796299 3694633.0925 0 0 0 0 0 0 0 0 0                 
point3 237.40100002289 -3962910.4738 3351747.796201 3694633.0925 0 0 0 0 0 0 0 0 0                 
point3 237.60100007057 -3962910.4738 3351747.796299 3694633.0925 0 0 0 0 0 0 0 0 0                 
point3 237.80099987984 -3962910.4738 3351747.796201 3694633.0925 0 0 0 0 0 0 0 0 0                 
point3 238.00099992752 -3962910.4738 3351747.796299 3694633.0925 0 0 0 0 0 0 0 0 0                 
point3 238.2009999752 -3962910.4738 3351747.796201 3694633.0925 0 0 0 0 0 0 0 0 0                 
point3 238.40100002289 -3962910.4738 3351747.7963 3694633.0925 0 0 0 0 0 0 0 0 0                 
point3 238.60100007057 -3962910.4738 3351747.7963 3694633.0925 0 0 0 0 0 0 0 0 0                 
point3 238.80099987984 -3962910.4738 3351747.7963 3694633.0925 0 0 0 0 0 0 0 0 0                 
point3 239.00099992752 -3962910.4738 3351747.796201 3694633.0925 0 0 0 0 0 0 0 0 0                 
point3 239.2009999752 -3962910.4738 3351747.7963 3694633.0925 0 0 0 0 0 0 0 0 0                 
point3 239.40100002289 -3962910.4738 3351747.796201 3694633.0925 0 0 0 0 0 0 0 0 0                 
point3 239.60100007057 -3962910.4738 3351747.796299 3694633.0925 0 0 0 0 0 0 0 0 0                 
point3 239.80099987984 -3962910.4738 3351747.7963 3694633.0925 0 0 0 0 0 0 0 0 0                 
point3 240.00099992752 -3962910.4738 3351747.7963 3694633.0925 0 0 0 0 0 0 0 0 0                 
point3 240.2009999752 -3962910.4738 3351747.796201 3694633.0925 0 0 0 0 0 0 0 0 0                 
point3 240.40100002289 -3962910.4738 3351747.7963 3694633.0925 0 0 0 0 0 0 0 0 0                 
point3 240.60100007057 -3962910.473801 3351747.7963 3694633.092501 0 0 0 0 0 0 0 0 0                 
point3 240.80099987984 -3962910.4738 3351747.7963 3694633.0925 0 0 0 0 0 0 0 0 0                 
point3 241.00099992752 -3962910.4738 3351747.7963 3694633.0925 0 0 0 0 0 0 0 0 0                 
point3 241.2009999752 -3962910.4738 3351747.7963 3694633.0925 0 0 0 0 0 0 0 0 0                 
point3 241.40100002289 -3962910.4738 3351747.796201 3694633.0925 0 0 0 0 0 0 0 0 0                 
point3 241.60100007057 -3962910.473899 3351747.7963 3694633.092599 0 0 0 0 0 0 0 0 0                 
point3 241.80099987984 -3962910.4738 3351747.7963 3694633.0925 0 0 0 0 0 0 0 0 0                 
point3 242.00099992752 -3962910.4738 3351747.796299 3694633.0925 0 0 0 0 0 0 0 0 0                 
point3 242.2009999752 -3962910.4738 3351747.7962 3694633.0925 0 0 0 0 0 0 0 0 0                 
point3 242.40100002289 -3962910.4738 3351747.7963 3694633.0925 0 0 0 0 0 0 0 0 0                 
point3 242.60100007057 -3962910.4738 3351747.796299 3694633.0925 0 0 0 0 0 0 0 0 0                 
point3 242.80099987984 -3962910.4738 3351747.796201 3694633.0925 0 0 0 0 0 0 0 0 0                 
point3 243.00099992752 -3962910.4738 3351747.7963 3694633.0925 0 0 0 0 0 0 0 0 0                 
point3 243.2009999752 -3962910.4738 3351747.7963 3694633.0925 0 0 0 0 0 0 0 0 0                 
point3 243.40100002289 -3962910.473899 3351747.7963 3694633.092599 0 0 0 0 0 0 0 0 0                 
point3 243.60100007057 -3962910.4738 3351747.7963 3694633.0925 0 0 0 0 0 0 0 0 0                 
point3 243.80099987984 -3962910.473899 3351747.7963 3694633.092599 0 0 0 0 0 0 0 0 0                 
point3 244.00099992752 -3962910.4738 3351747.7963 3694633.0925 0 0 0 0 0 0 0 0 0                 
point3 244.2009999752 -3962910.4738 3351747.7963 3694633.0925 0 0 0 0 0 0 0 0 0                 
point3 244.40100002289 -3962910.4738 3351747.7963 3694633.0925 0 0 0 0 0 0 0 0 0                 
point3 244.60100007057 -3962910.4738 3351747.7963 3694633.0925 0 0 0 0 0 0 0 0 0                 
point3 244.80099987984 -3962910.4738 3351747.7963 3694633.0925 0 0 0 0 0 0 0 0 0                 
point3 245.00099992752 -3962910.4738 3351747.7963 3694633.0925 0 0 0 0 0 0 0 0 0                 
point3 245.2009999752 -3962910.4738 3351747.796299 3694633.0925 0 0 0 0 0 0 0 0 0                 
point3 245.40100002289 -3962910.4738 3351747.7963 3694633.0925 0 0 0 0 0 0 0 0 0                 
point3 245.60100007057 -3962910.4738 3351747.7963 3694633.0925 0 0 0 0 0 0 0 0 0                 
point3 245.80099987984 -3962910.4738 3351747.796201 3694633.0925 0 0 0 0 0 0 0 0 0                 
point3 246.00099992752 -3962910.4738 3351747.7963 3694633.0925 0 0 0 0 0 0 0 0 0                 
point3 246.2009999752 -3962910.4738 3351747.796201 3694633.0925 0 0 0 0 0 0 0 0 0                 
point3 246.40100002289 -3962910.4738 3351747.796299 3694633.0925 0 0 0 0 0 0 0 0 0                 
point3 246.60100007057 -3962910.4738 3351747.7962 3694633.0925 0 0 0 0 0 0 0 0 0                 
point3 246.80099987984 -3962910.473899 3351747.7963 3694633.092599 0 0 0 0 0 0 0 0 0                 
point3 247.00099992752 -3962910.4738 3351747.796299 3694633.0925 0 0 0 0 0 0 0 0 0                 
point3 247.2009999752 -3962910.4738 3351747.796299 3694633.0925 0 0 0 0 0 0 0 0 0                 
point3 247.40100002289 -3962910.4738 3351747.7963 3694633.0925 0 0 0 0 0 0 0 0 0                 
point3 247.60100007057 -3962910.4738 3351747.796201 3694633.0925 0 0 0 0 0 0 0 0 0                 
point3 247.80099987984 -3962910.4738 3351747.796201 3694633.0925 0 0 0 0 0 0 0 0 0                 
point3 248.00099992752 -3962910.4738 3351747.7963 3694633.0925 0 0 0 0 0 0 0 0 0                 
point3 248.2009999752 -3962910.4738 3351747.7963 3694633.0925 0 0 0 0 0 0 0 0 0                 
point3 248.40100002289 -3962910.4738 3351747.7963 3694633.0925 0 0 0 0 0 0 0 0 0                 
point3 248.60100007057 -3962910.4738 3351747.7963 3694633.0925 0 0 0 0 0 0 0 0 0                 
point3 248.80099987984 -3962910.4738 3351747.7963 3694633.0925 0 0 0 0 0 0 0 0 0                 
point3 249.00099992752 -3962910.4738 3351747.7963 3694633.0925 0 0 0 0 0 0 0 0 0                 
point3 249.2009999752 -3962910.4738 3351747.796201 3694633.0925 0 0 0 0 0 0 0 0 0                 
point3 249.40100002289 -3962910.4738 3351747.796299 3694633.0925 0 0 0 0 0 0 0 0 0                 
point3 249.60100007057 -3962910.4738 3351747.7963 3694633.0925 0 0 0 0 0 0 0 0 0                 
point3 249.80099987984 -3962910.4738 3351747.7963 3694633.0925 0 0 0 0 0 0 0 0 0                 
point3 250.00099992752 -3962910.4738 3351747.796201 3694633.0925 0 0 0 0 0 0 0 0 0                 
point3 250.2009999752 -3962910.4738 3351747.7963 3694633.0925 0 0 0 0 0 0 0 0 0                 
point3 250.40100002289 -3962910.4738 3351747.7963 3694633.0925 0 0 0 0 0 0 0 0 0                 
point3 250.60100007057 -3962910.4738 3351747.7963 3694633.0925 0 0 0 0 0 0 0 0 0                 
point3 250.80099987984 -3962910.4738 3351747.7963 3694633.0925 0 0 0 0 0 0 0 0 0                 
point3 251.00099992752 -3962910.4738 3351747.796201 3694633.0925 0 0 0 0 0 0 0 0 0                 
point3 251.2009999752 -3962910.4738 3351747.7963 3694633.0925 0 0 0 0 0 0 0 0 0                 
point3 251.40100002289 -3962910.4738 3351747.796299 3694633.0925 0 0 0 0 0 0 0 0 0                 
point3 251.60100007057 -3962910.4738 3351747.7963 3694633.0925 0 0 0 0 0 0 0 0 0                 
point3 251.80099987984 -3962910.4738 3351747.7963 3694633.0925 0 0 0 0 0 0 0 0 0                 
point3 252.00099992752 -3962910.4738 3351747.796201 3694633.0925 0 0 0 0 0 0 0 0 0                 
point3 252.2009999752 -3962910.4738 3351747.7963 3694633.0925 0 0 0 0 0 0 0 0 0                 
point3 252.40100002289 -3962910.4738 3351747.7963 3694633.0925 0 0 0 0 0 0 0 0 0                 
point3 252.60100007057 -3962910.4738 3351747.7963 3694633.0925 0 0 0 0 0 0 0 0 0                 
point3 252.80099987984 -3962910.4738 3351747.7963 3694633.0925 0 0 0 0 0 0 0 0 0                 
point3 253.00099992752 -3962910.4738 3351747.7963 3694633.0925 0 0 0 0 0 0 0 0 0                 
point3 253.2009999752 -3962910.4738 3351747.7963 3694633.0925 0 0 0 0 0 0 0 0 0                 
point3 253.40100002289 -3962910.4738 3351747.7963 3694633.0925 0 0 0 0 0 0 0 0 0                 
point3 253.60100007057 -3962910.4738 3351747.7963 3694633.0925 0 0 0 0 0 0 0 0 0                 
point3 253.80099987984 -3962910.4738 3351747.7963 3694633.0925 0 0 0 0 0 0 0 0 0                 
point3 254.00099992752 -3962910.4738 3351747.796299 3694633.0925 0 0 0 0 0 0 0 0 0                 
point3 254.2009999752 -3962910.4738 3351747.7963 3694633.0925 0 0 0 0 0 0 0 0 0                 
point3 254.40100002289 -3962910.4738 3351747.796299 3694633.0925 0 0 0 0 0 0 0 0 0                 
point3 254.60100007057 -3962910.4738 3351747.7963 3694633.0925 0 0 0 0 0 0 0 0 0                 
point3 254.80099987984 -3962910.4738 3351747.7963 3694633.0925 0 0 0 0 0 0 0 0 0                 
point3 255.00099992752 -3962910.4738 3351747.7963 3694633.0925 0 0 0 0 0 0 0 0 0                 
point3 255.2009999752 -3962910.4738 3351747.7963 3694633.0925 0 0 0 0 0 0 0 0 0                 
point3 255.40100002289 -3962910.4738 3351747.7963 3694633.0925 0 0 0 0 0 0 0 0 0                 
point3 255.60100007057 -3962910.4738 3351747.7963 3694633.0925 0 0 0 0 0 0 0 0 0                 
point3 255.80099987984 -3962910.4738 3351747.796201 3694633.0925 0 0 0 0 0 0 0 0 0                 
point3 256.00099992752 -3962910.4738 3351747.7963 3694633.0925 0 0 0 0 0 0 0 0 0                 
point3 256.2009999752 -3962910.4738 3351747.796201 3694633.0925 0 0 0 0 0 0 0 0 0                 
point3 256.40100002289 -3962910.4738 3351747.7963 3694633.0925 0 0 0 0 0 0 0 0 0                 
point3 256.60100007057 -3962910.4738 3351747.7963 3694633.0925 0 0 0 0 0 0 0 0 0                 
point3 256.80099987984 -3962910.4738 3351747.7963 3694633.0925 0 0 0 0 0 0 0 0 0                 
point3 257.00099992752 -3962910.4738 3351747.796201 3694633.0925 0 0 0 0 0 0 0 0 0                 
point3 257.2009999752 -3962910.4738 3351747.7963 3694633.0925 0 0 0 0 0 0 0 0 0                 
point3 257.40100002289 -3962910.4738 3351747.7963 3694633.0925 0 0 0 0 0 0 0 0 0                 
point3 257.60100007057 -3962910.4738 3351747.7963 3694633.0925 0 0 0 0 0 0 0 0 0                 
point3 257.80099987984 -3962910.4738 3351747.7963 3694633.092599 0 0 0 0 0 0 0 0 0                 
point3 258.00099992752 -3962910.4738 3351747.7963 3694633.0925 0 0 0 0 0 0 0 0 0                 
point3 258.2009999752 -3962910.4738 3351747.7963 3694633.0925 0 0 0 0 0 0 0 0 0                 
point3 258.40100002289 -3962910.4738 3351747.7963 3694633.0925 0 0 0 0 0 0 0 0 0                 
point3 258.60100007057 -3962910.4738 3351747.7963 3694633.0925 0 0 0 0 0 0 0 0 0                 
point3 258.80099987984 -3962910.4738 3351747.7963 3694633.0925 0 0 0 0 0 0 0 0 0                 
point3 259.00099992752 -3962910.4738 3351747.7963 3694633.0925 0 0 0 0 0 0 0 0 0                 
point3 259.2009999752 -3962910.4738 3351747.7963 3694633.0925 0 0 0 0 0 0 0 0 0                 
point3 259.40100002289 -3962910.4738 3351747.7963 3694633.0925 0 0 0 0 0 0 0 0 0                 
point3 259.60100007057 -3962910.4738 3351747.7963 3694633.0925 0 0 0 0 0 0 0 0 0                 
point3 259.80099987984 -3962910.4738 3351747.7963 3694633.0925 0 0 0 0 0 0 0 0 0                 
point3 260.00099992752 -3962910.4738 3351747.7963 3694633.0925 0 0 0 0 0 0 0 0 0                 
point3 260.2009999752 -3962910.4738 3351747.7963 3694633.0925 0 0 0 0 0 0 0 0 0                 
point3 260.40100002289 -3962910.4738 3351747.7963 3694633.0925 0 0 0 0 0 0 0 0 0                 
point3 260.60100007057 -3962910.4738 3351747.7963 3694633.0925 0 0 0 0 0 0 0 0 0                 
point3 260.80099987984 -3962910.4738 3351747.7963 3694633.0925 0 0 0 0 0 0 0 0 0                 
point3 261.00099992752 -3962910.4738 3351747.7963 3694633.0925 0 0 0 0 0 0 0 0 0                 
point3 261.2009999752 -3962910.4738 3351747.7963 3694633.0925 0 0 0 0 0 0 0 0 0                 
point3 261.40100002289 -3962910.4738 3351747.7963 3694633.0925 0 0 0 0 0 0 0 0 0                 
point3 261.60100007057 -3962910.4738 3351747.7963 3694633.0925 0 0 0 0 0 0 0 0 0                 
point3 261.80099987984 -3962910.4738 3351747.7963 3694633.0925 0 0 0 0 0 0 0 0 0                 
point3 262.00099992752 -3962910.4738 3351747.7963 3694633.0925 0 0 0 0 0 0 0 0 0                 
point3 262.2009999752 -3962910.4738 3351747.7963 3694633.0925 0 0 0 0 0 0 0 0 0                 
point3 262.40100002289 -3962910.4738 3351747.7963 3694633.0925 0 0 0 0 0 0 0 0 0                 
point3 262.60100007057 -3962910.4738 3351747.7963 3694633.0925 0 0 0 0 0 0 0 0 0                 
point3 262.80099987984 -3962910.4738 3351747.7963 3694633.0925 0 0 0 0 0 0 0 0 0                 
point3 263.00099992752 -3962910.4738 3351747.7963 3694633.0925 0 0 0 0 0 0 0 0 0                 
point3 263.2009999752 -3962910.4738 3351747.796299 3694633.0925 0 0 0 0 0 0 0 0 0                 
point3 263.40100002289 -3962910.4738 3351747.7963 3694633.0925 0 0 0 0 0 0 0 0 0                 
point3 263.60100007057 -3962910.4738 3351747.7963 3694633.0925 0 0 0 0 0 0 0 0 0                 
point3 263.80099987984 -3962910.4738 3351747.7963 3694633.0925 0 0 0 0 0 0 0 0 0                 
point3 264.00099992752 -3962910.4738 3351747.7963 3694633.0925 0 0 0 0 0 0 0 0 0                 
point3 264.2009999752 -3962910.4738 3351747.7963 3694633.0925 0 0 0 0 0 0 0 0 0                 
point3 264.40100002289 -3962910.4738 3351747.7963 3694633.0925 0 0 0 0 0 0 0 0 0                 
point3 264.60100007057 -3962910.4738 3351747.796299 3694633.0925 0 0 0 0 0 0 0 0 0                 
point3 264.80099987984 -3962910.4738 3351747.796299 3694633.0925 0 0 0 0 0 0 0 0 0                 
point3 265.00099992752 -3962910.4738 3351747.796299 3694633.0925 0 0 0 0 0 0 0 0 0                 
point3 265.2009999752 -3962910.4738 3351747.7963 3694633.092599 0 0 0 0 0 0 0 0 0                 
point3 265.40100002289 -3962910.4738 3351747.7963 3694633.0925 0 0 0 0 0 0 0 0 0                 
point3 265.60100007057 -3962910.4738 3351747.7963 3694633.0925 0 0 0 0 0 0 0 0 0                 
point3 265.80099987984 -3962910.4738 3351747.796201 3694633.0925 0 0 0 0 0 0 0 0 0                 
point3 266.00099992752 -3962910.4738 3351747.7963 3694633.0925 0 0 0 0 0 0 0 0 0                 
point3 266.2009999752 -3962910.4738 3351747.7963 3694633.0925 0 0 0 0 0 0 0 0 0                 
point3 266.40100002289 -3962910.4738 3351747.796299 3694633.0925 0 0 0 0 0 0 0 0 0                 
point3 266.60100007057 -3962910.4738 3351747.796201 3694633.0925 0 0 0 0 0 0 0 0 0                 
point3 266.80099987984 -3962910.4738 3351747.796299 3694633.0925 0 0 0 0 0 0 0 0 0                 
point3 267.00099992752 -3962910.4738 3351747.796201 3694633.0925 0 0 0 0 0 0 0 0 0                 
point3 267.2009999752 -3962910.4738 3351747.796299 3694633.0925 0 0 0 0 0 0 0 0 0                 
point3 267.40100002289 -3962910.4738 3351747.7962 3694633.0925 0 0 0 0 0 0 0 0 0                 
point3 267.60100007057 -3962910.4738 3351747.7963 3694633.0925 0 0 0 0 0 0 0 0 0                 
point3 267.80099987984 -3962910.4738 3351747.7962 3694633.0925 0 0 0 0 0 0 0 0 0                 
point3 268.00099992752 -3962910.473801 3351747.7963 3694633.092501 0 0 0 0 0 0 0 0 0                 
point3 268.2009999752 -3962910.4738 3351747.796299 3694633.0925 0 0 0 0 0 0 0 0 0                 
point3 268.40100002289 -3962910.4738 3351747.7963 3694633.0925 0 0 0 0 0 0 0 0 0                 
point3 268.60100007057 -3962910.4738 3351747.7962 3694633.0925 0 0 0 0 0 0 0 0 0                 
point3 268.80099987984 -3962910.4738 3351747.796201 3694633.0925 0 0 0 0 0 0 0 0 0                 
point3 269.00099992752 -3962910.4738 3351747.796201 3694633.0925 0 0 0 0 0 0 0 0 0                 
point3 269.2009999752 -3962910.4738 3351747.796299 3694633.0925 0 0 0 0 0 0 0 0 0                 
point3 269.40100002289 -3962910.4738 3351747.796299 3694633.0925 0 0 0 0 0 0 0 0 0                 
point3 269.60100007057 -3962910.4738 3351747.796201 3694633.0925 0 0 0 0 0 0 0 0 0                 
point3 269.80099987984 -3962910.4738 3351747.796201 3694633.0925 0 0 0 0 0 0 0 0 0                 
point3 270.00099992752 -3962910.473801 3351747.7963 3694633.092501 0 0 0 0 0 0 0 0 0                 
point3 270.2009999752 -3962910.4738 3351747.796299 3694633.0925 0 0 0 0 0 0 0 0 0                 
point3 270.40100002289 -3962910.4738 3351747.796201 3694633.0925 0 0 0 0 0 0 0 0 0                 
point3 270.60100007057 -3962910.4738 3351747.7963 3694633.0925 0 0 0 0 0 0 0 0 0                 
point3 270.80099987984 -3962910.4738 3351747.796201 3694633.0925 0 0 0 0 0 0 0 0 0                 
point3 271.00099992752 -3962910.4738 3351747.796299 3694633.0925 0 0 0 0 0 0 0 0 0                 
point3 271.2009999752 -3962910.4738 3351747.796299 3694633.0925 0 0 0 0 0 0 0 0 0                 
point3 271.40100002289 -3962910.4738 3351747.796299 3694633.0925 0 0 0 0 0 0 0 0 0                 
point3 271.60100007057 -3962910.4738 3351747.796201 3694633.0925 0 0 0 0 0 0 0 0 0                 
point3 271.80099987984 -3962910.4738 3351747.7962 3694633.0925 0 0 0 0 0 0 0 0 0                 
point3 272.00099992752 -3962910.4738 3351747.796299 3694633.0925 0 0 0 0 0 0 0 0 0                 
point3 272.2009999752 -3962910.4738 3351747.7963 3694633.092501 0 0 0 0 0 0 0 0 0                 
point3 272.40100002289 -3962910.4738 3351747.796299 3694633.0925 0 0 0 0 0 0 0 0 0                 
point3 272.60100007057 -3962910.4738 3351747.796201 3694633.0925 0 0 0 0 0 0 0 0 0                 
point3 272.80099987984 -3962910.4738 3351747.796299 3694633.0925 0 0 0 0 0 0 0 0 0                 
point3 273.00099992752 -3962910.4738 3351747.796201 3694633.092501 0 0 0 0 0 0 0 0 0                 
point3 273.2009999752 -3962910.4738 3351747.796299 3694633.0925 0 0 0 0 0 0 0 0 0                 
point3 273.40100002289 -3962910.4738 3351747.796201 3694633.0925 0 0 0 0 0 0 0 0 0                 
point3 273.60100007057 -3962910.4738 3351747.7962 3694633.0925 0 0 0 0 0 0 0 0 0                 
point3 273.80099987984 -3962910.4738 3351747.796201 3694633.0925 0 0 0 0 0 0 0 0 0                 
point3 274.00099992752 -3962910.4738 3351747.796299 3694633.0925 0 0 0 0 0 0 0 0 0                 
point3 274.2009999752 -3962910.4738 3351747.796299 3694633.0925 0 0 0 0 0 0 0 0 0                 
point3 274.40100002289 -3962910.4738 3351747.796201 3694633.0925 0 0 0 0 0 0 0 0 0                 
point3 274.60100007057 -3962910.4738 3351747.7962 3694633.0925 0 0 0 0 0 0 0 0 0                 
point3 274.80099987984 -3962910.4738 3351747.7962 3694633.0925 0 0 0 0 0 0 0 0 0                 
point3 275.00099992752 -3962910.4738 3351747.7962 3694633.0925 0 0 0 0 0 0 0 0 0                 
point3 275.2009999752 -3962910.4738 3351747.7962 3694633.0925 0 0 0 0 0 0 0 0 0                 
point3 275.40100002289 -3962910.4738 3351747.7962 3694633.0925 0 0 0 0 0 0 0 0 0                 
point3 275.60100007057 -3962910.4738 3351747.7962 3694633.0925 0 0 0 0 0 0 0 0 0                 
point3 275.80099987984 -3962910.4738 3351747.7963 3694633.0925 0 0 0 0 0 0 0 0 0                 
point3 276.00099992752 -3962910.4738 3351747.7962 3694633.0925 0 0 0 0 0 0 0 0 0                 
point3 276.2009999752 -3962910.4738 3351747.7963 3694633.0925 0 0 0 0 0 0 0 0 0                 
point3 276.40100002289 -3962910.473902 3351747.796198 3694633.092601 0 0 0 0 0 0 0 0 0                 
point3 276.60100007057 -3962910.474503 3351747.795597 3694633.093003 0 0 0 0 0 0 0 0 0                 
point3 276.80099987984 -3962910.474784 3351747.7951 3694633.093918 0 0 0 0 0 0 0 0 0                 
point3 277.00099992752 -3962910.469755 3351747.795204 3694633.098948 0 0 0 0 0 0 0 0 0                 
point3 277.2009999752 -3962910.459329 3351747.796209 3694633.10987 0 0 0 0 0 0 0 0 0                 
point3 277.40100002289 -3962910.444006 3351747.798413 3694633.124993 0 0 0 0 0 0 0 0 0                 
point3 277.60100007057 -3962910.423883 3351747.801216 3694633.144613 0 0 0 0 0 0 0 0 0                 
point3 277.80099987984 -3962910.399359 3351747.804821 3694633.168235 0 0 0 0 0 0 0 0 0                 
point3 278.00099992752 -3962910.369828 3351747.809225 3694633.196564 0 0 0 0 0 0 0 0 0                 
point3 278.2009999752 -3962910.332658 3351747.814837 3694633.232439 0 0 0 0 0 0 0 0 0                 
point3 278.40100002289 -3962910.2775039 3351747.823669 3694633.2867861 0 0 0 0 0 0 0 0 0                 
point3 278.60100007057 -3962910.1864519 3351747.839718 3694633.3745111 0 0 0 0 0 0 0 0 0                 
point3 278.80099987984 -3962910.0409341 3351747.865966 3694633.5108869 0 0 0 0 0 0 0 0 0                 
point3 279.00099992752 -3962909.8320461 3351747.901206 3694633.7016379 0 0 0 0 0 0 0 0 0                 
point3 279.2009999752 -3962909.5697321 3351747.945351 3694633.9406489 0 0 0 0 0 0 0 0 0                 
point3 279.40100002289 -3962909.2642917 3351747.997291 3694634.2192202 0 0 0 0 0 0 0 0 0                 
point3 279.60100007057 -3962908.9175427 3351748.0584341 3694634.5329193 0 0 0 0 0 0 0 0 0                 
point3 279.80099987984 -3962908.5316912 3351748.125448 3694634.8880379 0 0 0 0 0 0 0 0 0                 
point3 280.00099992752 -3962908.0996312 3351748.196361 3694635.2870528 0 0 0 0 0 0 0 0 0                 
point3 280.2009999752 -3962907.6166642 3351748.271495 3694635.7281418 0 0 0 0 0 0 0 0 0                 
point3 280.40100002289 -3962907.1024736 3351748.3528331 3694636.2050244 0 0 0 0 0 0 0 0 0                 
point3 280.60100007057 -3962906.5480935 3351748.4403501 3694636.7169684 0 0 0 0 0 0 0 0 0                 
point3 280.80099987984 -3962905.9589312 3351748.528218 3694637.2586398 0 0 0 0 0 0 0 0 0                 
point3 281.00099992752 -3962905.3361402 3351748.612942 3694637.8381358 0 0 0 0 0 0 0 0 0                 
point3 281.2009999752 -3962904.6762762 3351748.705908 3694638.4513608 0 0 0 0 0 0 0 0 0                 
point3 281.40100002289 -3962903.9804824 3351748.8072011 3694639.0928556 0 0 0 0 0 0 0 0 0                 
point3 281.60100007057 -3962903.2474964 3351748.9086371 3694639.7726156 0 0 0 0 0 0 0 0 0                 
point3 281.80099987984 -3962902.4784613 3351749.017971 3694640.4826347 0 0 0 0 0 0 0 0 0                 
point3 282.00099992752 -3962901.6836363 3351749.132695 3694641.2146417 0 0 0 0 0 0 0 0 0                 
point3 282.2009999752 -3962900.8655133 3351749.252612 3694641.9693747 0 0 0 0 0 0 0 0 0                 
point3 282.40100002289 -3962900.0196403 3351749.3758251 3694642.7523327 0 0 0 0 0 0 0 0 0                 
point3 282.60100007057 -3962899.1395733 3351749.5002131 3694643.5668877 0 0 0 0 0 0 0 0 0                 
point3 282.80099987984 -3962898.2272443 3351749.623938 3694644.4117337 0 0 0 0 0 0 0 0 0                 
point3 283.00099992752 -3962897.2891053 3351749.752454 3694645.2855647 0 0 0 0 0 0 0 0 0                 
point3 283.2009999752 -3962896.3225604 3351749.882544 3694646.1860207 0 0 0 0 0 0 0 0 0                 
point3 283.40100002289 -3962895.3266112 3351750.0130701 3694647.1178628 0 0 0 0 0 0 0 0 0                 
point3 283.60100007057 -3962894.3050021 3351750.1469511 3694648.0764858 0 0 0 0 0 0 0 0 0                 
point3 283.80099987984 -3962893.2594074 3351750.276131 3694649.0587876 0 0 0 0 0 0 0 0 0                 
point3 284.00099992752 -3962892.1967344 3351750.401714 3694650.0623886 0 0 0 0 0 0 0 0 0                 
point3 284.2009999752 -3962891.1206524 3351750.524105 3694651.0839676 0 0 0 0 0 0 0 0 0                 
point3 284.40100002289 -3962890.0277811 3351750.6447791 3694652.1219509 0 0 0 0 0 0 0 0 0                 
point3 284.60100007057 -3962888.9220411 3351750.7603851 3694653.1753179 0 0 0 0 0 0 0 0 0                 
point3 284.80099987984 -3962887.8007394 3351750.877813 3694654.2424116 0 0 0 0 0 0 0 0 0                 
point3 285.00099992752 -3962886.6500834 3351750.978646 3694655.3317066 0 0 0 0 0 0 0 0 0                 
point3 285.2009999752 -3962885.5021814 3351751.089118 3694656.4328526 0 0 0 0 0 0 0 0 0                 
point3 285.40100002289 -3962884.333747 3351751.1896591 3694657.5520699 0 0 0 0 0 0 0 0 0                 
point3 285.60100007057 -3962883.161872 3351751.3037381 3694658.6874179 0 0 0 0 0 0 0 0 0                 
point3 285.80099987984 -3962881.9737144 3351751.411796 3694659.8363246 0 0 0 0 0 0 0 0 0                 
point3 286.00099992752 -3962880.7732174 3351751.531153 3694661.0059136 0 0 0 0 0 0 0 0 0                 
point3 286.2009999752 -3962879.5511984 3351751.641765 3694662.1941166 0 0 0 0 0 0 0 0 0                 
point3 286.40100002289 -3962878.305917 3351751.7544431 3694663.402215 0 0 0 0 0 0 0 0 0                 
point3 286.60100007057 -3962877.0417709 3351751.8607291 3694664.631153 0 0 0 0 0 0 0 0 0                 
point3 286.80099987984 -3962875.7473265 3351751.967838 3694665.8901105 0 0 0 0 0 0 0 0 0                 
point3 287.00099992752 -3962874.4276215 3351752.07606 3694667.1790355 0 0 0 0 0 0 0 0 0                 
point3 287.2009999752 -3962873.0867275 3351752.18959 3694668.4927685 0 0 0 0 0 0 0 0 0                 
point3 287.40100002289 -3962871.7266149 3351752.3074941 3694669.8336011 0 0 0 0 0 0 0 0 0                 
point3 287.60100007057 -3962870.3457249 3351752.4276161 3694671.1988921 0 0 0 0 0 0 0 0 0                 
point3 287.80099987984 -3962868.9469515 3351752.550313 3694672.5810645 0 0 0 0 0 0 0 0 0                 
point3 288.00099992752 -3962867.5338935 3351752.673513 3694673.9775325 0 0 0 0 0 0 0 0 0                 
point3 288.2009999752 -3962866.1101865 3351752.795204 3694675.3873725 0 0 0 0 0 0 0 0 0                 
point3 288.40100002289 -3962864.6932058 3351752.9201511 3694676.8027062 0 0 0 0 0 0 0 0 0                 
point3 288.60100007057 -3962863.2638078 3351753.0476121 3694678.2305922 0 0 0 0 0 0 0 0 0                 
point3 288.80099987984 -3962861.8319575 3351753.169263 3694679.6619775 0 0 0 0 0 0 0 0 0                 
point3 289.00099992752 -3962860.3958825 3351753.278858 3694681.0808675 0 0 0 0 0 0 0 0 0                 
point3 289.2009999752 -3962858.9538765 3351753.396146 3694682.5153835 0 0 0 0 0 0 0 0 0                 
point3 289.40100002289 -3962857.5048998 3351753.5258441 3694683.9555662 0 0 0 0 0 0 0 0 0                 
point3 289.60100007057 -3962856.0411378 3351753.6538371 3694685.4131492 0 0 0 0 0 0 0 0 0                 
point3 289.80099987984 -3962854.5665125 3351753.781438 3694686.8840665 0 0 0 0 0 0 0 0 0                 
point3 290.00099992752 -3962853.0880905 3351753.909148 3694688.3585975 0 0 0 0 0 0 0 0 0                 
point3 290.2009999752 -3962851.6039675 3351754.039149 3694689.8402295 0 0 0 0 0 0 0 0 0                 
point3 290.40100002289 -3962850.1176698 3351754.1687381 3694691.3257202 0 0 0 0 0 0 0 0 0                 
point3 290.60100007057 -3962848.6326908 3351754.2967461 3694692.8090172 0 0 0 0 0 0 0 0 0                 
point3 290.80099987984 -3962847.1517055 3351754.425337 3694694.2923295 0 0 0 0 0 0 0 0 0                 
point3 291.00099992752 -3962845.6709765 3351754.55223 3694695.7794555 0 0 0 0 0 0 0 0 0                 
point3 291.2009999752 -3962844.1848495 3351754.677528 3694697.2716715 0 0 0 0 0 0 0 0 0                 
point3 291.40100002289 -3962842.6947408 3351754.8038361 3694698.7673052 0 0 0 0 0 0 0 0 0                 
point3 291.60100007057 -3962841.1999788 3351754.9304321 3694700.2710682 0 0 0 0 0 0 0 0 0                 
point3 291.80099987984 -3962839.6933445 3351755.05805 3694701.7858835 0 0 0 0 0 0 0 0 0                 
point3 292.00099992752 -3962838.1806325 3351755.189165 3694703.3026955 0 0 0 0 0 0 0 0 0                 
point3 292.2009999752 -3962836.6686125 3351755.321844 3694704.8246635 0 0 0 0 0 0 0 0 0                 
point3 292.40100002289 -3962835.1451527 3351755.4501281 3694706.3617243 0 0 0 0 0 0 0 0 0                 
point3 292.60100007057 -3962833.6175647 3351755.5764521 3694707.9032623 0 0 0 0 0 0 0 0 0                 
point3 292.80099987984 -3962832.0893375 3351755.707773 3694709.4356705 0 0 0 0 0 0 0 0 0                 
point3 293.00099992752 -3962830.5570745 3351755.843092 3694710.9693435 0 0 0 0 0 0 0 0 0                 
point3 293.2009999752 -3962829.0337155 3351755.980476 3694712.4945905 0 0 0 0 0 0 0 0 0                 
point3 293.40100002289 -3962827.5180618 3351756.1147761 3694714.0115542 0 0 0 0 0 0 0 0 0                 
point3 293.60100007057 -3962826.0158518 3351756.2493661 3694715.5181702 0 0 0 0 0 0 0 0 0                 
point3 293.80099987984 -3962824.5280955 3351756.38318 3694717.0085035 0 0 0 0 0 0 0 0 0                 
point3 294.00099992752 -3962823.0517685 3351756.518669 3694718.4863485 0 0 0 0 0 0 0 0 0                 
point3 294.2009999752 -3962821.5853825 3351756.65115 3694719.9547285 0 0 0 0 0 0 0 0 0                 
point3 294.40100002289 -3962820.1229018 3351756.7800371 3694721.4208292 0 0 0 0 0 0 0 0 0                 
point3 294.60100007057 -3962818.6644508 3351756.9066381 3694722.8859212 0 0 0 0 0 0 0 0 0                 
point3 294.80099987984 -3962817.2127765 3351757.032584 3694724.3492255 0 0 0 0 0 0 0 0 0                 
point3 295.00099992752 -3962815.7733025 3351757.143751 3694725.8133835 0 0 0 0 0 0 0 0 0                 
point3 295.2009999752 -3962814.3595825 3351757.248801 3694727.2693845 0 0 0 0 0 0 0 0 0                 
point3 295.40100002289 -3962812.9573269 3351757.3491911 3694728.7267842 0 0 0 0 0 0 0 0 0                 
point3 295.60100007057 -3962811.5678239 3351757.4423821 3694730.1802292 0 0 0 0 0 0 0 0 0                 
point3 295.80099987984 -3962810.1975285 3351757.513497 3694731.6245105 0 0 0 0 0 0 0 0 0                 
point3 296.00099992752 -3962808.8483215 3351757.569123 3694733.0657835 0 0 0 0 0 0 0 0 0                 
point3 296.2009999752 -3962807.5199995 3351757.612288 3694734.4974585 0 0 0 0 0 0 0 0 0                 
point3 296.40100002289 -3962806.227351 3351757.646321 3694735.9003951 0 0 0 0 0 0 0 0 0                 
point3 296.60100007057 -3962804.968868 3351757.668054 3694737.2714281 0 0 0 0 0 0 0 0 0                 
point3 296.80099987984 -3962803.7552944 3351757.674471 3694738.6100325 0 0 0 0 0 0 0 0 0                 
point3 297.00099992752 -3962802.5520804 3351757.664394 3694739.9374505 0 0 0 0 0 0 0 0 0                 
point3 297.2009999752 -3962801.3556864 3351757.643067 3694741.2633465 0 0 0 0 0 0 0 0 0                 
point3 297.40100002289 -3962800.180192 3351757.616165 3694742.5695231 0 0 0 0 0 0 0 0 0                 
point3 297.60100007057 -3962799.014803 3351757.588002 3694743.8759801 0 0 0 0 0 0 0 0 0                 
point3 297.80099987984 -3962797.8021984 3351757.542526 3694745.1918955 0 0 0 0 0 0 0 0 0                 
point3 298.00099992752 -3962796.5969024 3351757.489652 3694746.4749096 0 0 0 0 0 0 0 0 0                 
point3 298.2009999752 -3962795.4104784 3351757.43674 3694747.7187365 0 0 0 0 0 0 0 0 0                 
point3 298.40100002289 -3962794.205705 3351757.388105 3694748.992761 0 0 0 0 0 0 0 0 0                 
point3 298.60100007057 -3962793.015785 3351757.359923 3694750.255692 0 0 0 0 0 0 0 0 0                 
point3 298.80099987984 -3962791.8335504 3351757.3456 3694751.4907736 0 0 0 0 0 0 0 0 0                 
point3 299.00099992752 -3962790.6703774 3351757.34936 3694752.7225756 0 0 0 0 0 0 0 0 0                 
point3 299.2009999752 -3962789.5263904 3351757.359966 3694753.9311546 0 0 0 0 0 0 0 0 0                 
point3 299.40100002289 -3962788.3886931 3351757.375633 3694755.116822 0 0 0 0 0 0 0 0 0                 
point3 299.60100007057 -3962787.2768341 3351757.406516 3694756.2709259 0 0 0 0 0 0 0 0 0                 
point3 299.80099987984 -3962786.1876404 3351757.451361 3694757.3885116 0 0 0 0 0 0 0 0 0                 
point3 300.00099992752 -3962785.1180664 3351757.507019 3694758.4871236 0 0 0 0 0 0 0 0 0                 
point3 300.2009999752 -3962784.0519034 3351757.5699 3694759.5663066 0 0 0 0 0 0 0 0 0                 
point3 300.40100002289 -3962783.0002602 3351757.6333631 3694760.6191308 0 0 0 0 0 0 0 0 0                 
point3 300.60100007057 -3962781.9768412 3351757.7054371 3694761.6367968 0 0 0 0 0 0 0 0 0                 
point3 300.80099987984 -3962780.9738053 3351757.772852 3694762.6322116 0 0 0 0 0 0 0 0 0                 
point3 301.00099992752 -3962780.0019273 3351757.845787 3694763.6074737 0 0 0 0 0 0 0 0 0                 
point3 301.2009999752 -3962779.0515243 3351757.924314 3694764.5568867 0 0 0 0 0 0 0 0 0                 
point3 301.40100002289 -3962778.1211002 3351758.0082511 3694765.4914158 0 0 0 0 0 0 0 0 0                 
point3 301.60100007057 -3962777.2032372 3351758.1012931 3694766.4094327 0 0 0 0 0 0 0 0 0                 
point3 301.80099987984 -3962776.2926923 3351758.200707 3694767.3124687 0 0 0 0 0 0 0 0 0                 
point3 302.00099992752 -3962775.3938213 3351758.30117 3694768.2033087 0 0 0 0 0 0 0 0 0                 
point3 302.2009999752 -3962774.5003763 3351758.393041 3694769.0815427 0 0 0 0 0 0 0 0 0                 
point3 302.40100002289 -3962773.6199773 3351758.4816531 3694769.9464537 0 0 0 0 0 0 0 0 0                 
point3 302.60100007057 -3962772.7593633 3351758.5725431 3694770.7912477 0 0 0 0 0 0 0 0 0                 
point3 302.80099987984 -3962771.9170543 3351758.660955 3694771.6160657 0 0 0 0 0 0 0 0 0                 
point3 303.00099992752 -3962771.0920373 3351758.753898 3694772.4246707 0 0 0 0 0 0 0 0 0                 
point3 303.2009999752 -3962770.2809653 3351758.854609 3694773.2148037 0 0 0 0 0 0 0 0 0                 
point3 303.40100002289 -3962769.4763043 3351758.9563081 3694773.9933586 0 0 0 0 0 0 0 0 0                 
point3 303.60100007057 -3962768.6794363 3351759.0596451 3694774.7618926 0 0 0 0 0 0 0 0 0                 
point3 303.80099987984 -3962767.8887703 3351759.168847 3694775.5178397 0 0 0 0 0 0 0 0 0                 
point3 304.00099992752 -3962767.1033833 3351759.281011 3694776.2625757 0 0 0 0 0 0 0 0 0                 
point3 304.2009999752 -3962766.3224143 3351759.405255 3694776.9947127 0 0 0 0 0 0 0 0 0                 
point3 304.40100002289 -3962765.5447084 3351759.5386131 3694777.7142486 0 0 0 0 0 0 0 0 0                 
point3 304.60100007057 -3962764.7678064 3351759.6842671 3694778.4211006 0 0 0 0 0 0 0 0 0                 
point3 304.80099987984 -3962763.9884063 3351759.8402099 3694779.1182428 0 0 0 0 0 0 0 0 0                 
point3 305.00099992752 -3962763.2101953 3351760.0045649 3694779.8050258 0 0 0 0 0 0 0 0 0                 
point3 305.2009999752 -3962762.4247063 3351760.1825509 3694780.4907438 0 0 0 0 0 0 0 0 0                 
point3 305.40100002289 -3962761.6207063 3351760.3743702 3694781.1822086 0 0 0 0 0 0 0 0 0                 
point3 305.60100007057 -3962760.7972183 3351760.5705192 3694781.8872656 0 0 0 0 0 0 0 0 0                 
point3 305.80099987984 -3962759.9579573 3351760.7760389 3694782.6027137 0 0 0 0 0 0 0 0 0                 
point3 306.00099992752 -3962759.1071133 3351760.9827149 3694783.3289847 0 0 0 0 0 0 0 0 0                 
point3 306.2009999752 -3962758.2472593 3351761.1840059 3694784.0692397 0 0 0 0 0 0 0 0 0                 
point3 306.40100002289 -3962757.3756083 3351761.3865302 3694784.8196946 0 0 0 0 0 0 0 0 0                 
point3 306.60100007057 -3962756.4957573 3351761.5930252 3694785.5815566 0 0 0 0 0 0 0 0 0                 
point3 306.80099987984 -3962755.6027623 3351761.7970109 3694786.3577717 0 0 0 0 0 0 0 0 0                 
point3 307.00099992752 -3962754.6885273 3351761.9996149 3694787.1596177 0 0 0 0 0 0 0 0 0                 
point3 307.2009999752 -3962753.7481173 3351762.1999589 3694787.9907617 0 0 0 0 0 0 0 0 0                 
point3 307.40100002289 -3962752.7865152 3351762.3915422 3694788.8505037 0 0 0 0 0 0 0 0 0                 
point3 307.60100007057 -3962751.8058182 3351762.5777132 3694789.7377387 0 0 0 0 0 0 0 0 0                 
point3 307.80099987984 -3962750.8016324 3351762.7590949 3694790.6519617 0 0 0 0 0 0 0 0 0                 
point3 308.00099992752 -3962749.7841584 3351762.9375699 3694791.5908677 0 0 0 0 0 0 0 0 0                 
point3 308.2009999752 -3962748.7530034 3351763.1096429 3694792.5474407 0 0 0 0 0 0 0 0 0                 
point3 308.40100002289 -3962747.7117611 3351763.2773201 3694793.5199128 0 0 0 0 0 0 0 0 0                 
point3 308.60100007057 -3962746.6628611 3351763.4399881 3694794.5037308 0 0 0 0 0 0 0 0 0                 
point3 308.80099987984 -3962745.6154584 3351763.5969009 3694795.4888056 0 0 0 0 0 0 0 0 0                 
point3 309.00099992752 -3962744.5673664 3351763.7602419 3694796.4684847 0 0 0 0 0 0 0 0 0                 
point3 309.2009999752 -3962743.5208914 3351763.9285279 3694797.4445597 0 0 0 0 0 0 0 0 0                 
point3 309.40100002289 -3962742.4798021 3351764.0936301 3694798.4151278 0 0 0 0 0 0 0 0 0                 
point3 309.60100007057 -3962741.4417171 3351764.2597331 3694799.3792018 0 0 0 0 0 0 0 0 0                 
point3 309.80099987984 -3962740.4059394 3351764.4269339 3694800.3374657 0 0 0 0 0 0 0 0 0                 
point3 310.00099992752 -3962739.3746604 3351764.5939299 3694801.2886267 0 0 0 0 0 0 0 0 0                 
point3 310.2009999752 -3962738.3499044 3351764.7593239 3694802.2324967 0 0 0 0 0 0 0 0 0                 
point3 310.40100002289 -3962737.3338572 3351764.9230981 3694803.1704768 0 0 0 0 0 0 0 0 0                 
point3 310.60100007057 -3962736.3259712 3351765.0820961 3694804.1050608 0 0 0 0 0 0 0 0 0                 
point3 310.80099987984 -3962735.3226064 3351765.2403789 3694805.0368477 0 0 0 0 0 0 0 0 0                 
point3 311.00099992752 -3962734.3255514 3351765.3947469 3694805.9646147 0 0 0 0 0 0 0 0 0                 
point3 311.2009999752 -3962733.3375644 3351765.5434419 3694806.8862917 0 0 0 0 0 0 0 0 0                 
point3 311.40100002289 -3962732.3506612 3351765.6915471 3694807.8038868 0 0 0 0 0 0 0 0 0                 
point3 311.60100007057 -3962731.3622542 3351765.8405381 3694808.7223068 0 0 0 0 0 0 0 0 0                 
point3 311.80099987984 -3962730.3710124 3351765.9878429 3694809.6438197 0 0 0 0 0 0 0 0 0                 
point3 312.00099992752 -3962729.3713714 3351766.1369499 3694810.5701667 0 0 0 0 0 0 0 0 0                 
point3 312.2009999752 -3962728.3640464 3351766.2872539 3694811.5048867 0 0 0 0 0 0 0 0 0                 
point3 312.40100002289 -3962727.3524502 3351766.4380571 3694812.4420788 0 0 0 0 0 0 0 0 0                 
point3 312.60100007057 -3962726.3455402 3351766.5890271 3694813.3748848 0 0 0 0 0 0 0 0 0                 
point3 312.80099987984 -3962725.3653863 3351766.7331009 3694814.2810747 0 0 0 0 0 0 0 0 0                 
point3 313.00099992752 -3962724.4334813 3351766.870664 3694815.1456897 0 0 0 0 0 0 0 0 0                 
point3 313.2009999752 -3962723.5353713 3351767.00275 3694815.9785127 0 0 0 0 0 0 0 0 0                 
point3 313.40100002289 -3962722.6542653 3351767.1328391 3694816.7982487 0 0 0 0 0 0 0 0 0                 
point3 313.60100007057 -3962721.7917573 3351767.2588011 3694817.6035687 0 0 0 0 0 0 0 0 0                 
point3 313.80099987984 -3962720.9492733 3351767.378365 3694818.3942197 0 0 0 0 0 0 0 0 0                 
point3 314.00099992752 -3962720.1283723 3351767.486258 3694819.1762657 0 0 0 0 0 0 0 0 0                 
point3 314.2009999752 -3962719.3313483 3351767.575006 3694819.9448657 0 0 0 0 0 0 0 0 0                 
point3 314.40100002289 -3962718.5709464 3351767.6534411 3694820.6914226 0 0 0 0 0 0 0 0 0                 
point3 314.60100007057 -3962717.8517314 3351767.720084 3694821.4080896 0 0 0 0 0 0 0 0 0                 
point3 314.80099987984 -3962717.1659932 3351767.771163 3694822.1011118 0 0 0 0 0 0 0 0 0                 
point3 315.00099992752 -3962716.5094862 3351767.798855 3694822.7818928 0 0 0 0 0 0 0 0 0                 
point3 315.2009999752 -3962715.8758212 3351767.806529 3694823.4596598 0 0 0 0 0 0 0 0 0                 
point3 315.40100002289 -3962715.2692785 3351767.783743 3694824.1296275 0 0 0 0 0 0 0 0 0                 
point3 315.60100007057 -3962714.6942816 3351767.7221349 3694824.7936125 0 0 0 0 0 0 0 0 0                 
point3 315.80099987984 -3962714.1624912 3351767.620188 3694825.4550738 0 0 0 0 0 0 0 0 0                 
point3 316.00099992752 -3962713.6667182 3351767.4893591 3694826.1076178 0 0 0 0 0 0 0 0 0                 
point3 316.2009999752 -3962713.2001052 3351767.3335361 3694826.7478718 0 0 0 0 0 0 0 0 0                 
point3 316.40100002289 -3962712.7733337 3351767.1280448 3694827.3817465 0 0 0 0 0 0 0 0 0                 
point3 316.60100007057 -3962712.3886887 3351766.8910988 3694828.0081865 0 0 0 0 0 0 0 0 0                 
point3 316.80099987984 -3962712.0376391 3351766.6173121 3694828.6241688 0 0 0 0 0 0 0 0 0                 
point3 317.00099992752 -3962711.7384831 3351766.2863811 3694829.2365208 0 0 0 0 0 0 0 0 0                 
point3 317.2009999752 -3962711.4851961 3351765.9128961 3694829.8361388 0 0 0 0 0 0 0 0 0                 
point3 317.40100002289 -3962711.2766619 3351765.4994196 3694830.4214785 0 0 0 0 0 0 0 0 0                 
point3 317.60100007057 -3962711.1267539 3351765.0313226 3694830.9908615 0 0 0 0 0 0 0 0 0                 
point3 317.80099987984 -3962711.02612 3351764.5289902 3694831.5391958 0 0 0 0 0 0 0 0 0                 
point3 318.00099992752 -3962710.961655 3351763.9992332 3694832.0736868 0 0 0 0 0 0 0 0 0                 
point3 318.2009999752 -3962710.943547 3351763.4377932 3694832.5844788 0 0 0 0 0 0 0 0 0                 
point3 318.40100002289 -3962710.959592 3351762.8523275 3694833.0778204 0 0 0 0 0 0 0 0 0                 
point3 318.60100007057 -3962711.0065691 3351762.2546395 3694833.5574234 0 0 0 0 0 0 0 0 0                 
point3 318.80099987984 -3962711.090454 3351761.6373342 3694834.0163088 0 0 0 0 0 0 0 0 0                 
point3 319.00099992752 -3962711.208663 3351760.9987362 3694834.4528538 0 0 0 0 0 0 0 0 0                 
point3 319.2009999752 -3962711.3444319 3351760.3423532 3694834.8847918 0 0 0 0 0 0 0 0 0                 
point3 319.40100002289 -3962711.4943131 3351759.6657114 3694835.3274614 0 0 0 0 0 0 0 0 0                 
point3 319.60100007057 -3962711.6621081 3351758.9608574 3694835.7808834 0 0 0 0 0 0 0 0 0                 
point3 319.80099987984 -3962711.8468799 3351758.2234003 3694836.2412488 0 0 0 0 0 0 0 0 0                 
point3 320.00099992752 -3962712.0483949 3351757.4561383 3694836.7114778 0 0 0 0 0 0 0 0 0                 
point3 320.2009999752 -3962712.2742279 3351756.6515983 3694837.1907618 0 0 0 0 0 0 0 0 0                 
point3 320.40100002289 -3962712.5264532 3351755.7962073 3694837.6858384 0 0 0 0 0 0 0 0 0                 
point3 320.60100007057 -3962712.8027702 3351754.8836542 3694838.1996784 0 0 0 0 0 0 0 0 0                 
point3 320.80099987984 -3962713.1046149 3351753.9220164 3694838.7390508 0 0 0 0 0 0 0 0 0                 
point3 321.00099992752 -3962713.4348619 3351752.9110604 3694839.2901958 0 0 0 0 0 0 0 0 0                 
point3 321.2009999752 -3962713.7941899 3351751.8491944 3694839.8542998 0 0 0 0 0 0 0 0 0                 
point3 321.40100002289 -3962714.1763603 3351750.7371741 3694840.4409325 0 0 0 0 0 0 0 0 0                 
point3 321.60100007057 -3962714.5720463 3351749.581486 3694841.0517065 0 0 0 0 0 0 0 0 0                 
point3 321.80099987984 -3962714.9869348 3351748.3897064 3694841.6748468 0 0 0 0 0 0 0 0 0                 
point3 322.00099992752 -3962715.4172978 3351747.1644774 3694842.3064938 0 0 0 0 0 0 0 0 0                 
point3 322.2009999752 -3962715.8588358 3351745.9148104 3694842.9477448 0 0 0 0 0 0 0 0 0                 
point3 322.40100002289 -3962716.3065504 3351744.653749 3694843.6003005 0 0 0 0 0 0 0 0 0                 
point3 322.60100007057 -3962716.7589994 3351743.3802729 3694844.2611335 0 0 0 0 0 0 0 0 0                 
point3 322.80099987984 -3962717.2202468 3351742.0883965 3694844.9289688 0 0 0 0 0 0 0 0 0                 
point3 323.00099992752 -3962717.6914728 3351740.7835275 3694845.6042878 0 0 0 0 0 0 0 0 0                 
point3 323.2009999752 -3962718.1672008 3351739.4652515 3694846.2829178 0 0 0 0 0 0 0 0 0                 
point3 323.40100002289 -3962718.6494214 3351738.1338149 3694846.9693666 0 0 0 0 0 0 0 0 0                 
point3 323.60100007057 -3962719.1342454 3351736.7955909 3694847.6627676 0 0 0 0 0 0 0 0 0                 
point3 323.80099987984 -3962719.6238678 3351735.4526595 3694848.3575928 0 0 0 0 0 0 0 0 0                 
point3 324.00099992752 -3962720.1189988 3351734.1000805 3694849.0568107 0 0 0 0 0 0 0 0 0                 
point3 324.2009999752 -3962720.6206318 3351732.7325115 3694849.7598227 0 0 0 0 0 0 0 0 0                 
point3 324.40100002289 -3962721.1279534 3351731.3500259 3694850.4650516 0 0 0 0 0 0 0 0 0                 
point3 324.60100007057 -3962721.6399794 3351729.9505298 3694851.1783046 0 0 0 0 0 0 0 0 0                 
point3 324.80099987984 -3962722.1570998 3351728.5334795 3694851.9018767 0 0 0 0 0 0 0 0 0                 
point3 325.00099992752 -3962722.6769958 3351727.1068985 3694852.6435947 0 0 0 0 0 0 0 0 0                 
point3 325.2009999752 -3962723.1984388 3351725.6591775 3694853.4053427 0 0 0 0 0 0 0 0 0                 
point3 325.40100002289 -3962723.7240204 3351724.1924488 3694854.1784806 0 0 0 0 0 0 0 0 0                 
point3 325.60100007057 -3962724.2479164 3351722.7226258 3694854.9563166 0 0 0 0 0 0 0 0 0                 
point3 325.80099987984 -3962724.7750678 3351721.2452485 3694855.7404517 0 0 0 0 0 0 0 0 0                 
point3 326.00099992752 -3962725.3079548 3351719.7497705 3694856.5321697 0 0 0 0 0 0 0 0 0                 
point3 326.2009999752 -3962725.8388238 3351718.2465285 3694857.3240367 0 0 0 0 0 0 0 0 0                 
point3 326.40100002289 -3962726.3632184 3351716.7548288 3694858.1123697 0 0 0 0 0 0 0 0 0                 
point3 326.60100007057 -3962726.8865204 3351715.2579968 3694858.9092127 0 0 0 0 0 0 0 0 0                 
point3 326.80099987984 -3962727.4090868 3351713.7585535 3694859.7098677 0 0 0 0 0 0 0 0 0                 
point3 327.00099992752 -3962727.9249788 3351712.2736255 3694860.5018457 0 0 0 0 0 0 0 0 0                 
point3 327.2009999752 -3962728.4416948 3351710.7982185 3694861.2922887 0 0 0 0 0 0 0 0 0                 
point3 327.40100002289 -3962728.9609854 3351709.3227278 3694862.0925067 0 0 0 0 0 0 0 0 0                 
point3 327.60100007057 -3962729.4767654 3351707.8470438 3694862.8891386 0 0 0 0 0 0 0 0 0                 
point3 327.80099987984 -3962729.9905668 3351706.3813075 3694863.6748047 0 0 0 0 0 0 0 0 0                 
point3 328.00099992752 -3962730.5027868 3351704.9208975 3694864.4562077 0 0 0 0 0 0 0 0 0                 
point3 328.2009999752 -3962731.0209698 3351703.4562945 3694865.2364727 0 0 0 0 0 0 0 0 0                 
point3 328.40100002289 -3962731.5343614 3351701.9744348 3694866.0092396 0 0 0 0 0 0 0 0 0                 
point3 328.60100007057 -3962732.0462434 3351700.5078048 3694866.7728086 0 0 0 0 0 0 0 0 0                 
point3 328.80099987984 -3962732.5567868 3351699.0476895 3694867.5384877 0 0 0 0 0 0 0 0 0                 
point3 329.00099992752 -3962733.0750968 3351697.5874255 3694868.3184867 0 0 0 0 0 0 0 0 0                 
point3 329.2009999752 -3962733.5922708 3351696.1359815 3694869.0948337 0 0 0 0 0 0 0 0 0                 
point3 329.40100002289 -3962734.1055644 3351694.6933058 3694869.8599056 0 0 0 0 0 0 0 0 0                 
point3 329.60100007057 -3962734.6191594 3351693.2567498 3694870.6184686 0 0 0 0 0 0 0 0 0                 
point3 329.80099987984 -3962735.1304478 3351691.8300905 3694871.3695307 0 0 0 0 0 0 0 0 0                 
point3 330.00099992752 -3962735.6396438 3351690.4081095 3694872.1146327 0 0 0 0 0 0 0 0 0                 
point3 330.2009999752 -3962736.1472288 3351688.9898015 3694872.8627297 0 0 0 0 0 0 0 0 0                 
point3 330.40100002289 -3962736.6528244 3351687.5697978 3694873.6081246 0 0 0 0 0 0 0 0 0                 
point3 330.60100007057 -3962737.1570084 3351686.1513978 3694874.3540366 0 0 0 0 0 0 0 0 0                 
point3 330.80099987984 -3962737.6592998 3351684.7294805 3694875.0996447 0 0 0 0 0 0 0 0 0                 
point3 331.00099992752 -3962738.1558248 3351683.3072055 3694875.8532217 0 0 0 0 0 0 0 0 0                 
point3 331.2009999752 -3962738.6379818 3351681.8891215 3694876.6214857 0 0 0 0 0 0 0 0 0                 
point3 331.40100002289 -3962739.1127604 3351680.4733058 3694877.4012246 0 0 0 0 0 0 0 0 0                 
point3 331.60100007057 -3962739.5857824 3351679.0567338 3694878.1870336 0 0 0 0 0 0 0 0 0                 
point3 331.80099987984 -3962740.0634018 3351677.6411745 3694878.9725377 0 0 0 0 0 0 0 0 0                 
point3 332.00099992752 -3962740.5463288 3351676.2138375 3694879.7612437 0 0 0 0 0 0 0 0 0                 
point3 332.2009999752 -3962741.0311098 3351674.7810175 3694880.5499427 0 0 0 0 0 0 0 0 0                 
point3 332.40100002289 -3962741.5144514 3351673.3443108 3694881.3374126 0 0 0 0 0 0 0 0 0                 
point3 332.60100007057 -3962742.0048494 3351671.9055008 3694882.1194296 0 0 0 0 0 0 0 0 0                 
point3 332.80099987984 -3962742.4961638 3351670.4647895 3694882.9043027 0 0 0 0 0 0 0 0 0                 
point3 333.00099992752 -3962742.9878348 3351669.0233055 3694883.6838887 0 0 0 0 0 0 0 0 0                 
point3 333.2009999752 -3962743.4731278 3351667.5865715 3694884.4609557 0 0 0 0 0 0 0 0 0                 
point3 333.40100002289 -3962743.9578254 3351666.1620968 3694885.2305176 0 0 0 0 0 0 0 0 0                 
point3 333.60100007057 -3962744.4437334 3351664.7445378 3694885.9953336 0 0 0 0 0 0 0 0 0                 
point3 333.80099987984 -3962744.9303278 3351663.3339605 3694886.7603087 0 0 0 0 0 0 0 0 0                 
point3 334.00099992752 -3962745.4161298 3351661.9275855 3694887.5201657 0 0 0 0 0 0 0 0 0                 
point3 334.2009999752 -3962745.9018398 3351660.5261225 3694888.2715127 0 0 0 0 0 0 0 0 0                 
point3 334.40100002289 -3962746.3890394 3351659.1310539 3694889.0130916 0 0 0 0 0 0 0 0 0                 
point3 334.60100007057 -3962746.8761124 3351657.7419579 3694889.7509006 0 0 0 0 0 0 0 0 0                 
point3 334.80099987984 -3962747.3585048 3351656.3572125 3694890.4912147 0 0 0 0 0 0 0 0 0                 
point3 335.00099992752 -3962747.8402108 3351654.9807835 3694891.2335167 0 0 0 0 0 0 0 0 0                 
point3 335.2009999752 -3962748.3231408 3351653.5930425 3694891.9777417 0 0 0 0 0 0 0 0 0                 
point3 335.40100002289 -3962748.8112284 3351652.2013329 3694892.7268476 0 0 0 0 0 0 0 0 0                 
point3 335.60100007057 -3962749.2958204 3351650.8050908 3694893.4776926 0 0 0 0 0 0 0 0 0                 
point3 335.80099987984 -3962749.7802138 3351649.4029895 3694894.2365837 0 0 0 0 0 0 0 0 0                 
point3 336.00099992752 -3962750.2634188 3351648.0026255 3694894.9906397 0 0 0 0 0 0 0 0 0                 
point3 336.2009999752 -3962750.7470248 3351646.6100585 3694895.7377087 0 0 0 0 0 0 0 0 0                 
point3 336.40100002289 -3962751.2319314 3351645.2234959 3694896.4797086 0 0 0 0 0 0 0 0 0                 
point3 336.60100007057 -3962751.7186364 3351643.8425939 3694897.2188596 0 0 0 0 0 0 0 0 0                 
point3 336.80099987984 -3962752.2068438 3351642.4666535 3694897.9494267 0 0 0 0 0 0 0 0 0                 
point3 337.00099992752 -3962752.6956728 3351641.0962765 3694898.6704477 0 0 0 0 0 0 0 0 0                 
point3 337.2009999752 -3962753.1910628 3351639.7311695 3694899.3790207 0 0 0 0 0 0 0 0 0                 
point3 337.40100002289 -3962753.6868114 3351638.3680289 3694900.0768336 0 0 0 0 0 0 0 0 0                 
point3 337.60100007057 -3962754.1852624 3351637.0150389 3694900.7647316 0 0 0 0 0 0 0 0 0                 
point3 337.80099987984 -3962754.6802848 3351635.6689565 3694901.4519348 0 0 0 0 0 0 0 0 0                 
point3 338.00099992752 -3962755.1733588 3351634.3435645 3694902.1416338 0 0 0 0 0 0 0 0 0                 
point3 338.2009999752 -3962755.6687988 3351633.0168125 3694902.8259028 0 0 0 0 0 0 0 0 0                 
point3 338.40100002289 -3962756.1688964 3351631.7022329 3694903.5021165 0 0 0 0 0 0 0 0 0                 
point3 338.60100007057 -3962756.6685144 3351630.3858939 3694904.1613435 0 0 0 0 0 0 0 0 0                 
point3 338.80099987984 -3962757.1719238 3351629.0717165 3694904.8094928 0 0 0 0 0 0 0 0 0                 
point3 339.00099992752 -3962757.6734858 3351627.7754115 3694905.4446498 0 0 0 0 0 0 0 0 0                 
point3 339.2009999752 -3962758.1731218 3351626.4788585 3694906.0747548 0 0 0 0 0 0 0 0 0                 
point3 339.40100002289 -3962758.6768974 3351625.1933139 3694906.7029135 0 0 0 0 0 0 0 0 0                 
point3 339.60100007057 -3962759.1758004 3351623.918759 3694907.3248975 0 0 0 0 0 0 0 0 0                 
point3 339.80099987984 -3962759.6753728 3351622.6531114 3694907.9442088 0 0 0 0 0 0 0 0 0                 
point3 340.00099992752 -3962760.1677218 3351621.3999064 3694908.5655888 0 0 0 0 0 0 0 0 0                 
point3 340.2009999752 -3962760.6475398 3351620.1675494 3694909.1820528 0 0 0 0 0 0 0 0 0                 
point3 340.40100002289 -3962761.1124884 3351618.964183 3694909.7885615 0 0 0 0 0 0 0 0 0                 
point3 340.60100007057 -3962761.5675124 3351617.788315 3694910.3757015 0 0 0 0 0 0 0 0 0                 
point3 340.80099987984 -3962762.0046328 3351616.6379354 3694910.9556668 0 0 0 0 0 0 0 0 0                 
point3 341.00099992752 -3962762.4298789 3351615.5112504 3694911.5240958 0 0 0 0 0 0 0 0 0                 
point3 341.2009999752 -3962762.8401759 3351614.4071654 3694912.0826848 0 0 0 0 0 0 0 0 0                 
point3 341.40100002289 -3962763.2330383 3351613.3249431 3694912.6384445 0 0 0 0 0 0 0 0 0                 
point3 341.60100007057 -3962763.6188043 3351612.2564831 3694913.1863344 0 0 0 0 0 0 0 0 0                 
point3 341.80099987984 -3962763.9973769 3351611.1945324 3694913.7340458 0 0 0 0 0 0 0 0 0                 
point3 342.00099992752 -3962764.3724649 3351610.1416604 3694914.2820398 0 0 0 0 0 0 0 0 0                 
point3 342.2009999752 -3962764.7443269 3351609.0942894 3694914.8289618 0 0 0 0 0 0 0 0 0                 
point3 342.40100002289 -3962765.1067043 3351608.0552951 3694915.3855575 0 0 0 0 0 0 0 0 0                 
point3 342.60100007057 -3962765.4682073 3351607.0166452 3694915.9338064 0 0 0 0 0 0 0 0 0                 
point3 342.80099987984 -3962765.8271459 3351605.9879974 3694916.4767538 0 0 0 0 0 0 0 0 0                 
point3 343.00099992752 -3962766.1762579 3351604.9684074 3694917.0248978 0 0 0 0 0 0 0 0 0                 
point3 343.2009999752 -3962766.5269449 3351603.9512604 3694917.5649048 0 0 0 0 0 0 0 0 0                 
point3 343.40100002289 -3962766.8752153 3351602.9462862 3694918.1069104 0 0 0 0 0 0 0 0 0                 
point3 343.60100007057 -3962767.2176023 3351601.9461282 3694918.6474014 0 0 0 0 0 0 0 0 0                 
point3 343.80099987984 -3962767.5579019 3351600.9507454 3694919.1872948 0 0 0 0 0 0 0 0 0                 
point3 344.00099992752 -3962767.8969849 3351599.9611624 3694919.7264868 0 0 0 0 0 0 0 0 0                 
point3 344.2009999752 -3962768.2350889 3351598.9777263 3694920.2614678 0 0 0 0 0 0 0 0 0                 
point3 344.40100002289 -3962768.5717743 3351598.0007052 3694920.7948594 0 0 0 0 0 0 0 0 0                 
point3 344.60100007057 -3962768.9088283 3351597.0233382 3694921.3243104 0 0 0 0 0 0 0 0 0                 
point3 344.80099987984 -3962769.2550059 3351596.0569863 3694921.8442518 0 0 0 0 0 0 0 0 0                 
point3 345.00099992752 -3962769.5925439 3351595.0956993 3694922.3506648 0 0 0 0 0 0 0 0 0                 
point3 345.2009999752 -3962769.9179599 3351594.1711423 3694922.8395038 0 0 0 0 0 0 0 0 0                 
point3 345.40100002289 -3962770.2219282 3351593.3143373 3694923.3147034 0 0 0 0 0 0 0 0 0                 
point3 345.60100007057 -3962770.5054062 3351592.4919744 3694923.7425853 0 0 0 0 0 0 0 0 0                 
point3 345.80099987984 -3962770.7837279 3351591.7190353 3694924.1370499 0 0 0 0 0 0 0 0 0                 
point3 346.00099992752 -3962771.0409799 3351591.0012052 3694924.5224759 0 0 0 0 0 0 0 0 0                 
point3 346.2009999752 -3962771.2752489 3351590.3330422 3694924.8626569 0 0 0 0 0 0 0 0 0                 
point3 346.40100002289 -3962771.5025792 3351589.7158315 3694925.1681382 0 0 0 0 0 0 0 0 0                 
point3 346.60100007057 -3962771.7131642 3351589.1573336 3694925.4462722 0 0 0 0 0 0 0 0 0                 
point3 346.80099987984 -3962771.8994439 3351588.6591332 3694925.6930209 0 0 0 0 0 0 0 0 0                 
point3 347.00099992752 -3962772.0638579 3351588.2213381 3694925.9081469 0 0 0 0 0 0 0 0 0                 
point3 347.2009999752 -3962772.210148 3351587.8443371 3694926.0895999 0 0 0 0 0 0 0 0 0                 
point3 347.40100002289 -3962772.3340381 3351587.5256078 3694926.2428741 0 0 0 0 0 0 0 0 0                 
point3 347.60100007057 -3962772.4363511 3351587.2598398 3694926.3728731 0 0 0 0 0 0 0 0 0                 
point3 347.80099987984 -3962772.523489 3351587.0373191 3694926.482071 0 0 0 0 0 0 0 0 0                 
point3 348.00099992752 -3962772.597522 3351586.8491751 3694926.572093 0 0 0 0 0 0 0 0 0                 
point3 348.2009999752 -3962772.659171 3351586.691714 3694926.647331 0 0 0 0 0 0 0 0 0                 
point3 348.40100002289 -3962772.710826 3351586.5606339 3694926.710572 0 0 0 0 0 0 0 0 0                 
point3 348.60100007057 -3962772.753786 3351586.4529359 3694926.762218 0 0 0 0 0 0 0 0 0                 
point3 348.80099987984 -3962772.789357 3351586.364614 3694926.803581 0 0 0 0 0 0 0 0 0                 
point3 349.00099992752 -3962772.820765 3351586.28769 3694926.839792 0 0 0 0 0 0 0 0 0                 
point3 349.2009999752 -3962772.85489 3351586.202639 3694926.879513 0 0 0 0 0 0 0 0 0                 
point3 349.40100002289 -3962772.893603 3351586.1088039 3694926.922827 0 0 0 0 0 0 0 0 0                 
point3 349.60100007057 -3962772.934817 3351586.0077699 3694926.969347 0 0 0 0 0 0 0 0 0                 
point3 349.80099987984 -3962772.978933 3351585.899736 3694927.019357 0 0 0 0 0 0 0 0 0                 
point3 350.00099992752 -3962773.025834 3351585.786645 3694927.070551 0 0 0 0 0 0 0 0 0                 
point3 350.2009999752 -3962773.071614 3351585.677683 3694927.119937 0 0 0 0 0 0 0 0 0                 
point3 350.40100002289 -3962773.113701 3351585.5758109 3694927.166623 0 0 0 0 0 0 0 0 0                 
point3 350.60100007057 -3962773.153084 3351585.4803649 3694927.209693 0 0 0 0 0 0 0 0 0                 
point3 350.80099987984 -3962773.188557 3351585.39653 3694927.246562 0 0 0 0 0 0 0 0 0                 
point3 351.00099992752 -3962773.218429 3351585.325894 3694927.277736 0 0 0 0 0 0 0 0 0                 
point3 351.2009999752 -3962773.243007 3351585.267648 3694927.303511 0 0 0 0 0 0 0 0 0                 
point3 351.40100002289 -3962773.263391 3351585.219484 3694927.324696 0 0 0 0 0 0 0 0 0                 
point3 351.60100007057 -3962773.281387 3351585.176991 3694927.343795 0 0 0 0 0 0 0 0 0                 
point3 351.80099987984 -3962773.298786 3351585.135596 3694927.362592 0 0 0 0 0 0 0 0 0                 
point3 352.00099992752 -3962773.316087 3351585.094797 3694927.380791 0 0 0 0 0 0 0 0 0                 
point3 352.2009999752 -3962773.333488 3351585.054096 3694927.399092 0 0 0 0 0 0 0 0 0                 
point3 352.40100002289 -3962773.351088 3351585.013095 3694927.417592 0 0 0 0 0 0 0 0 0                 
point3 352.60100007057 -3962773.368789 3351584.971992 3694927.436092 0 0 0 0 0 0 0 0 0                 
point3 352.80099987984 -3962773.386794 3351584.930083 3694927.454597 0 0 0 0 0 0 0 0 0                 
point3 353.00099992752 -3962773.406207 3351584.885046 3694927.474814 0 0 0 0 0 0 0 0 0                 
point3 353.2009999752 -3962773.428931 3351584.831595 3694927.498737 0 0 0 0 0 0 0 0 0                 
point3 353.40100002289 -3962773.456456 3351584.7679369 3694927.527262 0 0 0 0 0 0 0 0 0                 
point3 353.60100007057 -3962773.489085 3351584.6919749 3694927.560988 0 0 0 0 0 0 0 0 0                 
point3 353.80099987984 -3962773.527415 3351584.603608 3694927.600115 0 0 0 0 0 0 0 0 0                 
point3 354.00099992752 -3962773.572255 3351584.501224 3694927.644851 0 0 0 0 0 0 0 0 0                 
point3 354.2009999752 -3962773.625609 3351584.380605 3694927.697506 0 0 0 0 0 0 0 0 0                 
point3 354.40100002289 -3962773.6908811 3351584.2336459 3694927.7618661 0 0 0 0 0 0 0 0 0                 
point3 354.60100007057 -3962773.7708611 3351584.0544808 3694927.8377221 0 0 0 0 0 0 0 0 0                 
point3 354.80099987984 -3962773.867337 3351583.8430331 3694927.924984 0 0 0 0 0 0 0 0 0                 
point3 355.00099992752 -3962773.978313 3351583.6026081 3694928.024523 0 0 0 0 0 0 0 0 0                 
point3 355.2009999752 -3962774.1054069 3351583.3390081 3694928.12891 0 0 0 0 0 0 0 0 0                 
point3 355.40100002289 -3962774.2530451 3351583.0569378 3694928.2282351 0 0 0 0 0 0 0 0 0                 
point3 355.60100007057 -3962774.4302012 3351582.7595397 3694928.3108531 0 0 0 0 0 0 0 0 0                 
point3 355.80099987984 -3962774.6384739 3351582.4425481 3694928.377868 0 0 0 0 0 0 0 0 0                 
point3 356.00099992752 -3962774.8838789 3351582.1081641 3694928.424228 0 0 0 0 0 0 0 0 0                 
point3 356.2009999752 -3962775.1703969 3351581.7558761 3694928.442151 0 0 0 0 0 0 0 0 0                 
point3 356.40100002289 -3962775.5016233 3351581.3896547 3694928.421647 0 0 0 0 0 0 0 0 0                 
point3 356.60100007057 -3962775.8774353 3351581.0202537 3694928.3601319 0 0 0 0 0 0 0 0 0                 
point3 356.80099987984 -3962776.2936148 3351580.6528101 3694928.2541811 0 0 0 0 0 0 0 0 0                 
point3 357.00099992752 -3962776.7455738 3351580.3007351 3694928.0941481 0 0 0 0 0 0 0 0 0                 
point3 357.2009999752 -3962777.2271158 3351579.9741651 3694927.8673441 0 0 0 0 0 0 0 0 0                 
point3 357.40100002289 -3962777.7374414 3351579.6731958 3694927.5839187 0 0 0 0 0 0 0 0 0                 
point3 357.60100007057 -3962778.2707344 3351579.4011668 3694927.2568667 0 0 0 0 0 0 0 0 0                 
point3 357.80099987984 -3962778.8204928 3351579.1662821 3694926.8721322 0 0 0 0 0 0 0 0 0                 
point3 358.00099992752 -3962779.3817668 3351578.9744091 3694926.4220382 0 0 0 0 0 0 0 0 0                 
point3 358.2009999752 -3962779.9619968 3351578.824952 3694925.9170502 0 0 0 0 0 0 0 0 0                 
point3 358.40100002289 -3962780.5663825 3351578.7011049 3694925.3747765 0 0 0 0 0 0 0 0 0                 
point3 358.60100007057 -3962781.1904615 3351578.6106549 3694924.7733625 0 0 0 0 0 0 0 0 0                 
point3 358.80099987984 -3962781.8503028 3351578.547582 3694924.1104023 0 0 0 0 0 0 0 0 0                 
point3 359.00099992752 -3962782.5377387 3351578.507747 3694923.4001093 0 0 0 0 0 0 0 0 0                 
point3 359.2009999752 -3962783.2522797 3351578.477435 3694922.6556123 0 0 0 0 0 0 0 0 0                 
point3 359.40100002289 -3962783.9980676 3351578.441092 3694921.8914684 0 0 0 0 0 0 0 0 0                 
point3 359.60100007057 -3962784.7803097 3351578.399448 3694921.0947813 0 0 0 0 0 0 0 0 0                 
point3 359.80099987984 -3962785.5882457 3351578.373178 3694920.2625893 0 0 0 0 0 0 0 0 0                 
point3 360.00099992752 -3962786.4245177 3351578.347235 3694919.3933703 0 0 0 0 0 0 0 0 0                 
point3 360.2009999752 -3962787.2989067 3351578.311805 3694918.4966683 0 0 0 0 0 0 0 0 0                 
point3 360.40100002289 -3962788.2074578 3351578.273803 3694917.5635332 0 0 0 0 0 0 0 0 0                 
point3 360.60100007057 -3962789.1456708 3351578.233888 3694916.6050022 0 0 0 0 0 0 0 0 0                 
point3 360.80099987984 -3962790.1043677 3351578.189142 3694915.6182204 0 0 0 0 0 0 0 0 0                 
point3 361.00099992752 -3962791.0829376 3351578.133887 3694914.6228614 0 0 0 0 0 0 0 0 0                 
point3 361.2009999752 -3962792.0720626 3351578.067936 3694913.6369764 0 0 0 0 0 0 0 0 0                 
point3 361.40100002289 -3962793.0657908 3351577.9929979 3694912.6515552 0 0 0 0 0 0 0 0 0                 
point3 361.60100007057 -3962794.0653088 3351577.9114689 3694911.6646802 0 0 0 0 0 0 0 0 0                 
point3 361.80099987984 -3962795.0676136 3351577.822017 3694910.6825004 0 0 0 0 0 0 0 0 0                 
point3 362.00099992752 -3962796.0713476 3351577.723167 3694909.7022113 0 0 0 0 0 0 0 0 0                 
point3 362.2009999752 -3962797.0810536 3351577.615533 3694908.7251273 0 0 0 0 0 0 0 0 0                 
point3 362.40100002289 -3962798.0930668 3351577.4986849 3694907.7527572 0 0 0 0 0 0 0 0 0                 
point3 362.60100007057 -3962799.1076938 3351577.3729279 3694906.7853802 0 0 0 0 0 0 0 0 0                 
point3 362.80099987984 -3962800.1269096 3351577.2371951 3694905.8231133 0 0 0 0 0 0 0 0 0                 
point3 363.00099992752 -3962801.1493116 3351577.0941631 3694904.8660283 0 0 0 0 0 0 0 0 0                 
point3 363.2009999752 -3962802.1726276 3351576.9451351 3694903.9123333 0 0 0 0 0 0 0 0 0                 
point3 363.40100002289 -3962803.1978258 3351576.7916159 3694902.9587302 0 0 0 0 0 0 0 0 0                 
point3 363.60100007057 -3962804.2231238 3351576.6327969 3694902.0049402 0 0 0 0 0 0 0 0 0                 
point3 363.80099987984 -3962805.2474166 3351576.4720891 3694901.0539413 0 0 0 0 0 0 0 0 0                 
point3 364.00099992752 -3962806.2698036 3351576.3095861 3694900.1017533 0 0 0 0 0 0 0 0 0                 
point3 364.2009999752 -3962807.2904796 3351576.1456801 3694899.1543003 0 0 0 0 0 0 0 0 0                 
point3 364.40100002289 -3962808.3036318 3351575.9822849 3694898.2160292 0 0 0 0 0 0 0 0 0                 
point3 364.60100007057 -3962809.3063658 3351575.8211149 3694897.2843732 0 0 0 0 0 0 0 0 0                 
point3 364.80099987984 -3962810.2962966 3351575.6639241 3694896.3616333 0 0 0 0 0 0 0 0 0                 
point3 365.00099992752 -3962811.2728467 3351575.5083161 3694895.4512003 0 0 0 0 0 0 0 0 0                 
point3 365.2009999752 -3962812.2382757 3351575.3528341 3694894.5551623 0 0 0 0 0 0 0 0 0                 
point3 365.40100002289 -3962813.1908198 3351575.1997429 3694893.6704233 0 0 0 0 0 0 0 0 0                 
point3 365.60100007057 -3962814.1323758 3351575.0485539 3694892.7981703 0 0 0 0 0 0 0 0 0                 
point3 365.80099987984 -3962815.0645277 3351574.9004671 3694891.9343033 0 0 0 0 0 0 0 0 0                 
point3 366.00099992752 -3962815.9891027 3351574.7541661 3694891.0771183 0 0 0 0 0 0 0 0 0                 
point3 366.2009999752 -3962816.9078707 3351574.6086781 3694890.2215373 0 0 0 0 0 0 0 0 0                 
point3 366.40100002289 -3962817.8209417 3351574.4645849 3694889.3702713 0 0 0 0 0 0 0 0 0                 
point3 366.60100007057 -3962818.7266097 3351574.3217819 3694888.5251893 0 0 0 0 0 0 0 0 0                 
point3 366.80099987984 -3962819.6275907 3351574.1782941 3694887.6844193 0 0 0 0 0 0 0 0 0                 
point3 367.00099992752 -3962820.5251717 3351574.0366881 3694886.8495483 0 0 0 0 0 0 0 0 0                 
point3 367.2009999752 -3962821.4181487 3351573.8942851 3694886.0207713 0 0 0 0 0 0 0 0 0                 
point3 367.40100002289 -3962822.3074307 3351573.7516929 3694885.1965973 0 0 0 0 0 0 0 0 0                 
point3 367.60100007057 -3962823.1918017 3351573.6111999 3694884.3777133 0 0 0 0 0 0 0 0 0                 
point3 367.80099987984 -3962824.0705607 3351573.471015 3694883.5608473 0 0 0 0 0 0 0 0 0                 
point3 368.00099992752 -3962824.9402037 3351573.33453 3694882.7524943 0 0 0 0 0 0 0 0 0                 
point3 368.2009999752 -3962825.7965217 3351573.201435 3694881.9554653 0 0 0 0 0 0 0 0 0                 
point3 368.40100002289 -3962826.6378577 3351573.0679319 3694881.1723434 0 0 0 0 0 0 0 0 0                 
point3 368.60100007057 -3962827.4648727 3351572.9358479 3694880.4050264 0 0 0 0 0 0 0 0 0                 
point3 368.80099987984 -3962828.2744807 3351572.805244 3694879.6554293 0 0 0 0 0 0 0 0 0                 
point3 369.00099992752 -3962829.0654847 3351572.675257 3694878.9254083 0 0 0 0 0 0 0 0 0                 
point3 369.2009999752 -3962829.8379967 3351572.546257 3694878.2111903 0 0 0 0 0 0 0 0 0                 
point3 369.40100002289 -3962830.5925016 3351572.4189729 3694877.5140894 0 0 0 0 0 0 0 0 0                 
point3 369.60100007057 -3962831.3279016 3351572.2935749 3694876.8366805 0 0 0 0 0 0 0 0 0                 
point3 369.80099987984 -3962832.0416808 3351572.170401 3694876.1778782 0 0 0 0 0 0 0 0 0                 
point3 370.00099992752 -3962832.7314568 3351572.051923 3694875.5384952 0 0 0 0 0 0 0 0 0                 
point3 370.2009999752 -3962833.3952078 3351571.93835 3694874.9252422 0 0 0 0 0 0 0 0 0                 
point3 370.40100002289 -3962834.0282395 3351571.8293729 3694874.3412945 0 0 0 0 0 0 0 0 0                 
point3 370.60100007057 -3962834.6270635 3351571.7255149 3694873.7884536 0 0 0 0 0 0 0 0 0                 
point3 370.80099987984 -3962835.1910968 3351571.630135 3694873.2668092 0 0 0 0 0 0 0 0 0                 
point3 371.00099992752 -3962835.7219468 3351571.538453 3694872.7772662 0 0 0 0 0 0 0 0 0                 
point3 371.2009999752 -3962836.2249298 3351571.450284 3694872.3155622 0 0 0 0 0 0 0 0 0                 
point3 371.40100002289 -3962836.7062384 3351571.3679999 3694871.8727516 0 0 0 0 0 0 0 0 0                 
point3 371.60100007057 -3962837.1689404 3351571.2890279 3694871.4482347 0 0 0 0 0 0 0 0 0                 
point3 371.80099987984 -3962837.6121458 3351571.216561 3694871.0380021 0 0 0 0 0 0 0 0 0                 
point3 372.00099992752 -3962838.0371649 3351571.149473 3694870.6431871 0 0 0 0 0 0 0 0 0                 
point3 372.2009999752 -3962838.4455799 3351571.08479 3694870.2634571 0 0 0 0 0 0 0 0 0                 
point3 372.40100002289 -3962838.8381123 3351571.023398 3694869.8991337 0 0 0 0 0 0 0 0 0                 
point3 372.60100007057 -3962839.2160253 3351570.96402 3694869.5502177 0 0 0 0 0 0 0 0 0                 
point3 372.80099987984 -3962839.5766379 3351570.908533 3694869.2170881 0 0 0 0 0 0 0 0 0                 
point3 373.00099992752 -3962839.9200519 3351570.856251 3694868.8994771 0 0 0 0 0 0 0 0 0                 
point3 373.2009999752 -3962840.2452529 3351570.807275 3694868.5981491 0 0 0 0 0 0 0 0 0                 
point3 373.40100002289 -3962840.5510582 3351570.763392 3694868.3124408 0 0 0 0 0 0 0 0 0                 
point3 373.60100007057 -3962840.8369382 3351570.722511 3694868.0462468 0 0 0 0 0 0 0 0 0                 
point3 373.80099987984 -3962841.0983149 3351570.685927 3694867.8017671 0 0 0 0 0 0 0 0 0                 
point3 374.00099992752 -3962841.3364339 3351570.65153 3694867.5806571 0 0 0 0 0 0 0 0 0                 
point3 374.2009999752 -3962841.5595589 3351570.618751 3694867.3750181 0 0 0 0 0 0 0 0 0                 
point3 374.40100002289 -3962841.7671802 3351570.589765 3694867.1819869 0 0 0 0 0 0 0 0 0                 
point3 374.60100007057 -3962841.9598182 3351570.563071 3694867.0024469 0 0 0 0 0 0 0 0 0                 
point3 374.80099987984 -3962842.1403549 3351570.537884 3694866.8349091 0 0 0 0 0 0 0 0 0                 
point3 375.00099992752 -3962842.3078869 3351570.51519 3694866.6797701 0 0 0 0 0 0 0 0 0                 
point3 375.2009999752 -3962842.4621199 3351570.493703 3694866.536936 0 0 0 0 0 0 0 0 0                 
point3 375.40100002289 -3962842.6021451 3351570.474911 3694866.4078009 0 0 0 0 0 0 0 0 0                 
point3 375.60100007057 -3962842.7273701 3351570.457928 3694866.2911669 0 0 0 0 0 0 0 0 0                 
point3 375.80099987984 -3962842.836988 3351570.444137 3694866.188144 0 0 0 0 0 0 0 0 0                 
point3 376.00099992752 -3962842.930406 3351570.432048 3694866.101225 0 0 0 0 0 0 0 0 0                 
point3 376.2009999752 -3962843.007426 3351570.422359 3694866.030199 0 0 0 0 0 0 0 0 0                 
point3 376.40100002289 -3962843.069058 3351570.414769 3694865.973366 0 0 0 0 0 0 0 0 0                 
point3 376.60100007057 -3962843.116888 3351570.40918 3694865.929728 0 0 0 0 0 0 0 0 0                 
point3 376.80099987984 -3962843.150919 3351570.405891 3694865.898591 0 0 0 0 0 0 0 0 0                 
point3 377.00099992752 -3962843.171339 3351570.404399 3694865.880067 0 0 0 0 0 0 0 0 0                 
point3 377.2009999752 -3962843.175204 3351570.404303 3694865.876803 0 0 0 0 0 0 0 0 0                 
point3 377.40100002289 -3962843.177108 3351570.405807 3694865.878408 0 0 0 0 0 0 0 0 0                 
point3 377.60100007057 -3962843.177296 3351570.405898 3694865.878596 0 0 0 0 0 0 0 0 0                 
point3 377.80099987984 -3962843.177101 3351570.405801 3694865.878402 0 0 0 0 0 0 0 0 0                 
point3 378.00099992752 -3962843.177198 3351570.405898 3694865.878499 0 0 0 0 0 0 0 0 0                 
point3 378.2009999752 -3962843.177101 3351570.4059 3694865.878501 0 0 0 0 0 0 0 0 0                 
point3 378.40100002289 -3962843.177199 3351570.405899 3694865.878499 0 0 0 0 0 0 0 0 0                 
point3 378.60100007057 -3962843.177101 3351570.405801 3694865.8785 0 0 0 0 0 0 0 0 0                 
point3 378.80099987984 -3962843.177199 3351570.405899 3694865.8785 0 0 0 0 0 0 0 0 0                 
point3 379.00099992752 -3962843.177101 3351570.4059 3694865.8785 0 0 0 0 0 0 0 0 0                 
point3 379.2009999752 -3962843.177199 3351570.4059 3694865.8785 0 0 0 0 0 0 0 0 0                 
point3 379.40100002289 -3962843.1771 3351570.405801 3694865.878401 0 0 0 0 0 0 0 0 0                 
point3 379.60100007057 -3962843.177199 3351570.405899 3694865.878599 0 0 0 0 0 0 0 0 0                 
point3 379.80099987984 -3962843.177101 3351570.405801 3694865.8785 0 0 0 0 0 0 0 0 0                 
point3 380.00099992752 -3962843.177299 3351570.405999 3694865.878599 0 0 0 0 0 0 0 0 0                 
point3 380.2009999752 -3962843.177101 3351570.405801 3694865.8785 0 0 0 0 0 0 0 0 0                 
point3 380.40100002289 -3962843.177299 3351570.405999 3694865.878599 0 0 0 0 0 0 0 0 0                 
point3 380.60100007057 -3962843.1771 3351570.4059 3694865.8785 0 0 0 0 0 0 0 0 0                 
point3 380.80099987984 -3962843.1772 3351570.405999 3694865.8786 0 0 0 0 0 0 0 0 0                 
point3 381.00099992752 -3962843.1772 3351570.4059 3694865.8785 0 0 0 0 0 0 0 0 0                 
point3 381.2009999752 -3962843.1772 3351570.4059 3694865.8786 0 0 0 0 0 0 0 0 0                 
point3 381.40100002289 -3962843.1772 3351570.4059 3694865.8785 0 0 0 0 0 0 0 0 0                 
point3 381.60100007057 -3962843.1772 3351570.4059 3694865.8786 0 0 0 0 0 0 0 0 0                 
point3 381.80099987984 -3962843.1772 3351570.4059 3694865.878599 0 0 0 0 0 0 0 0 0                 
point3 382.00099992752 -3962843.1772 3351570.4059 3694865.878501 0 0 0 0 0 0 0 0 0                 
point3 382.2009999752 -3962843.1772 3351570.4059 3694865.878501 0 0 0 0 0 0 0 0 0                 
point3 382.40100002289 -3962843.1772 3351570.4059 3694865.8786 0 0 0 0 0 0 0 0 0                 
point3 382.60100007057 -3962843.1772 3351570.4059 3694865.878599 0 0 0 0 0 0 0 0 0                 
point3 382.80099987984 -3962843.1772 3351570.4059 3694865.878501 0 0 0 0 0 0 0 0 0                 
point3 383.00099992752 -3962843.1772 3351570.4059 3694865.878599 0 0 0 0 0 0 0 0 0                 
point3 383.2009999752 -3962843.1772 3351570.4059 3694865.878501 0 0 0 0 0 0 0 0 0                 
point3 383.40100002289 -3962843.1772 3351570.4059 3694865.8786 0 0 0 0 0 0 0 0 0                 
point3 383.60100007057 -3962843.1772 3351570.4059 3694865.8786 0 0 0 0 0 0 0 0 0                 
point3 383.80099987984 -3962843.1772 3351570.4059 3694865.8786 0 0 0 0 0 0 0 0 0                 
point3 384.00099992752 -3962843.1772 3351570.4059 3694865.8786 0 0 0 0 0 0 0 0 0                 
point3 384.2009999752 -3962843.1772 3351570.4059 3694865.8786 0 0 0 0 0 0 0 0 0                 
point3 384.40100002289 -3962843.1772 3351570.4059 3694865.878599 0 0 0 0 0 0 0 0 0                 
point3 384.60100007057 -3962843.1772 3351570.4059 3694865.8785 0 0 0 0 0 0 0 0 0                 
point3 384.80099987984 -3962843.1772 3351570.4059 3694865.878501 0 0 0 0 0 0 0 0 0                 
point3 385.00099992752 -3962843.1772 3351570.4059 3694865.878599 0 0 0 0 0 0 0 0 0                 
point3 385.2009999752 -3962843.1772 3351570.4059 3694865.8786 0 0 0 0 0 0 0 0 0                 
point3 385.40100002289 -3962843.1772 3351570.405999 3694865.8786 0 0 0 0 0 0 0 0 0                 
point3 385.60100007057 -3962843.1772 3351570.4059 3694865.878501 0 0 0 0 0 0 0 0 0                 
point3 385.80099987984 -3962843.177299 3351570.406 3694865.8786 0 0 0 0 0 0 0 0 0                 
point3 386.00099992752 -3962843.1772 3351570.4059 3694865.878599 0 0 0 0 0 0 0 0 0                 
point3 386.2009999752 -3962843.1772 3351570.4059 3694865.8786 0 0 0 0 0 0 0 0 0                 
point3 386.40100002289 -3962843.1772 3351570.4059 3694865.8786 0 0 0 0 0 0 0 0 0                 
point3 386.60100007057 -3962843.1772 3351570.4059 3694865.8786 0 0 0 0 0 0 0 0 0                 
point3 386.80099987984 -3962843.1772 3351570.4059 3694865.878599 0 0 0 0 0 0 0 0 0                 
point3 387.00099992752 -3962843.1772 3351570.4059 3694865.8786 0 0 0 0 0 0 0 0 0                 
point3 387.2009999752 -3962843.1772 3351570.4059 3694865.8786 0 0 0 0 0 0 0 0 0                 
point3 387.40100002289 -3962843.1772 3351570.405901 3694865.8786 0 0 0 0 0 0 0 0 0                 
point3 387.60100007057 -3962843.177299 3351570.4059 3694865.8786 0 0 0 0 0 0 0 0 0                 
point3 387.80099987984 -3962843.1772 3351570.405901 3694865.8786 0 0 0 0 0 0 0 0 0                 
point3 388.00099992752 -3962843.177299 3351570.406 3694865.8786 0 0 0 0 0 0 0 0 0                 
point3 388.2009999752 -3962843.1772 3351570.4059 3694865.8786 0 0 0 0 0 0 0 0 0                 
point3 388.40100002289 -3962843.1772 3351570.406 3694865.8786 0 0 0 0 0 0 0 0 0                 
point3 388.60100007057 -3962843.1772 3351570.405901 3694865.8786 0 0 0 0 0 0 0 0 0                 
point3 388.80099987984 -3962843.1772 3351570.405999 3694865.8786 0 0 0 0 0 0 0 0 0                 
point3 389.00099992752 -3962843.1772 3351570.4059 3694865.878501 0 0 0 0 0 0 0 0 0                 
point3 389.2009999752 -3962843.1772 3351570.405901 3694865.8786 0 0 0 0 0 0 0 0 0                 
point3 389.40100002289 -3962843.1772 3351570.405901 3694865.8786 0 0 0 0 0 0 0 0 0                 
point3 389.60100007057 -3962843.1772 3351570.406 3694865.8786 0 0 0 0 0 0 0 0 0                 
point3 389.80099987984 -3962843.1772 3351570.406 3694865.8786 0 0 0 0 0 0 0 0 0                 
point3 390.00099992752 -3962843.177201 3351570.406 3694865.8786 0 0 0 0 0 0 0 0 0                 
point3 390.2009999752 -3962843.1772 3351570.406 3694865.8786 0 0 0 0 0 0 0 0 0                 
point3 390.40100002289 -3962843.1772 3351570.406 3694865.8786 0 0 0 0 0 0 0 0 0                 
point3 390.60100007057 -3962843.177299 3351570.406 3694865.8786 0 0 0 0 0 0 0 0 0                 
point3 390.80099987984 -3962843.177299 3351570.406 3694865.8786 0 0 0 0 0 0 0 0 0                 
point3 391.00099992752 -3962843.177299 3351570.406 3694865.8786 0 0 0 0 0 0 0 0 0                 
point3 391.2009999752 -3962843.177299 3351570.406 3694865.8786 0 0 0 0 0 0 0 0 0                 
point3 391.40100002289 -3962843.177299 3351570.406 3694865.8786 0 0 0 0 0 0 0 0 0                 
point3 391.60100007057 -3962843.177299 3351570.406 3694865.8786 0 0 0 0 0 0 0 0 0                 
point3 391.80099987984 -3962843.177299 3351570.406 3694865.8786 0 0 0 0 0 0 0 0 0                 
point3 392.00099992752 -3962843.177299 3351570.406 3694865.8786 0 0 0 0 0 0 0 0 0                 
point3 392.2009999752 -3962843.177299 3351570.406 3694865.8786 0 0 0 0 0 0 0 0 0                 
point3 392.40100002289 -3962843.177299 3351570.406 3694865.8786 0 0 0 0 0 0 0 0 0                 
point3 392.60100007057 -3962843.177299 3351570.406 3694865.8786 0 0 0 0 0 0 0 0 0                 
point3 392.80099987984 -3962843.177299 3351570.406 3694865.8786 0 0 0 0 0 0 0 0 0                 
point3 393.00099992752 -3962843.1773 3351570.406 3694865.8786 0 0 0 0 0 0 0 0 0                 
point3 393.2009999752 -3962843.177201 3351570.406 3694865.8786 0 0 0 0 0 0 0 0 0                 
point3 393.40100002289 -3962843.177201 3351570.406 3694865.8786 0 0 0 0 0 0 0 0 0                 
point3 393.60100007057 -3962843.177201 3351570.406 3694865.8786 0 0 0 0 0 0 0 0 0                 
point3 393.80099987984 -3962843.177201 3351570.406 3694865.8786 0 0 0 0 0 0 0 0 0                 
point3 394.00099992752 -3962843.1772 3351570.406 3694865.8786 0 0 0 0 0 0 0 0 0                 
point3 394.2009999752 -3962843.177299 3351570.406 3694865.8786 0 0 0 0 0 0 0 0 0                 
point3 394.40100002289 -3962843.177299 3351570.406 3694865.8786 0 0 0 0 0 0 0 0 0                 
point3 394.60100007057 -3962843.177299 3351570.406 3694865.8786 0 0 0 0 0 0 0 0 0                 
point3 394.80099987984 -3962843.1773 3351570.406 3694865.8786 0 0 0 0 0 0 0 0 0                 
point3 395.00099992752 -3962843.177201 3351570.406 3694865.8786 0 0 0 0 0 0 0 0 0                 
point3 395.2009999752 -3962843.177201 3351570.406 3694865.8786 0 0 0 0 0 0 0 0 0                 
point3 395.40100002289 -3962843.177201 3351570.406 3694865.8786 0 0 0 0 0 0 0 0 0                 
point3 395.60100007057 -3962843.177299 3351570.406 3694865.8786 0 0 0 0 0 0 0 0 0                 
point3 395.80099987984 -3962843.177299 3351570.406 3694865.8786 0 0 0 0 0 0 0 0 0                 
point3 396.00099992752 -3962843.177299 3351570.406 3694865.8786 0 0 0 0 0 0 0 0 0                 
point3 396.2009999752 -3962843.177299 3351570.406 3694865.8786 0 0 0 0 0 0 0 0 0                 
point3 396.40100002289 -3962843.1773 3351570.406 3694865.8786 0 0 0 0 0 0 0 0 0                 
point3 396.60100007057 -3962843.177201 3351570.406 3694865.8786 0 0 0 0 0 0 0 0 0                 
point3 396.80099987984 -3962843.177201 3351570.406 3694865.8786 0 0 0 0 0 0 0 0 0                 
point3 397.00099992752 -3962843.1773 3351570.406 3694865.8786 0 0 0 0 0 0 0 0 0                 
point3 397.2009999752 -3962843.1773 3351570.406 3694865.8786 0 0 0 0 0 0 0 0 0                 
point3 397.40100002289 -3962843.177299 3351570.406 3694865.8786 0 0 0 0 0 0 0 0 0                 
point3 397.60100007057 -3962843.177299 3351570.406 3694865.8786 0 0 0 0 0 0 0 0 0                 
point3 397.80099987984 -3962843.177201 3351570.406 3694865.8786 0 0 0 0 0 0 0 0 0                 
point3 398.00099992752 -3962843.1773 3351570.406 3694865.8786 0 0 0 0 0 0 0 0 0                 
point3 398.2009999752 -3962843.177201 3351570.406 3694865.8786 0 0 0 0 0 0 0 0 0                 
point3 398.40100002289 -3962843.177299 3351570.406 3694865.8786 0 0 0 0 0 0 0 0 0                 
point3 398.60100007057 -3962843.1773 3351570.406 3694865.8786 0 0 0 0 0 0 0 0 0                 
point3 398.80099987984 -3962843.1773 3351570.406 3694865.8786 0 0 0 0 0 0 0 0 0                 
point3 399.00099992752 -3962843.177299 3351570.406 3694865.8786 0 0 0 0 0 0 0 0 0                 
point3 399.2009999752 -3962843.177299 3351570.406 3694865.8786 0 0 0 0 0 0 0 0 0                 
point3 399.40100002289 -3962843.177201 3351570.406 3694865.8786 0 0 0 0 0 0 0 0 0                 
point3 399.60100007057 -3962843.1773 3351570.406 3694865.8786 0 0 0 0 0 0 0 0 0                 
point3 399.80099987984 -3962843.1773 3351570.406 3694865.8786 0 0 0 0 0 0 0 0 0                 
point3 400.00099992752 -3962843.1773 3351570.406 3694865.8786 0 0 0 0 0 0 0 0 0                 
point3 400.2009999752 -3962843.177201 3351570.406 3694865.8786 0 0 0 0 0 0 0 0 0                 
point3 400.40100002289 -3962843.177299 3351570.406 3694865.8786 0 0 0 0 0 0 0 0 0                 
point3 400.60100007057 -3962843.1772 3351570.406 3694865.8786 0 0 0 0 0 0 0 0 0                 
point3 400.80099987984 -3962843.1772 3351570.406 3694865.8786 0 0 0 0 0 0 0 0 0                 
point3 401.00099992752 -3962843.177201 3351570.406 3694865.8786 0 0 0 0 0 0 0 0 0                 
point3 401.2009999752 -3962843.1773 3351570.406 3694865.8786 0 0 0 0 0 0 0 0 0                 
point3 401.40100002289 -3962843.1773 3351570.406 3694865.8786 0 0 0 0 0 0 0 0 0                 
point3 401.60100007057 -3962843.1773 3351570.406 3694865.8786 0 0 0 0 0 0 0 0 0                 
point3 401.80099987984 -3962843.1773 3351570.406 3694865.8786 0 0 0 0 0 0 0 0 0                 
point3 402.00099992752 -3962843.1773 3351570.406 3694865.8786 0 0 0 0 0 0 0 0 0                 
point3 402.2009999752 -3962843.1773 3351570.406 3694865.8786 0 0 0 0 0 0 0 0 0                 
point3 402.40100002289 -3962843.1773 3351570.406 3694865.8786 0 0 0 0 0 0 0 0 0                 
point3 402.60100007057 -3962843.1773 3351570.406 3694865.8786 0 0 0 0 0 0 0 0 0                 
point3 402.80099987984 -3962843.1773 3351570.406 3694865.8786 0 0 0 0 0 0 0 0 0                 
point3 403.00099992752 -3962843.1773 3351570.406 3694865.8786 0 0 0 0 0 0 0 0 0                 
point3 403.2009999752 -3962843.1773 3351570.406 3694865.8786 0 0 0 0 0 0 0 0 0                 
point3 403.40100002289 -3962843.177299 3351570.406 3694865.8786 0 0 0 0 0 0 0 0 0                 
point3 403.60100007057 -3962843.1773 3351570.406 3694865.8786 0 0 0 0 0 0 0 0 0                 
point3 403.80099987984 -3962843.1772 3351570.405999 3694865.8786 0 0 0 0 0 0 0 0 0                 
point3 404.00099992752 -3962843.177299 3351570.406 3694865.8786 0 0 0 0 0 0 0 0 0                 
point3 404.2009999752 -3962843.1772 3351570.406 3694865.8786 0 0 0 0 0 0 0 0 0                 
point3 404.40100002289 -3962843.1773 3351570.406 3694865.8786 0 0 0 0 0 0 0 0 0                 
point3 404.60100007057 -3962843.1772 3351570.406 3694865.8786 0 0 0 0 0 0 0 0 0                 
point3 404.80099987984 -3962843.177299 3351570.406 3694865.8786 0 0 0 0 0 0 0 0 0                 
point3 405.00099992752 -3962843.1772 3351570.405901 3694865.8786 0 0 0 0 0 0 0 0 0                 
point3 405.2009999752 -3962843.1773 3351570.406 3694865.8786 0 0 0 0 0 0 0 0 0                 
point3 405.40100002289 -3962843.1772 3351570.406 3694865.8786 0 0 0 0 0 0 0 0 0                 
point3 405.60100007057 -3962843.1773 3351570.406 3694865.8786 0 0 0 0 0 0 0 0 0                 
point3 405.80099987984 -3962843.177201 3351570.406 3694865.8786 0 0 0 0 0 0 0 0 0                 
point3 406.00099992752 -3962843.177299 3351570.406 3694865.8786 0 0 0 0 0 0 0 0 0                 
point3 406.2009999752 -3962843.1773 3351570.406 3694865.8786 0 0 0 0 0 0 0 0 0                 
point3 406.40100002289 -3962843.177201 3351570.406 3694865.8786 0 0 0 0 0 0 0 0 0                 
point3 406.60100007057 -3962843.1773 3351570.406 3694865.8786 0 0 0 0 0 0 0 0 0                 
point3 406.80099987984 -3962843.1773 3351570.406 3694865.8786 0 0 0 0 0 0 0 0 0                 
point3 407.00099992752 -3962843.1773 3351570.406 3694865.8786 0 0 0 0 0 0 0 0 0                 
point3 407.2009999752 -3962843.177299 3351570.406 3694865.8786 0 0 0 0 0 0 0 0 0                 
point3 407.40100002289 -3962843.1773 3351570.406 3694865.8786 0 0 0 0 0 0 0 0 0                 
point3 407.60100007057 -3962843.177299 3351570.406 3694865.8786 0 0 0 0 0 0 0 0 0                 
point3 407.80099987984 -3962843.1773 3351570.406 3694865.8786 0 0 0 0 0 0 0 0 0                 
point3 408.00099992752 -3962843.1773 3351570.406 3694865.8786 0 0 0 0 0 0 0 0 0                 
point3 408.2009999752 -3962843.1773 3351570.406 3694865.8786 0 0 0 0 0 0 0 0 0                 
point3 408.40100002289 -3962843.1773 3351570.406 3694865.8786 0 0 0 0 0 0 0 0 0                 
point3 408.60100007057 -3962843.177201 3351570.406 3694865.8786 0 0 0 0 0 0 0 0 0                 
point3 408.80099987984 -3962843.1773 3351570.406 3694865.8786 0 0 0 0 0 0 0 0 0                 
point3 409.00099992752 -3962843.177299 3351570.406 3694865.8786 0 0 0 0 0 0 0 0 0                 
point3 409.2009999752 -3962843.177299 3351570.406 3694865.8786 0 0 0 0 0 0 0 0 0                 
point3 409.40100002289 -3962843.177299 3351570.406 3694865.8786 0 0 0 0 0 0 0 0 0                 
point3 409.60100007057 -3962843.177299 3351570.406 3694865.8786 0 0 0 0 0 0 0 0 0                 
point3 409.80099987984 -3962843.1773 3351570.406 3694865.8786 0 0 0 0 0 0 0 0 0                 
point3 410.00099992752 -3962843.177299 3351570.406 3694865.8786 0 0 0 0 0 0 0 0 0                 
point3 410.2009999752 -3962843.1773 3351570.406 3694865.8786 0 0 0 0 0 0 0 0 0                 
point3 410.40100002289 -3962843.177201 3351570.406 3694865.8786 0 0 0 0 0 0 0 0 0                 
point3 410.60100007057 -3962843.177201 3351570.406 3694865.8786 0 0 0 0 0 0 0 0 0                 
point3 410.80099987984 -3962843.177201 3351570.406 3694865.8786 0 0 0 0 0 0 0 0 0                 
point3 411.00099992752 -3962843.177201 3351570.406 3694865.8786 0 0 0 0 0 0 0 0 0                 
point3 411.2009999752 -3962843.1773 3351570.406 3694865.8786 0 0 0 0 0 0 0 0 0                 
point3 411.40100002289 -3962843.177299 3351570.406 3694865.8786 0 0 0 0 0 0 0 0 0                 
point3 411.60100007057 -3962843.177299 3351570.406 3694865.8786 0 0 0 0 0 0 0 0 0                 
point3 411.80099987984 -3962843.177299 3351570.406 3694865.8786 0 0 0 0 0 0 0 0 0                 
point3 412.00099992752 -3962843.1773 3351570.406 3694865.8786 0 0 0 0 0 0 0 0 0                 
point3 412.2009999752 -3962843.1773 3351570.406 3694865.8786 0 0 0 0 0 0 0 0 0                 
point3 412.40100002289 -3962843.177201 3351570.406 3694865.8786 0 0 0 0 0 0 0 0 0                 
point3 412.60100007057 -3962843.1773 3351570.406 3694865.8786 0 0 0 0 0 0 0 0 0                 
point3 412.80099987984 -3962843.177299 3351570.406 3694865.8786 0 0 0 0 0 0 0 0 0                 
point3 413.00099992752 -3962843.177299 3351570.406 3694865.8786 0 0 0 0 0 0 0 0 0                 
point3 413.2009999752 -3962843.177299 3351570.406 3694865.8786 0 0 0 0 0 0 0 0 0                 
point3 413.40100002289 -3962843.1773 3351570.406 3694865.8786 0 0 0 0 0 0 0 0 0                 
point3 413.60100007057 -3962843.1773 3351570.406 3694865.8786 0 0 0 0 0 0 0 0 0                 
point3 413.80099987984 -3962843.177201 3351570.406 3694865.8786 0 0 0 0 0 0 0 0 0                 
point3 414.00099992752 -3962843.1773 3351570.406 3694865.8786 0 0 0 0 0 0 0 0 0                 
point3 414.2009999752 -3962843.177299 3351570.406 3694865.8786 0 0 0 0 0 0 0 0 0                 
point3 414.40100002289 -3962843.177299 3351570.406 3694865.8786 0 0 0 0 0 0 0 0 0                 
point3 414.60100007057 -3962843.177299 3351570.406 3694865.8786 0 0 0 0 0 0 0 0 0                 
point3 414.80099987984 -3962843.177201 3351570.406 3694865.8786 0 0 0 0 0 0 0 0 0                 
point3 415.00099992752 -3962843.177201 3351570.406 3694865.8786 0 0 0 0 0 0 0 0 0                 
point3 415.2009999752 -3962843.1772 3351570.406 3694865.8786 0 0 0 0 0 0 0 0 0                 
point3 415.40100002289 -3962843.177299 3351570.406 3694865.8786 0 0 0 0 0 0 0 0 0                 
point3 415.60100007057 -3962843.177299 3351570.406 3694865.8786 0 0 0 0 0 0 0 0 0                 
point3 415.80099987984 -3962843.177299 3351570.406 3694865.8786 0 0 0 0 0 0 0 0 0                 
point3 416.00099992752 -3962843.1772 3351570.406 3694865.8786 0 0 0 0 0 0 0 0 0                 
point3 416.2009999752 -3962843.177201 3351570.406 3694865.8786 0 0 0 0 0 0 0 0 0                 
point3 416.40100002289 -3962843.1772 3351570.406 3694865.8786 0 0 0 0 0 0 0 0 0                 
point3 416.60100007057 -3962843.1773 3351570.406 3694865.8786 0 0 0 0 0 0 0 0 0                 
point3 416.80099987984 -3962843.1773 3351570.406 3694865.8786 0 0 0 0 0 0 0 0 0                 
point3 417.00099992752 -3962843.1772 3351570.406 3694865.8786 0 0 0 0 0 0 0 0 0                 
point3 417.2009999752 -3962843.1772 3351570.406 3694865.8786 0 0 0 0 0 0 0 0 0                 
point3 417.40100002289 -3962843.177201 3351570.406 3694865.8786 0 0 0 0 0 0 0 0 0                 
point3 417.60100007057 -3962843.177201 3351570.406 3694865.8786 0 0 0 0 0 0 0 0 0                 
point3 417.80099987984 -3962843.177299 3351570.406 3694865.8786 0 0 0 0 0 0 0 0 0                 
point3 418.00099992752 -3962843.1772 3351570.406 3694865.8786 0 0 0 0 0 0 0 0 0                 
point3 418.2009999752 -3962843.1772 3351570.406 3694865.8786 0 0 0 0 0 0 0 0 0                 
point3 418.40100002289 -3962843.1772 3351570.406 3694865.8786 0 0 0 0 0 0 0 0 0                 
point3 418.60100007057 -3962843.177201 3351570.406 3694865.8786 0 0 0 0 0 0 0 0 0                 
point3 418.80099987984 -3962843.1773 3351570.406 3694865.8786 0 0 0 0 0 0 0 0 0                 
point3 419.00099992752 -3962843.1773 3351570.406 3694865.8786 0 0 0 0 0 0 0 0 0                 
point3 419.2009999752 -3962843.1773 3351570.406 3694865.8786 0 0 0 0 0 0 0 0 0                 
point3 419.40100002289 -3962843.1773 3351570.406 3694865.8786 0 0 0 0 0 0 0 0 0                 
point3 419.60100007057 -3962843.1773 3351570.406 3694865.8786 0 0 0 0 0 0 0 0 0                 
point3 419.80099987984 -3962843.1772 3351570.406 3694865.8786 0 0 0 0 0 0 0 0 0                 
point3 420.00099992752 -3962843.1772 3351570.406 3694865.8786 0 0 0 0 0 0 0 0 0                 
point3 420.2009999752 -3962843.1772 3351570.406 3694865.8786 0 0 0 0 0 0 0 0 0                 
point3 420.40100002289 -3962843.1772 3351570.406 3694865.8786 0 0 0 0 0 0 0 0 0                 
point3 420.60100007057 -3962843.1772 3351570.406 3694865.8786 0 0 0 0 0 0 0 0 0                 
point3 420.80099987984 -3962843.1772 3351570.406 3694865.8786 0 0 0 0 0 0 0 0 0                 
point3 421.00099992752 -3962843.1772 3351570.406 3694865.8786 0 0 0 0 0 0 0 0 0                 
point3 421.2009999752 -3962843.1772 3351570.406 3694865.8786 0 0 0 0 0 0 0 0 0                 
point3 421.40100002289 -3962843.1772 3351570.406 3694865.8786 0 0 0 0 0 0 0 0 0                 
point3 421.60100007057 -3962843.1772 3351570.406 3694865.8786 0 0 0 0 0 0 0 0 0                 
point3 421.80099987984 -3962843.1772 3351570.406 3694865.8786 0 0 0 0 0 0 0 0 0                 
point3 422.00099992752 -3962843.1772 3351570.406 3694865.8786 0 0 0 0 0 0 0 0 0                 
point3 422.2009999752 -3962843.1772 3351570.406 3694865.8786 0 0 0 0 0 0 0 0 0                 
point3 422.40100002289 -3962843.1772 3351570.406 3694865.8786 0 0 0 0 0 0 0 0 0                 
point3 422.60100007057 -3962843.1772 3351570.406 3694865.8786 0 0 0 0 0 0 0 0 0                 
point3 422.80099987984 -3962843.1772 3351570.406 3694865.8786 0 0 0 0 0 0 0 0 0                 
point3 423.00099992752 -3962843.1772 3351570.406 3694865.8786 0 0 0 0 0 0 0 0 0                 
point3 423.2009999752 -3962843.1772 3351570.406 3694865.8786 0 0 0 0 0 0 0 0 0                 
point3 423.40100002289 -3962843.1772 3351570.406 3694865.8786 0 0 0 0 0 0 0 0 0                 
point3 423.60100007057 -3962843.1772 3351570.406 3694865.8786 0 0 0 0 0 0 0 0 0                 
point3 423.80099987984 -3962843.1772 3351570.406 3694865.8786 0 0 0 0 0 0 0 0 0                 
point3 424.00099992752 -3962843.1772 3351570.406 3694865.8786 0 0 0 0 0 0 0 0 0                 
point3 424.2009999752 -3962843.1772 3351570.406 3694865.8786 0 0 0 0 0 0 0 0 0                 
point3 424.40100002289 -3962843.1772 3351570.406 3694865.8786 0 0 0 0 0 0 0 0 0                 
point3 424.60100007057 -3962843.177201 3351570.406 3694865.8786 0 0 0 0 0 0 0 0 0                 
point3 424.80099987984 -3962843.1773 3351570.406 3694865.8786 0 0 0 0 0 0 0 0 0                 
point3 425.00099992752 -3962843.1773 3351570.406 3694865.8786 0 0 0 0 0 0 0 0 0                 
point3 425.2009999752 -3962843.1773 3351570.406 3694865.8786 0 0 0 0 0 0 0 0 0                 
point3 425.40100002289 -3962843.1773 3351570.406 3694865.8786 0 0 0 0 0 0 0 0 0                 
point3 425.60100007057 -3962843.177299 3351570.406 3694865.8786 0 0 0 0 0 0 0 0 0                 
point3 425.80099987984 -3962843.1773 3351570.406 3694865.8786 0 0 0 0 0 0 0 0 0                 
point3 426.00099992752 -3962843.1772 3351570.406 3694865.8786 0 0 0 0 0 0 0 0 0                 
point3 426.2009999752 -3962843.1773 3351570.406 3694865.8786 0 0 0 0 0 0 0 0 0                 
point3 426.40100002289 -3962843.1772 3351570.406 3694865.8786 0 0 0 0 0 0 0 0 0                 
point3 426.60100007057 -3962843.177201 3351570.406 3694865.8786 0 0 0 0 0 0 0 0 0                 
point3 426.80099987984 -3962843.177299 3351570.406 3694865.8786 0 0 0 0 0 0 0 0 0                 
point3 427.00099992752 -3962843.177299 3351570.406 3694865.8786 0 0 0 0 0 0 0 0 0                 
point3 427.2009999752 -3962843.177299 3351570.406 3694865.8786 0 0 0 0 0 0 0 0 0                 
point3 427.40100002289 -3962843.1772 3351570.406 3694865.8786 0 0 0 0 0 0 0 0 0                 
point3 427.60100007057 -3962843.177299 3351570.406 3694865.8786 0 0 0 0 0 0 0 0 0                 
point3 427.80099987984 -3962843.177201 3351570.406001 3694865.8786 0 0 0 0 0 0 0 0 0                 
point3 428.00099992752 -3962843.177299 3351570.406 3694865.878599 0 0 0 0 0 0 0 0 0                 
point3 428.2009999752 -3962843.177201 3351570.406 3694865.8786 0 0 0 0 0 0 0 0 0                 
point3 428.40100002289 -3962843.1772 3351570.406 3694865.8786 0 0 0 0 0 0 0 0 0                 
point3 428.60100007057 -3962843.177201 3351570.406001 3694865.8786 0 0 0 0 0 0 0 0 0                 
point3 428.80099987984 -3962843.1772 3351570.406 3694865.8786 0 0 0 0 0 0 0 0 0                 
point3 429.00099992752 -3962843.177201 3351570.406 3694865.8786 0 0 0 0 0 0 0 0 0                 
point3 429.2009999752 -3962843.1772 3351570.406 3694865.8786 0 0 0 0 0 0 0 0 0                 
point3 429.40100002289 -3962843.177299 3351570.406 3694865.8786 0 0 0 0 0 0 0 0 0                 
point3 429.60100007057 -3962843.177299 3351570.406 3694865.8786 0 0 0 0 0 0 0 0 0                 
point3 429.80099987984 -3962843.1773 3351570.406 3694865.8786 0 0 0 0 0 0 0 0 0                 
point3 430.00099992752 -3962843.1772 3351570.406 3694865.8786 0 0 0 0 0 0 0 0 0                 
point3 430.2009999752 -3962843.177201 3351570.406001 3694865.8786 0 0 0 0 0 0 0 0 0                 
point3 430.40100002289 -3962843.1772 3351570.406 3694865.8786 0 0 0 0 0 0 0 0 0                 
point3 430.60100007057 -3962843.177201 3351570.406 3694865.8786 0 0 0 0 0 0 0 0 0                 
point3 430.80099987984 -3962843.1772 3351570.406 3694865.8786 0 0 0 0 0 0 0 0 0                 
point3 431.00099992752 -3962843.177299 3351570.406099 3694865.8786 0 0 0 0 0 0 0 0 0                 
point3 431.2009999752 -3962843.1772 3351570.406 3694865.8786 0 0 0 0 0 0 0 0 0                 
point3 431.40100002289 -3962843.177201 3351570.406 3694865.8786 0 0 0 0 0 0 0 0 0                 
point3 431.60100007057 -3962843.1772 3351570.406 3694865.878501 0 0 0 0 0 0 0 0 0                 
point3 431.80099987984 -3962843.1773 3351570.406 3694865.8786 0 0 0 0 0 0 0 0 0                 
point3 432.00099992752 -3962843.177299 3351570.406 3694865.878599 0 0 0 0 0 0 0 0 0                 
point3 432.2009999752 -3962843.1773 3351570.406 3694865.8786 0 0 0 0 0 0 0 0 0                 
point3 432.40100002289 -3962843.1772 3351570.406 3694865.8786 0 0 0 0 0 0 0 0 0                 
point3 432.60100007057 -3962843.177201 3351570.406 3694865.8786 0 0 0 0 0 0 0 0 0                 
point3 432.80099987984 -3962843.1772 3351570.406 3694865.8786 0 0 0 0 0 0 0 0 0                 
point3 433.00099992752 -3962843.1772 3351570.406 3694865.8786 0 0 0 0 0 0 0 0 0                 
point3 433.2009999752 -3962843.177299 3351570.406 3694865.8786 0 0 0 0 0 0 0 0 0                 
point3 433.40100002289 -3962843.1772 3351570.406 3694865.8786 0 0 0 0 0 0 0 0 0                 
point3 433.60100007057 -3962843.1772 3351570.406 3694865.8786 0 0 0 0 0 0 0 0 0                 
point3 433.80099987984 -3962843.177201 3351570.406 3694865.878501 0 0 0 0 0 0 0 0 0                 
point3 434.00099992752 -3962843.1772 3351570.406 3694865.8786 0 0 0 0 0 0 0 0 0                 
point3 434.2009999752 -3962843.1772 3351570.406 3694865.8786 0 0 0 0 0 0 0 0 0                 
point3 434.40100002289 -3962843.177299 3351570.406 3694865.8786 0 0 0 0 0 0 0 0 0                 
point3 434.60100007057 -3962843.1772 3351570.406 3694865.878501 0 0 0 0 0 0 0 0 0                 
point3 434.80099987984 -3962843.1772 3351570.406 3694865.8786 0 0 0 0 0 0 0 0 0                 
point3 435.00099992752 -3962843.1772 3351570.406 3694865.8786 0 0 0 0 0 0 0 0 0                 
point3 435.2009999752 -3962843.177299 3351570.406 3694865.8786 0 0 0 0 0 0 0 0 0                 
point3 435.40100002289 -3962843.1772 3351570.406 3694865.8786 0 0 0 0 0 0 0 0 0                 
point3 435.60100007057 -3962843.177299 3351570.406099 3694865.8786 0 0 0 0 0 0 0 0 0                 
point3 435.80099987984 -3962843.1772 3351570.406 3694865.8786 0 0 0 0 0 0 0 0 0                 
point3 436.00099992752 -3962843.1772 3351570.406 3694865.8786 0 0 0 0 0 0 0 0 0                 
point3 436.2009999752 -3962843.1772 3351570.406 3694865.8786 0 0 0 0 0 0 0 0 0                 
point3 436.40100002289 -3962843.1772 3351570.406 3694865.8786 0 0 0 0 0 0 0 0 0                 
point3 436.60100007057 -3962843.1772 3351570.406 3694865.8786 0 0 0 0 0 0 0 0 0                 
point3 436.80099987984 -3962843.177299 3351570.406 3694865.8786 0 0 0 0 0 0 0 0 0                 
point3 437.00099992752 -3962843.1772 3351570.406 3694865.8786 0 0 0 0 0 0 0 0 0                 
point3 437.2009999752 -3962843.177201 3351570.406 3694865.8786 0 0 0 0 0 0 0 0 0                 
point3 437.40100002289 -3962843.1772 3351570.406 3694865.8786 0 0 0 0 0 0 0 0 0                 
point3 437.60100007057 -3962843.1772 3351570.406 3694865.8786 0 0 0 0 0 0 0 0 0                 
point3 437.80099987984 -3962843.1772 3351570.406 3694865.8786 0 0 0 0 0 0 0 0 0                 
point3 438.00099992752 -3962843.1772 3351570.406 3694865.8786 0 0 0 0 0 0 0 0 0                 
point3 438.2009999752 -3962843.1772 3351570.406 3694865.8786 0 0 0 0 0 0 0 0 0                 
point3 438.40100002289 -3962843.1772 3351570.406 3694865.8786 0 0 0 0 0 0 0 0 0                 
point3 438.60100007057 -3962843.1772 3351570.406 3694865.878599 0 0 0 0 0 0 0 0 0                 
point3 438.80099987984 -3962843.177201 3351570.406 3694865.8786 0 0 0 0 0 0 0 0 0                 
point3 439.00099992752 -3962843.1772 3351570.406 3694865.878501 0 0 0 0 0 0 0 0 0                 
point3 439.2009999752 -3962843.1772 3351570.406 3694865.8786 0 0 0 0 0 0 0 0 0                 
point3 439.40100002289 -3962843.1772 3351570.406 3694865.878501 0 0 0 0 0 0 0 0 0                 
point3 439.60100007057 -3962843.177299 3351570.406099 3694865.8786 0 0 0 0 0 0 0 0 0                 
point3 439.80099987984 -3962843.1772 3351570.406 3694865.8786 0 0 0 0 0 0 0 0 0                 
point3 440.00099992752 -3962843.177299 3351570.406 3694865.8786 0 0 0 0 0 0 0 0 0                 
point3 440.2009999752 -3962843.1772 3351570.406 3694865.8786 0 0 0 0 0 0 0 0 0                 
point3 440.40100002289 -3962843.177299 3351570.406 3694865.8786 0 0 0 0 0 0 0 0 0                 
point3 440.60100007057 -3962843.1772 3351570.406 3694865.8786 0 0 0 0 0 0 0 0 0                 
point3 440.80099987984 -3962843.1772 3351570.406 3694865.8786 0 0 0 0 0 0 0 0 0                 
point3 441.00099992752 -3962843.1772 3351570.406 3694865.8786 0 0 0 0 0 0 0 0 0                 
point3 441.2009999752 -3962843.1772 3351570.406 3694865.8786 0 0 0 0 0 0 0 0 0                 
point3 441.40100002289 -3962843.1772 3351570.406 3694865.8786 0 0 0 0 0 0 0 0 0                 
point3 441.60100007057 -3962843.177299 3351570.406 3694865.8786 0 0 0 0 0 0 0 0 0                 
point3 441.80099987984 -3962843.1772 3351570.406 3694865.8786 0 0 0 0 0 0 0 0 0                 
point3 442.00099992752 -3962843.177299 3351570.406 3694865.8786 0 0 0 0 0 0 0 0 0                 
point3 442.2009999752 -3962843.1772 3351570.406 3694865.878501 0 0 0 0 0 0 0 0 0                 
point3 442.40100002289 -3962843.1773 3351570.406099 3694865.8786 0 0 0 0 0 0 0 0 0                 
point3 442.60100007057 -3962843.1772 3351570.406 3694865.8786 0 0 0 0 0 0 0 0 0                 
point3 442.80099987984 -3962843.177299 3351570.406 3694865.8786 0 0 0 0 0 0 0 0 0                 
point3 443.00099992752 -3962843.1772 3351570.406 3694865.8786 0 0 0 0 0 0 0 0 0                 
point3 443.2009999752 -3962843.1773 3351570.406 3694865.8786 0 0 0 0 0 0 0 0 0                 
point3 443.40100002289 -3962843.177201 3351570.406 3694865.8786 0 0 0 0 0 0 0 0 0                 
point3 443.60100007057 -3962843.1773 3351570.406 3694865.8786 0 0 0 0 0 0 0 0 0                 
point3 443.80099987984 -3962843.177201 3351570.406 3694865.8786 0 0 0 0 0 0 0 0 0                 
point3 444.00099992752 -3962843.1773 3351570.406099 3694865.8786 0 0 0 0 0 0 0 0 0                 
point3 444.2009999752 -3962843.1773 3351570.406 3694865.8786 0 0 0 0 0 0 0 0 0                 
point3 444.40100002289 -3962843.1773 3351570.4061 3694865.8786 0 0 0 0 0 0 0 0 0                 
point3 444.60100007057 -3962843.1772 3351570.4061 3694865.8786 0 0 0 0 0 0 0 0 0                 
point3 444.80099987984 -3962843.1772 3351570.406001 3694865.8786 0 0 0 0 0 0 0 0 0                 
point3 445.00099992752 -3962843.1772 3351570.406 3694865.8786 0 0 0 0 0 0 0 0 0                 
point3 445.2009999752 -3962843.177299 3351570.406099 3694865.8786 0 0 0 0 0 0 0 0 0                 
point3 445.40100002289 -3962843.177201 3351570.4061 3694865.8786 0 0 0 0 0 0 0 0 0                 
point3 445.60100007057 -3962843.1773 3351570.4061 3694865.8786 0 0 0 0 0 0 0 0 0                 
point3 445.80099987984 -3962843.177201 3351570.406001 3694865.878501 0 0 0 0 0 0 0 0 0                 
point3 446.00099992752 -3962843.1773 3351570.4061 3694865.8786 0 0 0 0 0 0 0 0 0                 
point3 446.2009999752 -3962843.1772 3351570.406001 3694865.8786 0 0 0 0 0 0 0 0 0                 
point3 446.40100002289 -3962843.177299 3351570.4061 3694865.8786 0 0 0 0 0 0 0 0 0                 
point3 446.60100007057 -3962843.177299 3351570.406099 3694865.8786 0 0 0 0 0 0 0 0 0                 
point3 446.80099987984 -3962843.177299 3351570.4061 3694865.8786 0 0 0 0 0 0 0 0 0                 
point3 447.00099992752 -3962843.177299 3351570.4061 3694865.8786 0 0 0 0 0 0 0 0 0                 
point3 447.2009999752 -3962843.177299 3351570.406099 3694865.8786 0 0 0 0 0 0 0 0 0                 
point3 447.40100002289 -3962843.177201 3351570.406099 3694865.8786 0 0 0 0 0 0 0 0 0                 
point3 447.60100007057 -3962843.177201 3351570.4061 3694865.8786 0 0 0 0 0 0 0 0 0                 
point3 447.80099987984 -3962843.177201 3351570.406001 3694865.8786 0 0 0 0 0 0 0 0 0                 
point3 448.00099992752 -3962843.177201 3351570.406001 3694865.8786 0 0 0 0 0 0 0 0 0                 
point3 448.2009999752 -3962843.177299 3351570.406001 3694865.8786 0 0 0 0 0 0 0 0 0                 
point3 448.40100002289 -3962843.177299 3351570.406099 3694865.8786 0 0 0 0 0 0 0 0 0                 
point3 448.60100007057 -3962843.177299 3351570.406099 3694865.8786 0 0 0 0 0 0 0 0 0                 
point3 448.80099987984 -3962843.177201 3351570.4061 3694865.8786 0 0 0 0 0 0 0 0 0                 
point3 449.00099992752 -3962843.177201 3351570.406001 3694865.8786 0 0 0 0 0 0 0 0 0                 
point3 449.2009999752 -3962843.177201 3351570.406001 3694865.8786 0 0 0 0 0 0 0 0 0                 
point3 449.40100002289 -3962843.1772 3351570.406001 3694865.8786 0 0 0 0 0 0 0 0 0                 
point3 449.60100007057 -3962843.177299 3351570.406 3694865.8786 0 0 0 0 0 0 0 0 0                 
point3 449.80099987984 -3962843.1772 3351570.406099 3694865.8786 0 0 0 0 0 0 0 0 0                 
point3 450.00099992752 -3962843.1773 3351570.406099 3694865.8786 0 0 0 0 0 0 0 0 0                 
point3 450.2009999752 -3962843.177201 3351570.406 3694865.8786 0 0 0 0 0 0 0 0 0                 
point3 450.40100002289 -3962843.1772 3351570.4061 3694865.8786 0 0 0 0 0 0 0 0 0                 
point3 450.60100007057 -3962843.177299 3351570.406001 3694865.8786 0 0 0 0 0 0 0 0 0                 
point3 450.80099987984 -3962843.177299 3351570.406099 3694865.8786 0 0 0 0 0 0 0 0 0                 
point3 451.00099992752 -3962843.1773 3351570.406099 3694865.8786 0 0 0 0 0 0 0 0 0                 
point3 451.2009999752 -3962843.177201 3351570.4061 3694865.8786 0 0 0 0 0 0 0 0 0                 
point3 451.40100002289 -3962843.177201 3351570.4061 3694865.8786 0 0 0 0 0 0 0 0 0                 
point3 451.60100007057 -3962843.1772 3351570.406001 3694865.8786 0 0 0 0 0 0 0 0 0                 
point3 451.80099987984 -3962843.177299 3351570.406099 3694865.8786 0 0 0 0 0 0 0 0 0                 
point3 452.00099992752 -3962843.177299 3351570.406099 3694865.8786 0 0 0 0 0 0 0 0 0                 
point3 452.2009999752 -3962843.177201 3351570.4061 3694865.8786 0 0 0 0 0 0 0 0 0                 
point3 452.40100002289 -3962843.177201 3351570.406001 3694865.8786 0 0 0 0 0 0 0 0 0                 
point3 452.60100007057 -3962843.1772 3351570.406001 3694865.8786 0 0 0 0 0 0 0 0 0                 
point3 452.80099987984 -3962843.1772 3351570.406 3694865.8786 0 0 0 0 0 0 0 0 0                 
point3 453.00099992752 -3962843.177299 3351570.4061 3694865.8786 0 0 0 0 0 0 0 0 0                 
point3 453.2009999752 -3962843.1772 3351570.406 3694865.8786 0 0 0 0 0 0 0 0 0                 
point3 453.40100002289 -3962843.1773 3351570.406001 3694865.8786 0 0 0 0 0 0 0 0 0                 
point3 453.60100007057 -3962843.177299 3351570.406099 3694865.8786 0 0 0 0 0 0 0 0 0                 
point3 453.80099987984 -3962843.1772 3351570.406099 3694865.8786 0 0 0 0 0 0 0 0 0                 
point3 454.00099992752 -3962843.1772 3351570.406 3694865.8786 0 0 0 0 0 0 0 0 0                 
point3 454.2009999752 -3962843.177201 3351570.406 3694865.8786 0 0 0 0 0 0 0 0 0                 
point3 454.40100002289 -3962843.177299 3351570.406099 3694865.8786 0 0 0 0 0 0 0 0 0                 
point3 454.60100007057 -3962843.1773 3351570.406001 3694865.8786 0 0 0 0 0 0 0 0 0                 
point3 454.80099987984 -3962843.177299 3351570.406099 3694865.8786 0 0 0 0 0 0 0 0 0                 
point3 455.00099992752 -3962843.1772 3351570.406 3694865.8786 0 0 0 0 0 0 0 0 0                 
point3 455.2009999752 -3962843.1772 3351570.406 3694865.8786 0 0 0 0 0 0 0 0 0                 
point3 455.40100002289 -3962843.1772 3351570.406 3694865.8786 0 0 0 0 0 0 0 0 0                 
point3 455.60100007057 -3962843.1772 3351570.406 3694865.8786 0 0 0 0 0 0 0 0 0                 
point3 455.80099987984 -3962843.177201 3351570.406001 3694865.8786 0 0 0 0 0 0 0 0 0                 
point3 456.00099992752 -3962843.1772 3351570.406 3694865.8786 0 0 0 0 0 0 0 0 0                 
point3 456.2009999752 -3962843.1773 3351570.4061 3694865.8786 0 0 0 0 0 0 0 0 0                 
point3 456.40100002289 -3962843.1772 3351570.406 3694865.8786 0 0 0 0 0 0 0 0 0                 
point3 456.60100007057 -3962843.1773 3351570.4061 3694865.8786 0 0 0 0 0 0 0 0 0                 
point3 456.80099987984 -3962843.1772 3351570.406 3694865.8786 0 0 0 0 0 0 0 0 0                 
point3 457.00099992752 -3962843.1773 3351570.4061 3694865.8786 0 0 0 0 0 0 0 0 0                 
point3 457.2009999752 -3962843.1773 3351570.406001 3694865.8786 0 0 0 0 0 0 0 0 0                 
point3 457.40100002289 -3962843.1773 3351570.4061 3694865.8786 0 0 0 0 0 0 0 0 0                 
point3 457.60100007057 -3962843.1773 3351570.4061 3694865.8786 0 0 0 0 0 0 0 0 0                 
point3 457.80099987984 -3962843.1773 3351570.4061 3694865.8786 0 0 0 0 0 0 0 0 0                 
point3 458.00099992752 -3962843.1773 3351570.4061 3694865.8786 0 0 0 0 0 0 0 0 0                 
point3 458.2009999752 -3962843.1773 3351570.4061 3694865.8786 0 0 0 0 0 0 0 0 0                 
point3 458.40100002289 -3962843.177299 3351570.406099 3694865.8786 0 0 0 0 0 0 0 0 0                 
point3 458.60100007057 -3962843.1773 3351570.4061 3694865.8786 0 0 0 0 0 0 0 0 0                 
point3 458.80099987984 -3962843.177299 3351570.406 3694865.8786 0 0 0 0 0 0 0 0 0                 
point3 459.00099992752 -3962843.177299 3351570.4061 3694865.8786 0 0 0 0 0 0 0 0 0                 
point3 459.2009999752 -3962843.1772 3351570.406 3694865.8786 0 0 0 0 0 0 0 0 0                 
point3 459.40100002289 -3962843.1773 3351570.406001 3694865.8786 0 0 0 0 0 0 0 0 0                 
point3 459.60100007057 -3962843.1772 3351570.406 3694865.8786 0 0 0 0 0 0 0 0 0                 
point3 459.80099987984 -3962843.1772 3351570.406099 3694865.8786 0 0 0 0 0 0 0 0 0                 
point3 460.00099992752 -3962843.1772 3351570.406 3694865.878501 0 0 0 0 0 0 0 0 0                 
point3 460.2009999752 -3962843.177299 3351570.406099 3694865.8786 0 0 0 0 0 0 0 0 0                 
point3 460.40100002289 -3962843.1772 3351570.406 3694865.878501 0 0 0 0 0 0 0 0 0                 
point3 460.60100007057 -3962843.1772 3351570.406099 3694865.8786 0 0 0 0 0 0 0 0 0                 
point3 460.80099987984 -3962843.1772 3351570.406 3694865.878599 0 0 0 0 0 0 0 0 0                 
point3 461.00099992752 -3962843.177201 3351570.406001 3694865.8786 0 0 0 0 0 0 0 0 0                 
point3 461.2009999752 -3962843.1772 3351570.406 3694865.8785 0 0 0 0 0 0 0 0 0                 
point3 461.40100002289 -3962843.177299 3351570.4061 3694865.8786 0 0 0 0 0 0 0 0 0                 
point3 461.60100007057 -3962843.1772 3351570.406 3694865.878501 0 0 0 0 0 0 0 0 0                 
point3 461.80099987984 -3962843.177299 3351570.4061 3694865.8786 0 0 0 0 0 0 0 0 0                 
point3 462.00099992752 -3962843.1772 3351570.406 3694865.878501 0 0 0 0 0 0 0 0 0                 
point3 462.2009999752 -3962843.177299 3351570.406099 3694865.8786 0 0 0 0 0 0 0 0 0                 
point3 462.40100002289 -3962843.1772 3351570.406 3694865.878501 0 0 0 0 0 0 0 0 0                 
point3 462.60100007057 -3962843.1772 3351570.406099 3694865.8786 0 0 0 0 0 0 0 0 0                 
point3 462.80099987984 -3962843.1772 3351570.406001 3694865.8786 0 0 0 0 0 0 0 0 0                 
point3 463.00099992752 -3962843.1772 3351570.406001 3694865.8786 0 0 0 0 0 0 0 0 0                 
point3 463.2009999752 -3962843.1772 3351570.406 3694865.8786 0 0 0 0 0 0 0 0 0                 
point3 463.40100002289 -3962843.177299 3351570.406099 3694865.8786 0 0 0 0 0 0 0 0 0                 
point3 463.60100007057 -3962843.177201 3351570.406099 3694865.8786 0 0 0 0 0 0 0 0 0                 
point3 463.80099987984 -3962843.1772 3351570.4061 3694865.8786 0 0 0 0 0 0 0 0 0                 
point3 464.00099992752 -3962843.177201 3351570.406001 3694865.878501 0 0 0 0 0 0 0 0 0                 
point3 464.2009999752 -3962843.177201 3351570.406001 3694865.8786 0 0 0 0 0 0 0 0 0                 
point3 464.40100002289 -3962843.1772 3351570.406099 3694865.8786 0 0 0 0 0 0 0 0 0                 
point3 464.60100007057 -3962843.177201 3351570.406001 3694865.8786 0 0 0 0 0 0 0 0 0                 
point3 464.80099987984 -3962843.1772 3351570.406001 3694865.8786 0 0 0 0 0 0 0 0 0                 
point3 465.00099992752 -3962843.1772 3351570.406001 3694865.8786 0 0 0 0 0 0 0 0 0                 
point3 465.2009999752 -3962843.177299 3351570.406099 3694865.878599 0 0 0 0 0 0 0 0 0                 
point3 465.40100002289 -3962843.1772 3351570.406001 3694865.8786 0 0 0 0 0 0 0 0 0                 
point3 465.60100007057 -3962843.177299 3351570.406099 3694865.878599 0 0 0 0 0 0 0 0 0                 
point3 465.80099987984 -3962843.1772 3351570.406099 3694865.8786 0 0 0 0 0 0 0 0 0                 
point3 466.00099992752 -3962843.1772 3351570.406099 3694865.8786 0 0 0 0 0 0 0 0 0                 
point3 466.2009999752 -3962843.177201 3351570.406001 3694865.878501 0 0 0 0 0 0 0 0 0                 
point3 466.40100002289 -3962843.1772 3351570.406001 3694865.8786 0 0 0 0 0 0 0 0 0                 
point3 466.60100007057 -3962843.1772 3351570.406001 3694865.8786 0 0 0 0 0 0 0 0 0                 
point3 466.80099987984 -3962843.177299 3351570.406099 3694865.8786 0 0 0 0 0 0 0 0 0                 
point3 467.00099992752 -3962843.1772 3351570.406099 3694865.8786 0 0 0 0 0 0 0 0 0                 
point3 467.2009999752 -3962843.1772 3351570.4061 3694865.8786 0 0 0 0 0 0 0 0 0                 
point3 467.40100002289 -3962843.1772 3351570.406001 3694865.878501 0 0 0 0 0 0 0 0 0                 
point3 467.60100007057 -3962843.1772 3351570.406001 3694865.8786 0 0 0 0 0 0 0 0 0                 
point3 467.80099987984 -3962843.1772 3351570.406 3694865.878599 0 0 0 0 0 0 0 0 0                 
point3 468.00099992752 -3962843.177299 3351570.406099 3694865.8786 0 0 0 0 0 0 0 0 0                 
point3 468.2009999752 -3962843.1772 3351570.406099 3694865.8786 0 0 0 0 0 0 0 0 0                 
point3 468.40100002289 -3962843.1772 3351570.406001 3694865.878501 0 0 0 0 0 0 0 0 0                 
point3 468.60100007057 -3962843.1772 3351570.406001 3694865.8786 0 0 0 0 0 0 0 0 0                 
point3 468.80099987984 -3962843.1772 3351570.406 3694865.878599 0 0 0 0 0 0 0 0 0                 
point3 469.00099992752 -3962843.1772 3351570.406099 3694865.8786 0 0 0 0 0 0 0 0 0                 
point3 469.2009999752 -3962843.1772 3351570.406099 3694865.8786 0 0 0 0 0 0 0 0 0                 
point3 469.40100002289 -3962843.1772 3351570.406001 3694865.878501 0 0 0 0 0 0 0 0 0                 
point3 469.60100007057 -3962843.1772 3351570.406001 3694865.8786 0 0 0 0 0 0 0 0 0                 
point3 469.80099987984 -3962843.1772 3351570.406 3694865.878599 0 0 0 0 0 0 0 0 0                 
point3 470.00099992752 -3962843.1772 3351570.406099 3694865.8786 0 0 0 0 0 0 0 0 0                 
point3 470.2009999752 -3962843.1772 3351570.406099 3694865.8786 0 0 0 0 0 0 0 0 0                 
point3 470.40100002289 -3962843.1772 3351570.406001 3694865.878501 0 0 0 0 0 0 0 0 0                 
point3 470.60100007057 -3962843.1772 3351570.406001 3694865.8786 0 0 0 0 0 0 0 0 0                 
point3 470.80099987984 -3962843.1772 3351570.406 3694865.8786 0 0 0 0 0 0 0 0 0                 
point3 471.00099992752 -3962843.1772 3351570.406099 3694865.8786 0 0 0 0 0 0 0 0 0                 
point3 471.2009999752 -3962843.177201 3351570.406001 3694865.8786 0 0 0 0 0 0 0 0 0                 
point3 471.40100002289 -3962843.1772 3351570.406 3694865.8786 0 0 0 0 0 0 0 0 0                 
point3 471.60100007057 -3962843.177299 3351570.4061 3694865.8786 0 0 0 0 0 0 0 0 0                 
point3 471.80099987984 -3962843.1772 3351570.4061 3694865.8786 0 0 0 0 0 0 0 0 0                 
point3 472.00099992752 -3962843.1772 3351570.406 3694865.8786 0 0 0 0 0 0 0 0 0                 
point3 472.2009999752 -3962843.1772 3351570.406 3694865.8786 0 0 0 0 0 0 0 0 0                 
point3 472.40100002289 -3962843.1772 3351570.4061 3694865.8786 0 0 0 0 0 0 0 0 0                 
point3 472.60100007057 -3962843.1772 3351570.4061 3694865.8786 0 0 0 0 0 0 0 0 0                 
point3 472.80099987984 -3962843.1773 3351570.4061 3694865.8786 0 0 0 0 0 0 0 0 0                 
point3 473.00099992752 -3962843.1772 3351570.4061 3694865.8786 0 0 0 0 0 0 0 0 0                 
point3 473.2009999752 -3962843.1772 3351570.4061 3694865.8786 0 0 0 0 0 0 0 0 0                 
point3 473.40100002289 -3962843.1772 3351570.4061 3694865.8786 0 0 0 0 0 0 0 0 0                 
point3 473.60100007057 -3962843.1772 3351570.4061 3694865.8786 0 0 0 0 0 0 0 0 0                 
point3 473.80099987984 -3962843.1772 3351570.4061 3694865.8786 0 0 0 0 0 0 0 0 0                 
point3 474.00099992752 -3962843.177201 3351570.4061 3694865.8786 0 0 0 0 0 0 0 0 0                 
point3 474.2009999752 -3962843.177201 3351570.4061 3694865.8786 0 0 0 0 0 0 0 0 0                 
point3 474.40100002289 -3962843.1773 3351570.4061 3694865.8786 0 0 0 0 0 0 0 0 0                 
point3 474.60100007057 -3962843.177201 3351570.4061 3694865.8786 0 0 0 0 0 0 0 0 0                 
point3 474.80099987984 -3962843.177299 3351570.4061 3694865.8786 0 0 0 0 0 0 0 0 0                 
point3 475.00099992752 -3962843.177299 3351570.4061 3694865.8786 0 0 0 0 0 0 0 0 0                 
point3 475.2009999752 -3962843.1772 3351570.4061 3694865.8786 0 0 0 0 0 0 0 0 0                 
point3 475.40100002289 -3962843.1772 3351570.406099 3694865.8786 0 0 0 0 0 0 0 0 0                 
point3 475.60100007057 -3962843.1773 3351570.4061 3694865.8786 0 0 0 0 0 0 0 0 0                 
point3 475.80099987984 -3962843.1772 3351570.4061 3694865.8786 0 0 0 0 0 0 0 0 0                 
point3 476.00099992752 -3962843.177099 3351570.406101 3694865.8787 0 0 0 0 0 0 0 0 0                 
point3 476.2009999752 -3962843.177317 3351570.406194 3694865.878382 0 0 0 0 0 0 0 0 0                 
point3 476.40100002289 -3962843.182761 3351570.404592 3694865.872441 0 0 0 0 0 0 0 0 0                 
point3 476.60100007057 -3962843.197097 3351570.402887 3694865.858908 0 0 0 0 0 0 0 0 0                 
point3 476.80099987984 -3962843.21813 3351570.399982 3694865.838979 0 0 0 0 0 0 0 0 0                 
point3 477.00099992752 -3962843.245976 3351570.39628 3694865.812834 0 0 0 0 0 0 0 0 0                 
point3 477.2009999752 -3962843.285793 3351570.39187 3694865.77533 0 0 0 0 0 0 0 0 0                 
point3 477.40100002289 -3962843.3534891 3351570.384436 3694865.7127459 0 0 0 0 0 0 0 0 0                 
point3 477.60100007057 -3962843.4632271 3351570.369594 3694865.6109269 0 0 0 0 0 0 0 0 0                 
point3 477.80099987984 -3962843.6202469 3351570.34636 3694865.4648041 0 0 0 0 0 0 0 0 0                 
point3 478.00099992752 -3962843.8196339 3351570.317242 3694865.2759231 0 0 0 0 0 0 0 0 0                 
point3 478.2009999752 -3962844.0558129 3351570.284109 3694865.0520621 0 0 0 0 0 0 0 0 0                 
point3 478.40100002289 -3962844.3261702 3351570.24509 3694864.7976198 0 0 0 0 0 0 0 0 0                 
point3 478.60100007057 -3962844.6284233 3351570.201776 3694864.5135787 0 0 0 0 0 0 0 0 0                 
point3 478.80099987984 -3962844.9609749 3351570.156561 3694864.2014001 0 0 0 0 0 0 0 0 0                 
point3 479.00099992752 -3962845.3233259 3351570.107943 3694863.8544701 0 0 0 0 0 0 0 0 0                 
point3 479.2009999752 -3962845.7164799 3351570.055522 3694863.4818301 0 0 0 0 0 0 0 0 0                 
point3 479.40100002289 -3962846.1394174 3351569.999212 3694863.0802927 0 0 0 0 0 0 0 0 0                 
point3 479.60100007057 -3962846.5897484 3351569.941803 3694862.6534726 0 0 0 0 0 0 0 0 0                 
point3 479.80099987984 -3962847.0636378 3351569.882495 3694862.2036752 0 0 0 0 0 0 0 0 0                 
point3 480.00099992752 -3962847.5572588 3351569.821083 3694861.7329642 0 0 0 0 0 0 0 0 0                 
point3 480.2009999752 -3962848.0732318 3351569.757282 3694861.2417002 0 0 0 0 0 0 0 0 0                 
point3 480.40100002289 -3962848.6033144 3351569.6935759 3694860.7377246 0 0 0 0 0 0 0 0 0                 
point3 480.60100007057 -3962849.1506925 3351569.6278639 3694860.2192656 0 0 0 0 0 0 0 0 0                 
point3 480.80099987984 -3962849.7127498 3351569.559354 3694859.6896052 0 0 0 0 0 0 0 0 0                 
point3 481.00099992752 -3962850.2852048 3351569.490665 3694859.1469392 0 0 0 0 0 0 0 0 0                 
point3 481.2009999752 -3962850.8693628 3351569.424072 3694858.5906612 0 0 0 0 0 0 0 0 0                 
point3 481.40100002289 -3962851.4638965 3351569.3591909 3694858.0207155 0 0 0 0 0 0 0 0 0                 
point3 481.60100007057 -3962852.0649375 3351569.29811 3694857.4403395 0 0 0 0 0 0 0 0 0                 
point3 481.80099987984 -3962852.6735588 3351569.242353 3694856.8434582 0 0 0 0 0 0 0 0 0                 
point3 482.00099992752 -3962853.2861828 3351569.195006 3694856.2315232 0 0 0 0 0 0 0 0 0                 
point3 482.2009999752 -3962853.9045098 3351569.157842 3694855.6136602 0 0 0 0 0 0 0 0 0                 
point3 482.40100002289 -3962854.5255895 3351569.129616 3694854.9813685 0 0 0 0 0 0 0 0 0                 
point3 482.60100007057 -3962855.1440165 3351569.116293 3694854.3311275 0 0 0 0 0 0 0 0 0                 
point3 482.80099987984 -3962855.7659678 3351569.119478 3694853.6783472 0 0 0 0 0 0 0 0 0                 
point3 483.00099992752 -3962856.3750868 3351569.138036 3694853.0257032 0 0 0 0 0 0 0 0 0                 
point3 483.2009999752 -3962856.9694468 3351569.170333 3694852.3653952 0 0 0 0 0 0 0 0 0                 
point3 483.40100002289 -3962857.5570115 3351569.221302 3694851.7036965 0 0 0 0 0 0 0 0 0                 
point3 483.60100007057 -3962858.1351365 3351569.2849621 3694851.0446415 0 0 0 0 0 0 0 0 0                 
point3 483.80099987984 -3962858.6972348 3351569.361442 3694850.3935622 0 0 0 0 0 0 0 0 0                 
point3 484.00099992752 -3962859.2382198 3351569.453419 3694849.7478162 0 0 0 0 0 0 0 0 0                 
point3 484.2009999752 -3962859.7568008 3351569.560798 3694849.1148972 0 0 0 0 0 0 0 0 0                 
point3 484.40100002289 -3962860.2505684 3351569.6834631 3694848.4992815 0 0 0 0 0 0 0 0 0                 
point3 484.60100007057 -3962860.7162264 3351569.8204371 3694847.8990515 0 0 0 0 0 0 0 0 0                 
point3 484.80099987984 -3962861.1548008 3351569.9706869 3694847.3144532 0 0 0 0 0 0 0 0 0                 
point3 485.00099992752 -3962861.5684559 3351570.1306559 3694846.7489302 0 0 0 0 0 0 0 0 0                 
point3 485.2009999752 -3962861.9517949 3351570.3062369 3694846.1993202 0 0 0 0 0 0 0 0 0                 
point3 485.40100002289 -3962862.3057253 3351570.4943212 3694845.6669806 0 0 0 0 0 0 0 0 0                 
point3 485.60100007057 -3962862.6481423 3351570.6776362 3694845.1470446 0 0 0 0 0 0 0 0 0                 
point3 485.80099987984 -3962862.9659219 3351570.8712689 3694844.6372942 0 0 0 0 0 0 0 0 0                 
point3 486.00099992752 -3962863.2397559 3351571.0900329 3694844.1406992 0 0 0 0 0 0 0 0 0                 
point3 486.2009999752 -3962863.4861659 3351571.3145689 3694843.6678622 0 0 0 0 0 0 0 0 0                 
point3 486.40100002289 -3962863.7139352 3351571.5254432 3694843.2293297 0 0 0 0 0 0 0 0 0                 
point3 486.60100007057 -3962863.9105321 3351571.7359702 3694842.8237937 0 0 0 0 0 0 0 0 0                 
point3 486.80099987984 -3962864.068379 3351571.9494519 3694842.4509561 0 0 0 0 0 0 0 0 0                 
point3 487.00099992752 -3962864.200816 3351572.1567889 3694842.1102031 0 0 0 0 0 0 0 0 0                 
point3 487.2009999752 -3962864.321864 3351572.3518499 3694841.7963101 0 0 0 0 0 0 0 0 0                 
point3 487.40100002289 -3962864.4299761 3351572.5415362 3694841.5034068 0 0 0 0 0 0 0 0 0                 
point3 487.60100007057 -3962864.5211101 3351572.7272011 3694841.2302088 0 0 0 0 0 0 0 0 0                 
point3 487.80099987984 -3962864.600971 3351572.9052549 3694840.9768031 0 0 0 0 0 0 0 0 0                 
point3 488.00099992752 -3962864.673642 3351573.0739149 3694840.7419831 0 0 0 0 0 0 0 0 0                 
point3 488.2009999752 -3962864.740199 3351573.2357959 3694840.5222461 0 0 0 0 0 0 0 0 0                 
point3 488.40100002289 -3962864.797468 3351573.3940711 3694840.3139978 0 0 0 0 0 0 0 0 0                 
point3 488.60100007057 -3962864.850247 3351573.5467441 3694840.1164498 0 0 0 0 0 0 0 0 0                 
point3 488.80099987984 -3962864.897706 3351573.6946269 3694839.9293111 0 0 0 0 0 0 0 0 0                 
point3 489.00099992752 -3962864.936977 3351573.8387979 3694839.7544621 0 0 0 0 0 0 0 0 0                 
point3 489.2009999752 -3962864.972585 3351573.976156 3694839.5884941 0 0 0 0 0 0 0 0 0                 
point3 489.40100002289 -3962865.009983 3351574.1055231 3694839.4296399 0 0 0 0 0 0 0 0 0                 
point3 489.60100007057 -3962865.045558 3351574.2287961 3694839.2796839 0 0 0 0 0 0 0 0 0                 
point3 489.80099987984 -3962865.07573 3351574.346562 3694839.139747 0 0 0 0 0 0 0 0 0                 
point3 490.00099992752 -3962865.100613 3351574.456921 3694839.012103 0 0 0 0 0 0 0 0 0                 
point3 490.2009999752 -3962865.122702 3351574.558981 3694838.895358 0 0 0 0 0 0 0 0 0                 
point3 490.40100002289 -3962865.142082 3351574.6531411 3694838.7895119 0 0 0 0 0 0 0 0 0                 
point3 490.60100007057 -3962865.157667 3351574.7392011 3694838.6943609 0 0 0 0 0 0 0 0 0                 
point3 490.80099987984 -3962865.170556 3351574.817362 3694838.609007 0 0 0 0 0 0 0 0 0                 
point3 491.00099992752 -3962865.18074 3351574.887926 3694838.532752 0 0 0 0 0 0 0 0 0                 
point3 491.2009999752 -3962865.188536 3351574.951186 3694838.465394 0 0 0 0 0 0 0 0 0                 
point3 491.40100002289 -3962865.195329 3351575.006348 3694838.406335 0 0 0 0 0 0 0 0 0                 
point3 491.60100007057 -3962865.200925 3351575.054319 3694838.355367 0 0 0 0 0 0 0 0 0                 
point3 491.80099987984 -3962865.205824 3351575.097203 3694838.309683 0 0 0 0 0 0 0 0 0                 
point3 492.00099992752 -3962865.210523 3351575.137295 3694838.266793 0 0 0 0 0 0 0 0 0                 
point3 492.2009999752 -3962865.214921 3351575.175989 3694838.225598 0 0 0 0 0 0 0 0 0                 
point3 492.40100002289 -3962865.219018 3351575.213583 3694838.185505 0 0 0 0 0 0 0 0 0                 
point3 492.60100007057 -3962865.222415 3351575.248954 3694838.147735 0 0 0 0 0 0 0 0 0                 
point3 492.80099987984 -3962865.225213 3351575.278226 3694838.116263 0 0 0 0 0 0 0 0 0                 
point3 493.00099992752 -3962865.227714 3351575.302106 3694838.090183 0 0 0 0 0 0 0 0 0                 
point3 493.2009999752 -3962865.230716 3351575.323618 3694838.066268 0 0 0 0 0 0 0 0 0                 
point3 493.40100002289 -3962865.233712 3351575.348337 3694838.039052 0 0 0 0 0 0 0 0 0                 
point3 493.60100007057 -3962865.23601 3351575.375627 3694838.009565 0 0 0 0 0 0 0 0 0                 
point3 493.80099987984 -3962865.238008 3351575.399905 3694837.983686 0 0 0 0 0 0 0 0 0                 
point3 494.00099992752 -3962865.239607 3351575.419884 3694837.961909 0 0 0 0 0 0 0 0 0                 
point3 494.2009999752 -3962865.240906 3351575.435462 3694837.94473 0 0 0 0 0 0 0 0 0                 
point3 494.40100002289 -3962865.242208 3351575.447159 3694837.931634 0 0 0 0 0 0 0 0 0                 
point3 494.60100007057 -3962865.243707 3351575.460079 3694837.917014 0 0 0 0 0 0 0 0 0                 
point3 494.80099987984 -3962865.244803 3351575.476594 3694837.899402 0 0 0 0 0 0 0 0 0                 
point3 495.00099992752 -3962865.245506 3351575.49631 3694837.878989 0 0 0 0 0 0 0 0 0                 
point3 495.2009999752 -3962865.246503 3351575.51923 3694837.85577 0 0 0 0 0 0 0 0 0                 
point3 495.40100002289 -3962865.247205 3351575.546045 3694837.829257 0 0 0 0 0 0 0 0 0                 
point3 495.60100007057 -3962865.248203 3351575.57586 3694837.799945 0 0 0 0 0 0 0 0 0                 
point3 495.80099987984 -3962865.248803 3351575.608474 3694837.768434 0 0 0 0 0 0 0 0 0                 
point3 496.00099992752 -3962865.249301 3351575.643887 3694837.734724 0 0 0 0 0 0 0 0 0                 
point3 496.2009999752 -3962865.249501 3351575.682209 3694837.698705 0 0 0 0 0 0 0 0 0                 
point3 496.40100002289 -3962865.249801 3351575.72554 3694837.658578 0 0 0 0 0 0 0 0 0                 
point3 496.60100007057 -3962865.25 3351575.775578 3694837.612546 0 0 0 0 0 0 0 0 0                 
point3 496.80099987984 -3962865.249594 3351575.832704 3694837.560528 0 0 0 0 0 0 0 0 0                 
point3 497.00099992752 -3962865.247888 3351575.894004 3694837.505733 0 0 0 0 0 0 0 0 0                 
point3 497.2009999752 -3962865.245488 3351575.952863 3694837.453868 0 0 0 0 0 0 0 0 0                 
point3 497.40100002289 -3962865.24319 3351576.002918 3694837.409508 0 0 0 0 0 0 0 0 0                 
point3 497.60100007057 -3962865.241291 3351576.044376 3694837.373044 0 0 0 0 0 0 0 0 0                 
point3 497.80099987984 -3962865.239592 3351576.078463 3694837.343157 0 0 0 0 0 0 0 0 0                 
point3 498.00099992752 -3962865.238193 3351576.111589 3694837.314037 0 0 0 0 0 0 0 0 0                 
point3 498.2009999752 -3962865.236083 3351576.15286 3694837.278377 0 0 0 0 0 0 0 0 0                 
point3 498.40100002289 -3962865.232175 3351576.2082201 3694837.231534 0 0 0 0 0 0 0 0 0                 
point3 498.60100007057 -3962865.226973 3351576.2749761 3694837.1758889 0 0 0 0 0 0 0 0 0                 
point3 498.80099987984 -3962865.221162 3351576.35283 3694837.111852 0 0 0 0 0 0 0 0 0                 
point3 499.00099992752 -3962865.212747 3351576.442105 3694837.040307 0 0 0 0 0 0 0 0 0                 
point3 499.2009999752 -3962865.201227 3351576.550074 3694836.957395 0 0 0 0 0 0 0 0 0                 
point3 499.40100002289 -3962865.184576 3351576.6980492 3694836.8468969 0 0 0 0 0 0 0 0 0                 
point3 499.60100007057 -3962865.156102 3351576.9031472 3694836.6957879 0 0 0 0 0 0 0 0 0                 
point3 499.80099987984 -3962865.112829 3351577.1670279 3694836.5032961 0 0 0 0 0 0 0 0 0                 
point3 500.00099992752 -3962865.05557 3351577.4858829 3694836.2737251 0 0 0 0 0 0 0 0 0                 
point3 500.2009999752 -3962864.98749 3351577.8550409 3694836.0111881 0 0 0 0 0 0 0 0 0                 
point3 500.40100002289 -3962864.8978639 3351578.2767964 3694835.7240918 0 0 0 0 0 0 0 0 0                 
point3 500.60100007057 -3962864.7869009 3351578.7480284 3694835.4153527 0 0 0 0 0 0 0 0 0                 
point3 500.80099987984 -3962864.664849 3351579.2643388 3694835.0787261 0 0 0 0 0 0 0 0 0                 
point3 501.00099992752 -3962864.5298331 3351579.8224488 3694834.7192331 0 0 0 0 0 0 0 0 0                 
point3 501.2009999752 -3962864.3702731 3351580.4235658 3694834.3400131 0 0 0 0 0 0 0 0 0                 
point3 501.40100002289 -3962864.2050719 3351581.0668576 3694833.9349596 0 0 0 0 0 0 0 0 0                 
point3 501.60100007057 -3962864.0387019 3351581.7481676 3694833.5014446 0 0 0 0 0 0 0 0 0                 
point3 501.80099987984 -3962863.8497381 3351582.4725847 3694833.0467072 0 0 0 0 0 0 0 0 0                 
point3 502.00099992752 -3962863.6307841 3351583.2417067 3694832.5823852 0 0 0 0 0 0 0 0 0                 
point3 502.2009999752 -3962863.3876071 3351584.0518647 3694832.0937762 0 0 0 0 0 0 0 0 0                 
point3 502.40100002289 -3962863.1485778 3351584.8935317 3694831.5843086 0 0 0 0 0 0 0 0 0                 
point3 502.60100007057 -3962862.8984618 3351585.7653427 3694831.0634736 0 0 0 0 0 0 0 0 0                 
point3 502.80099987984 -3962862.6269811 3351586.6605937 3694830.5377412 0 0 0 0 0 0 0 0 0                 
point3 503.00099992752 -3962862.3401451 3351587.5883587 3694830.0025882 0 0 0 0 0 0 0 0 0                 
point3 503.2009999752 -3962862.0485881 3351588.5487206 3694829.4569172 0 0 0 0 0 0 0 0 0                 
point3 503.40100002289 -3962861.7393577 3351589.5397708 3694828.8968655 0 0 0 0 0 0 0 0 0                 
point3 503.60100007057 -3962861.4068617 3351590.5643679 3694828.3279055 0 0 0 0 0 0 0 0 0                 
point3 503.80099987984 -3962861.0557701 3351591.6254956 3694827.7440362 0 0 0 0 0 0 0 0 0                 
point3 504.00099992752 -3962860.6858931 3351592.7090006 3694827.1538622 0 0 0 0 0 0 0 0 0                 
point3 504.2009999752 -3962860.3002161 3351593.8157326 3694826.5640222 0 0 0 0 0 0 0 0 0                 
point3 504.40100002289 -3962859.8984317 3351594.952937 3694825.9658825 0 0 0 0 0 0 0 0 0                 
point3 504.60100007057 -3962859.4789286 3351596.12747 3694825.3611295 0 0 0 0 0 0 0 0 0                 
point3 504.80099987984 -3962859.0404442 3351597.3274786 3694824.7417342 0 0 0 0 0 0 0 0 0                 
point3 505.00099992752 -3962858.5891492 3351598.5463366 3694824.1075172 0 0 0 0 0 0 0 0 0                 
point3 505.2009999752 -3962858.1366892 3351599.7753916 3694823.4692702 0 0 0 0 0 0 0 0 0                 
point3 505.40100002289 -3962857.6725676 3351601.019197 3694822.8228675 0 0 0 0 0 0 0 0 0                 
point3 505.60100007057 -3962857.2055646 3351602.282054 3694822.1735285 0 0 0 0 0 0 0 0 0                 
point3 505.80099987984 -3962856.7372332 3351603.5554235 3694821.5186972 0 0 0 0 0 0 0 0 0                 
point3 506.00099992752 -3962856.2621152 3351604.8445035 3694820.8559502 0 0 0 0 0 0 0 0 0                 
point3 506.2009999752 -3962855.7868272 3351606.1484565 3694820.1831002 0 0 0 0 0 0 0 0 0                 
point3 506.40100002289 -3962855.3107076 3351607.4616901 3694819.5005764 0 0 0 0 0 0 0 0 0                 
point3 506.60100007057 -3962854.8321076 3351608.7809231 3694818.8163594 0 0 0 0 0 0 0 0 0                 
point3 506.80099987984 -3962854.3539092 3351610.1073785 3694818.1265232 0 0 0 0 0 0 0 0 0                 
point3 507.00099992752 -3962853.8734592 3351611.4469385 3694817.4275633 0 0 0 0 0 0 0 0 0                 
point3 507.2009999752 -3962853.3852732 3351612.7971755 3694816.7182443 0 0 0 0 0 0 0 0 0                 
point3 507.40100002289 -3962852.8988486 3351614.1536201 3694816.0047944 0 0 0 0 0 0 0 0 0                 
point3 507.60100007057 -3962852.4072336 3351615.5220061 3694815.2819614 0 0 0 0 0 0 0 0 0                 
point3 507.80099987984 -3962851.9167632 3351616.9060585 3694814.5529263 0 0 0 0 0 0 0 0 0                 
point3 508.00099992752 -3962851.4280302 3351618.3016435 3694813.8142583 0 0 0 0 0 0 0 0 0                 
point3 508.2009999752 -3962850.9322162 3351619.7145115 3694813.0630003 0 0 0 0 0 0 0 0 0                 
point3 508.40100002289 -3962850.4350076 3351621.1385402 3694812.3007594 0 0 0 0 0 0 0 0 0                 
point3 508.60100007057 -3962849.9374976 3351622.5685922 3694811.5326274 0 0 0 0 0 0 0 0 0                 
point3 508.80099987984 -3962849.4354872 3351624.0107595 3694810.7542893 0 0 0 0 0 0 0 0 0                 
point3 509.00099992752 -3962848.9331762 3351625.4636625 3694809.9717883 0 0 0 0 0 0 0 0 0                 
point3 509.2009999752 -3962848.4260552 3351626.9170915 3694809.1880853 0 0 0 0 0 0 0 0 0                 
point3 509.40100002289 -3962847.9181686 3351628.3774312 3694808.4050674 0 0 0 0 0 0 0 0 0                 
point3 509.60100007057 -3962847.4114566 3351629.8455722 3694807.6172373 0 0 0 0 0 0 0 0 0                 
point3 509.80099987984 -3962846.9032552 3351631.3204815 3694806.8251363 0 0 0 0 0 0 0 0 0                 
point3 510.00099992752 -3962846.3936232 3351632.7977045 3694806.0304073 0 0 0 0 0 0 0 0 0                 
point3 510.2009999752 -3962845.8781232 3351634.2804265 3694805.2304013 0 0 0 0 0 0 0 0 0                 
point3 510.40100002289 -3962845.3624036 3351635.7663452 3694804.4286633 0 0 0 0 0 0 0 0 0                 
point3 510.60100007057 -3962844.8418956 3351637.2569772 3694803.6207613 0 0 0 0 0 0 0 0 0                 
point3 510.80099987984 -3962844.3204752 3351638.7524905 3694802.8136553 0 0 0 0 0 0 0 0 0                 
point3 511.00099992752 -3962843.7955652 3351640.2527295 3694802.0045473 0 0 0 0 0 0 0 0 0                 
point3 511.2009999752 -3962843.2687752 3351641.7595405 3694801.1933453 0 0 0 0 0 0 0 0 0                 
point3 511.40100002289 -3962842.7430726 3351643.2676362 3694800.3805393 0 0 0 0 0 0 0 0 0                 
point3 511.60100007057 -3962842.2181726 3351644.7738162 3694799.5690523 0 0 0 0 0 0 0 0 0                 
point3 511.80099987984 -3962841.6936012 3351646.2757865 3694798.7595773 0 0 0 0 0 0 0 0 0                 
point3 512.00099992752 -3962841.1744152 3351647.7708535 3694797.9561843 0 0 0 0 0 0 0 0 0                 
point3 512.2009999752 -3962840.6552832 3351649.2616465 3694797.1524753 0 0 0 0 0 0 0 0 0                 
point3 512.40100002289 -3962840.1337036 3351650.7484892 3694796.3505223 0 0 0 0 0 0 0 0 0                 
point3 512.60100007057 -3962839.6170456 3351652.2236672 3694795.5563403 0 0 0 0 0 0 0 0 0                 
point3 512.80099987984 -3962839.1064652 3351653.6980855 3694794.7638413 0 0 0 0 0 0 0 0 0                 
point3 513.00099992752 -3962838.5994912 3351655.1744525 3694793.9720513 0 0 0 0 0 0 0 0 0                 
point3 513.2009999752 -3962838.0963582 3351656.6427155 3694793.1823453 0 0 0 0 0 0 0 0 0                 
point3 513.40100002289 -3962837.5874666 3351658.1047942 3694792.3945834 0 0 0 0 0 0 0 0 0                 
point3 513.60100007057 -3962837.0818726 3351659.5610592 3694791.6133134 0 0 0 0 0 0 0 0 0                 
point3 513.80099987984 -3962836.5762772 3351661.0122495 3694790.8369353 0 0 0 0 0 0 0 0 0                 
point3 514.00099992752 -3962836.0725912 3351662.4615275 3694790.0628433 0 0 0 0 0 0 0 0 0                 
point3 514.2009999752 -3962835.5712122 3351663.9050925 3694789.2930583 0 0 0 0 0 0 0 0 0                 
point3 514.40100002289 -3962835.0734046 3351665.3424812 3694788.5241444 0 0 0 0 0 0 0 0 0                 
point3 514.60100007057 -3962834.5741146 3351666.7770392 3694787.7550804 0 0 0 0 0 0 0 0 0                 
point3 514.80099987984 -3962834.0797462 3351668.2013805 3694786.9926923 0 0 0 0 0 0 0 0 0                 
point3 515.00099992752 -3962833.5893422 3351669.6164565 3694786.2312163 0 0 0 0 0 0 0 0 0                 
point3 515.2009999752 -3962833.0975482 3351671.0252965 3694785.4752323 0 0 0 0 0 0 0 0 0                 
point3 515.40100002289 -3962832.6092926 3351672.4204141 3694784.7238824 0 0 0 0 0 0 0 0 0                 
point3 515.60100007057 -3962832.1298236 3351673.7992471 3694783.9832154 0 0 0 0 0 0 0 0 0                 
point3 515.80099987984 -3962831.6575612 3351675.1664995 3694783.2475353 0 0 0 0 0 0 0 0 0                 
point3 516.00099992752 -3962831.1903882 3351676.5216915 3694782.5160833 0 0 0 0 0 0 0 0 0                 
point3 516.2009999752 -3962830.7299392 3351677.8528525 3694781.7961543 0 0 0 0 0 0 0 0 0                 
point3 516.40100002289 -3962830.2811926 3351679.1578561 3694781.0902094 0 0 0 0 0 0 0 0 0                 
point3 516.60100007057 -3962829.8416006 3351680.445179 3694780.3943634 0 0 0 0 0 0 0 0 0                 
point3 516.80099987984 -3962829.4025212 3351681.7151566 3694779.7104362 0 0 0 0 0 0 0 0 0                 
point3 517.00099992752 -3962828.9697722 3351682.9589176 3694779.0418972 0 0 0 0 0 0 0 0 0                 
point3 517.2009999752 -3962828.5453732 3351684.1771166 3694778.3836402 0 0 0 0 0 0 0 0 0                 
point3 517.40100002289 -3962828.1208157 3351685.376017 3694777.7357185 0 0 0 0 0 0 0 0 0                 
point3 517.60100007057 -3962827.7070877 3351686.5517709 3694777.1024785 0 0 0 0 0 0 0 0 0                 
point3 517.80099987984 -3962827.3045831 3351687.7008776 3694776.4807382 0 0 0 0 0 0 0 0 0                 
point3 518.00099992752 -3962826.9032401 3351688.8327946 3694775.8702912 0 0 0 0 0 0 0 0 0                 
point3 518.2009999752 -3962826.5152881 3351689.9450596 3694775.2736742 0 0 0 0 0 0 0 0 0                 
point3 518.40100002289 -3962826.1335217 3351691.0300309 3694774.6914485 0 0 0 0 0 0 0 0 0                 
point3 518.60100007057 -3962825.7605787 3351692.0917409 3694774.1238005 0 0 0 0 0 0 0 0 0                 
point3 518.80099987984 -3962825.3975161 3351693.1324956 3694773.5690952 0 0 0 0 0 0 0 0 0                 
point3 519.00099992752 -3962825.0415491 3351694.1453746 3694773.0323492 0 0 0 0 0 0 0 0 0                 
point3 519.2009999752 -3962824.6942001 3351695.1334487 3694772.5059232 0 0 0 0 0 0 0 0 0                 
point3 519.40100002289 -3962824.3558347 3351696.0979278 3694771.9940006 0 0 0 0 0 0 0 0 0                 
point3 519.60100007057 -3962824.0250037 3351697.0354898 3694771.4973556 0 0 0 0 0 0 0 0 0                 
point3 519.80099987984 -3962823.7066131 3351697.9477807 3694771.0111272 0 0 0 0 0 0 0 0 0                 
point3 520.00099992752 -3962823.3890351 3351698.8390917 3694770.5385652 0 0 0 0 0 0 0 0 0                 
point3 520.2009999752 -3962823.0792861 3351699.7137057 3694770.0734162 0 0 0 0 0 0 0 0 0                 
point3 520.40100002289 -3962822.7753898 3351700.5697047 3694769.6184586 0 0 0 0 0 0 0 0 0                 
point3 520.60100007057 -3962822.4765378 3351701.4065267 3694769.1720936 0 0 0 0 0 0 0 0 0                 
point3 520.80099987984 -3962822.1868901 3351702.2269237 3694768.7329412 0 0 0 0 0 0 0 0 0                 
point3 521.00099992752 -3962821.9071281 3351703.0265297 3694768.3045002 0 0 0 0 0 0 0 0 0                 
point3 521.2009999752 -3962821.6329481 3351703.8068197 3694767.8867511 0 0 0 0 0 0 0 0 0                 
point3 521.40100002289 -3962821.3652978 3351704.5655216 3694767.4789917 0 0 0 0 0 0 0 0 0                 
point3 521.60100007057 -3962821.1062398 3351705.3040976 3694767.0813807 0 0 0 0 0 0 0 0 0                 
point3 521.80099987984 -3962820.8580951 3351706.0167728 3694766.7008421 0 0 0 0 0 0 0 0 0                 
point3 522.00099992752 -3962820.6193431 3351706.7049448 3694766.3322081 0 0 0 0 0 0 0 0 0                 
point3 522.2009999752 -3962820.3889651 3351707.3678358 3694765.9766651 0 0 0 0 0 0 0 0 0                 
point3 522.40100002289 -3962820.1645308 3351708.0100275 3694765.6337317 0 0 0 0 0 0 0 0 0                 
point3 522.60100007057 -3962819.9548888 3351708.6279785 3694765.3044057 0 0 0 0 0 0 0 0 0                 
point3 522.80099987984 -3962819.7541281 3351709.2164368 3694764.9889801 0 0 0 0 0 0 0 0 0                 
point3 523.00099992752 -3962819.5624771 3351709.7764988 3694764.6890511 0 0 0 0 0 0 0 0 0                 
point3 523.2009999752 -3962819.3805211 3351710.3094648 3694764.4034261 0 0 0 0 0 0 0 0 0                 
point3 523.40100002289 -3962819.2070679 3351710.8159264 3694764.1317908 0 0 0 0 0 0 0 0 0                 
point3 523.60100007057 -3962819.0429059 3351711.2940934 3694763.8740658 0 0 0 0 0 0 0 0 0                 
point3 523.80099987984 -3962818.8871651 3351711.7460628 3694763.6313401 0 0 0 0 0 0 0 0 0                 
point3 524.00099992752 -3962818.742607 3351712.1713239 3694763.4025091 0 0 0 0 0 0 0 0 0                 
point3 524.2009999752 -3962818.605646 3351712.5693899 3694763.1881811 0 0 0 0 0 0 0 0 0                 
point3 524.40100002289 -3962818.4786009 3351712.9407653 3694762.9876418 0 0 0 0 0 0 0 0 0                 
point3 524.60100007057 -3962818.3596209 3351713.2876423 3694762.7992089 0 0 0 0 0 0 0 0 0                 
point3 524.80099987984 -3962818.246375 3351713.6100229 3694762.6244801 0 0 0 0 0 0 0 0 0                 
point3 525.00099992752 -3962818.143513 3351713.9085039 3694762.4637411 0 0 0 0 0 0 0 0 0                 
point3 525.2009999752 -3962818.047944 3351714.1840989 3694762.314601 0 0 0 0 0 0 0 0 0                 
point3 525.40100002289 -3962817.9602929 3351714.4380852 3694762.1784609 0 0 0 0 0 0 0 0 0                 
point3 525.60100007057 -3962817.8806329 3351714.6692762 3694762.0536229 0 0 0 0 0 0 0 0 0                 
point3 525.80099987984 -3962817.809077 3351714.8793729 3694761.940666 0 0 0 0 0 0 0 0 0                 
point3 526.00099992752 -3962817.746815 3351715.0687749 3694761.836324 0 0 0 0 0 0 0 0 0                 
point3 526.2009999752 -3962817.689713 3351715.2389809 3694761.744891 0 0 0 0 0 0 0 0 0                 
point3 526.40100002289 -3962817.634156 3351715.3908011 3694761.6647199 0 0 0 0 0 0 0 0 0                 
point3 526.60100007057 -3962817.587284 3351715.5269231 3694761.5908639 0 0 0 0 0 0 0 0 0                 
point3 526.80099987984 -3962817.544805 3351715.647648 3694761.526111 0 0 0 0 0 0 0 0 0                 
point3 527.00099992752 -3962817.507637 3351715.753272 3694761.470044 0 0 0 0 0 0 0 0 0                 
point3 527.2009999752 -3962817.476358 3351715.843899 3694761.42119 0 0 0 0 0 0 0 0 0                 
point3 527.40100002289 -3962817.44908 3351715.9200341 3694761.381225 0 0 0 0 0 0 0 0 0                 
point3 527.60100007057 -3962817.425996 3351715.984393 3694761.347447 0 0 0 0 0 0 0 0 0                 
point3 527.80099987984 -3962817.405702 3351716.041773 3694761.317458 0 0 0 0 0 0 0 0 0                 
point3 528.00099992752 -3962817.386404 3351716.095764 3694761.289362 0 0 0 0 0 0 0 0 0                 
point3 528.2009999752 -3962817.367609 3351716.148258 3694761.261763 0 0 0 0 0 0 0 0 0                 
point3 528.40100002289 -3962817.34951 3351716.199653 3694761.234466 0 0 0 0 0 0 0 0 0                 
point3 528.60100007057 -3962817.331409 3351716.25005 3694761.207869 0 0 0 0 0 0 0 0 0                 
point3 528.80099987984 -3962817.313411 3351716.299846 3694761.181871 0 0 0 0 0 0 0 0 0                 
point3 529.00099992752 -3962817.295813 3351716.348738 3694761.156478 0 0 0 0 0 0 0 0 0                 
point3 529.2009999752 -3962817.278618 3351716.395724 3694761.132386 0 0 0 0 0 0 0 0 0                 
point3 529.40100002289 -3962817.262625 3351716.439809 3694761.109894 0 0 0 0 0 0 0 0 0                 
point3 529.60100007057 -3962817.247831 3351716.480894 3694761.088901 0 0 0 0 0 0 0 0 0                 
point3 529.80099987984 -3962817.234135 3351716.519182 3694761.069306 0 0 0 0 0 0 0 0 0                 
point3 530.00099992752 -3962817.221239 3351716.554968 3694761.051012 0 0 0 0 0 0 0 0 0                 
point3 530.2009999752 -3962817.209242 3351716.587955 3694761.034021 0 0 0 0 0 0 0 0 0                 
point3 530.40100002289 -3962817.197847 3351716.618139 3694761.018731 0 0 0 0 0 0 0 0 0                 
point3 530.60100007057 -3962817.187554 3351716.645023 3694761.005438 0 0 0 0 0 0 0 0 0                 
point3 530.80099987984 -3962817.178457 3351716.668808 3694760.993748 0 0 0 0 0 0 0 0 0                 
point3 531.00099992752 -3962817.170057 3351716.690016 3694760.983644 0 0 0 0 0 0 0 0 0                 
point3 531.2009999752 -3962817.160539 3351716.715461 3694760.97102 0 0 0 0 0 0 0 0 0                 
point3 531.40100002289 -3962817.147524 3351716.749701 3694760.953899 0 0 0 0 0 0 0 0 0                 
point3 531.60100007057 -3962817.131294 3351716.792994 3694760.93246 0 0 0 0 0 0 0 0 0                 
point3 531.80099987984 -3962817.10671 3351716.863772 3694760.899017 0 0 0 0 0 0 0 0 0                 
point3 532.00099992752 -3962817.063101 3351716.9957099 3694760.832114 0 0 0 0 0 0 0 0 0                 
point3 532.2009999752 -3962816.997499 3351717.1932969 3694760.725245 0 0 0 0 0 0 0 0 0                 
point3 532.40100002289 -3962816.9129209 3351717.4437912 3694760.5883399 0 0 0 0 0 0 0 0 0                 
point3 532.60100007057 -3962816.8146679 3351717.7296373 3694760.4324689 0 0 0 0 0 0 0 0 0                 
point3 532.80099987984 -3962816.705926 3351718.0434639 3694760.2629051 0 0 0 0 0 0 0 0 0                 
point3 533.00099992752 -3962816.589597 3351718.3831909 3694760.0799301 0 0 0 0 0 0 0 0 0                 
point3 533.2009999752 -3962816.467154 3351718.7477189 3694759.8817581 0 0 0 0 0 0 0 0 0                 
point3 533.40100002289 -3962816.3353039 3351719.1369243 3694759.6709098 0 0 0 0 0 0 0 0 0                 
point3 533.60100007057 -3962816.1946769 3351719.5471213 3694759.4497468 0 0 0 0 0 0 0 0 0                 
point3 533.80099987984 -3962816.0498641 3351719.9762188 3694759.2157861 0 0 0 0 0 0 0 0 0                 
point3 534.00099992752 -3962815.9011311 3351720.4242978 3694758.9706511 0 0 0 0 0 0 0 0 0                 
point3 534.2009999752 -3962815.7458981 3351720.8875728 3694758.7193111 0 0 0 0 0 0 0 0 0                 
point3 534.40100002289 -3962815.5829639 3351721.3659494 3694758.4594768 0 0 0 0 0 0 0 0 0                 
point3 534.60100007057 -3962815.4144619 3351721.8592244 3694758.1935378 0 0 0 0 0 0 0 0 0                 
point3 534.80099987984 -3962815.2447171 3351722.3696578 3694757.9174691 0 0 0 0 0 0 0 0 0                 
point3 535.00099992752 -3962815.0634251 3351722.9112528 3694757.6276821 0 0 0 0 0 0 0 0 0                 
point3 535.2009999752 -3962814.8644631 3351723.4900098 3694757.3187741 0 0 0 0 0 0 0 0 0                 
point3 535.40100002289 -3962814.6557388 3351724.0963605 3694756.9913677 0 0 0 0 0 0 0 0 0                 
point3 535.60100007057 -3962814.4437368 3351724.7075465 3694756.6658767 0 0 0 0 0 0 0 0 0                 
point3 535.80099987984 -3962814.2316641 3351725.3159308 3694756.3412731 0 0 0 0 0 0 0 0 0                 
point3 536.00099992752 -3962814.0249611 3351725.9211148 3694756.0153711 0 0 0 0 0 0 0 0 0                 
point3 536.2009999752 -3962813.8145211 3351726.5241128 3694755.6900841 0 0 0 0 0 0 0 0 0                 
point3 536.40100002289 -3962813.6017978 3351727.1265675 3694755.3660447 0 0 0 0 0 0 0 0 0                 
point3 536.60100007057 -3962813.4022328 3351727.7536335 3694755.0256407 0 0 0 0 0 0 0 0 0                 
point3 536.80099987984 -3962813.1848361 3351728.4294967 3694754.6482401 0 0 0 0 0 0 0 0 0                 
point3 537.00099992752 -3962812.9477981 3351729.1366637 3694754.2521631 0 0 0 0 0 0 0 0 0                 
point3 537.2009999752 -3962812.7077031 3351729.8800317 3694753.8388592 0 0 0 0 0 0 0 0 0                 
point3 537.40100002289 -3962812.4663648 3351730.6516396 3694753.4057626 0 0 0 0 0 0 0 0 0                 
point3 537.60100007057 -3962812.2177138 3351731.4472987 3694752.9530806 0 0 0 0 0 0 0 0 0                 
point3 537.80099987984 -3962811.9577871 3351732.2721657 3694752.4870502 0 0 0 0 0 0 0 0 0                 
point3 538.00099992752 -3962811.6976281 3351733.1057767 3694752.0162332 0 0 0 0 0 0 0 0 0                 
point3 538.2009999752 -3962811.4427011 3351733.9436447 3694751.5415912 0 0 0 0 0 0 0 0 0                 
point3 538.40100002289 -3962811.1817798 3351734.7989717 3694751.0565236 0 0 0 0 0 0 0 0 0                 
point3 538.60100007057 -3962810.9161718 3351735.6771307 3694750.5576776 0 0 0 0 0 0 0 0 0                 
point3 538.80099987984 -3962810.6508661 3351736.5650747 3694750.0515542 0 0 0 0 0 0 0 0 0                 
point3 539.00099992752 -3962810.3819181 3351737.4634567 3694749.5424322 0 0 0 0 0 0 0 0 0                 
point3 539.2009999752 -3962810.1033861 3351738.3823057 3694749.0249742 0 0 0 0 0 0 0 0 0                 
point3 539.40100002289 -3962809.8182378 3351739.3325818 3694748.4938445 0 0 0 0 0 0 0 0 0                 
point3 539.60100007057 -3962809.5242058 3351740.3161288 3694747.9377665 0 0 0 0 0 0 0 0 0                 
point3 539.80099987984 -3962809.2230721 3351741.3293506 3694747.3676002 0 0 0 0 0 0 0 0 0                 
point3 540.00099992752 -3962808.9174231 3351742.3635216 3694746.7833172 0 0 0 0 0 0 0 0 0                 
point3 540.2009999752 -3962808.6029651 3351743.4097536 3694746.1863102 0 0 0 0 0 0 0 0 0                 
point3 540.40100002289 -3962808.2945207 3351744.4627919 3694745.5852545 0 0 0 0 0 0 0 0 0                 
point3 540.60100007057 -3962807.9763617 3351745.5245889 3694744.9748105 0 0 0 0 0 0 0 0 0                 
point3 540.80099987984 -3962807.6500151 3351746.6071696 3694744.3529542 0 0 0 0 0 0 0 0 0                 
point3 541.00099992752 -3962807.3325551 3351747.7063746 3694743.7200642 0 0 0 0 0 0 0 0 0                 
point3 541.2009999752 -3962807.0007681 3351748.8272016 3694743.0688972 0 0 0 0 0 0 0 0 0                 
point3 541.40100002289 -3962806.6729127 3351749.9738 3694742.4038074 0 0 0 0 0 0 0 0 0                 
point3 541.60100007057 -3962806.3302337 3351751.136878 3694741.7216614 0 0 0 0 0 0 0 0 0                 
point3 541.80099987984 -3962805.9774021 3351752.3165496 3694741.0353042 0 0 0 0 0 0 0 0 0                 
point3 542.00099992752 -3962805.6093081 3351753.5109706 3694740.3582012 0 0 0 0 0 0 0 0 0                 
point3 542.2009999752 -3962805.2032752 3351754.7355646 3694739.6783232 0 0 0 0 0 0 0 0 0                 
point3 542.40100002289 -3962804.7728426 3351755.994254 3694739.0026124 0 0 0 0 0 0 0 0 0                 
point3 542.60100007057 -3962804.3117576 3351757.2709931 3694738.3238974 0 0 0 0 0 0 0 0 0                 
point3 542.80099987984 -3962803.8191852 3351758.5762115 3694737.6456392 0 0 0 0 0 0 0 0 0                 
point3 543.00099992752 -3962803.3118062 3351759.9037195 3694736.9728092 0 0 0 0 0 0 0 0 0                 
point3 543.2009999752 -3962802.7928622 3351761.2551475 3694736.2891202 0 0 0 0 0 0 0 0 0                 
point3 543.40100002289 -3962802.2676996 3351762.6248161 3694735.5976224 0 0 0 0 0 0 0 0 0                 
point3 543.60100007057 -3962801.7470516 3351763.9843011 3694734.9241144 0 0 0 0 0 0 0 0 0                 
point3 543.80099987984 -3962801.2164422 3351765.3506065 3694734.2471402 0 0 0 0 0 0 0 0 0                 
point3 544.00099992752 -3962800.6851582 3351766.7338275 3694733.5746322 0 0 0 0 0 0 0 0 0                 
point3 544.2009999752 -3962800.1537942 3351768.1227025 3694732.8969672 0 0 0 0 0 0 0 0 0                 
point3 544.40100002289 -3962799.6131896 3351769.5284892 3694732.2115644 0 0 0 0 0 0 0 0 0                 
point3 544.60100007057 -3962799.0705666 3351770.9474402 3694731.5252404 0 0 0 0 0 0 0 0 0                 
point3 544.80099987984 -3962798.5235682 3351772.3811575 3694730.8296973 0 0 0 0 0 0 0 0 0                 
point3 545.00099992752 -3962797.9793962 3351773.8373475 3694730.1279603 0 0 0 0 0 0 0 0 0                 
point3 545.2009999752 -3962797.4345292 3351775.3141975 3694729.4158823 0 0 0 0 0 0 0 0 0                 
point3 545.40100002289 -3962796.8764465 3351776.8214093 3694728.6853264 0 0 0 0 0 0 0 0 0                 
point3 545.60100007057 -3962796.3090125 3351778.3408322 3694727.9310564 0 0 0 0 0 0 0 0 0                 
point3 545.80099987984 -3962795.7525682 3351779.8443575 3694727.1812033 0 0 0 0 0 0 0 0 0                 
point3 546.00099992752 -3962795.1844582 3351781.3633705 3694726.4201463 0 0 0 0 0 0 0 0 0                 
point3 546.2009999752 -3962794.6153072 3351782.8955225 3694725.6487653 0 0 0 0 0 0 0 0 0                 
point3 546.40100002289 -3962794.0600335 3351784.4197833 3694724.8799004 0 0 0 0 0 0 0 0 0                 
point3 546.60100007057 -3962793.5024785 3351785.9688843 3694724.0928943 0 0 0 0 0 0 0 0 0                 
point3 546.80099987984 -3962792.9361532 3351787.5459414 3694723.2905633 0 0 0 0 0 0 0 0 0                 
point3 547.00099992752 -3962792.3672472 3351789.1104014 3694722.4837593 0 0 0 0 0 0 0 0 0                 
point3 547.2009999752 -3962791.8008372 3351790.6735504 3694721.6732293 0 0 0 0 0 0 0 0 0                 
point3 547.40100002289 -3962791.2494666 3351792.2442483 3694720.8582353 0 0 0 0 0 0 0 0 0                 
point3 547.60100007057 -3962790.7014756 3351793.8144813 3694720.0417713 0 0 0 0 0 0 0 0 0                 
point3 547.80099987984 -3962790.1577042 3351795.3937164 3694719.2122463 0 0 0 0 0 0 0 0 0                 
point3 548.00099992752 -3962789.6187982 3351796.9785754 3694718.3805873 0 0 0 0 0 0 0 0 0                 
point3 548.2009999752 -3962789.0765742 3351798.5805964 3694717.5337163 0 0 0 0 0 0 0 0 0                 
point3 548.40100002289 -3962788.5312575 3351800.2026353 3694716.6720273 0 0 0 0 0 0 0 0 0                 
point3 548.60100007057 -3962787.9821395 3351801.8305663 3694715.7962013 0 0 0 0 0 0 0 0 0                 
point3 548.80099987984 -3962787.4261622 3351803.4677334 3694714.9151943 0 0 0 0 0 0 0 0 0                 
point3 549.00099992752 -3962786.8569672 3351805.1141144 3694714.0364313 0 0 0 0 0 0 0 0 0                 
point3 549.2009999752 -3962786.2903732 3351806.7562054 3694713.1639433 0 0 0 0 0 0 0 0 0                 
point3 549.40100002289 -3962785.7257885 3351808.3970903 3694712.2962143 0 0 0 0 0 0 0 0 0                 
point3 549.60100007057 -3962785.1619605 3351810.0334713 3694711.4413523 0 0 0 0 0 0 0 0 0                 
point3 549.80099987984 -3962784.5932152 3351811.6672604 3694710.5936623 0 0 0 0 0 0 0 0 0                 
point3 550.00099992752 -3962784.0165232 3351813.2977094 3694709.7455983 0 0 0 0 0 0 0 0 0                 
point3 550.2009999752 -3962783.4360922 3351814.9155574 3694708.9067133 0 0 0 0 0 0 0 0 0                 
point3 550.40100002289 -3962782.8579535 3351816.5281593 3694708.0709453 0 0 0 0 0 0 0 0 0                 
point3 550.60100007057 -3962782.2858295 3351818.1396883 3694707.2412143 0 0 0 0 0 0 0 0 0                 
point3 550.80099987984 -3962781.7121502 3351819.7593004 3694706.4011923 0 0 0 0 0 0 0 0 0                 
point3 551.00099992752 -3962781.1420692 3351821.3760494 3694705.5619013 0 0 0 0 0 0 0 0 0                 
point3 551.2009999752 -3962780.5768642 3351822.9880984 3694704.7211883 0 0 0 0 0 0 0 0 0                 
point3 551.40100002289 -3962780.0102855 3351824.6099153 3694703.8787993 0 0 0 0 0 0 0 0 0                 
point3 551.60100007057 -3962779.4448535 3351826.2320063 3694703.0375643 0 0 0 0 0 0 0 0 0                 
point3 551.80099987984 -3962778.8788092 3351827.8537034 3694702.1894443 0 0 0 0 0 0 0 0 0                 
point3 552.00099992752 -3962778.3217482 3351829.4737944 3694701.3360203 0 0 0 0 0 0 0 0 0                 
point3 552.2009999752 -3962777.7725392 3351831.0928954 3694700.4792263 0 0 0 0 0 0 0 0 0                 
point3 552.40100002289 -3962777.2189285 3351832.7127113 3694699.6243303 0 0 0 0 0 0 0 0 0                 
point3 552.60100007057 -3962776.6647995 3351834.3347953 3694698.7678143 0 0 0 0 0 0 0 0 0                 
point3 552.80099987984 -3962776.1053372 3351835.9515594 3694697.9111103 0 0 0 0 0 0 0 0 0                 
point3 553.00099992752 -3962775.5484702 3351837.5641774 3694697.0508723 0 0 0 0 0 0 0 0 0                 
point3 553.2009999752 -3962774.9838282 3351839.1788454 3694696.1868983 0 0 0 0 0 0 0 0 0                 
point3 553.40100002289 -3962774.4308935 3351840.7871543 3694695.3262773 0 0 0 0 0 0 0 0 0                 
point3 553.60100007057 -3962773.8715475 3351842.4002833 3694694.4619963 0 0 0 0 0 0 0 0 0                 
point3 553.80099987984 -3962773.3218652 3351844.0145504 3694693.6025073 0 0 0 0 0 0 0 0 0                 
point3 554.00099992752 -3962772.7753562 3351845.6263864 3694692.7443033 0 0 0 0 0 0 0 0 0                 
point3 554.2009999752 -3962772.2230032 3351847.2447934 3694691.8857013 0 0 0 0 0 0 0 0 0                 
point3 554.40100002289 -3962771.6639055 3351848.8611453 3694691.0265253 0 0 0 0 0 0 0 0 0                 
point3 554.60100007057 -3962771.1057195 3351850.4683413 3694690.1718213 0 0 0 0 0 0 0 0 0                 
point3 554.80099987984 -3962770.5478922 3351852.0787724 3694689.3144163 0 0 0 0 0 0 0 0 0                 
point3 555.00099992752 -3962769.9859872 3351853.6917354 3694688.4588443 0 0 0 0 0 0 0 0 0                 
point3 555.2009999752 -3962769.4220882 3351855.2983444 3694687.6068243 0 0 0 0 0 0 0 0 0                 
point3 555.40100002289 -3962768.8608025 3351856.9086613 3694686.7513093 0 0 0 0 0 0 0 0 0                 
point3 555.60100007057 -3962768.3044115 3351858.5197443 3694685.8953353 0 0 0 0 0 0 0 0 0                 
point3 555.80099987984 -3962767.7444852 3351860.1287684 3694685.0453813 0 0 0 0 0 0 0 0 0                 
point3 556.00099992752 -3962767.1786022 3351861.7444074 3694684.2026523 0 0 0 0 0 0 0 0 0                 
point3 556.2009999752 -3962766.5989032 3351863.3669884 3694683.3480313 0 0 0 0 0 0 0 0 0                 
point3 556.40100002289 -3962766.0187135 3351864.9785233 3694682.4994483 0 0 0 0 0 0 0 0 0                 
point3 556.60100007057 -3962765.4446515 3351866.5891283 3694681.6410703 0 0 0 0 0 0 0 0 0                 
point3 556.80099987984 -3962764.8746622 3351868.2130884 3694680.7800083 0 0 0 0 0 0 0 0 0                 
point3 557.00099992752 -3962764.3067062 3351869.8325364 3694679.9170593 0 0 0 0 0 0 0 0 0                 
point3 557.2009999752 -3962763.7236932 3351871.4604314 3694679.0518023 0 0 0 0 0 0 0 0 0                 
point3 557.40100002289 -3962763.1451685 3351873.0861373 3694678.1877143 0 0 0 0 0 0 0 0 0                 
point3 557.60100007057 -3962762.5838686 3351874.7145473 3694677.3090023 0 0 0 0 0 0 0 0 0                 
point3 557.80099987984 -3962762.0375332 3351876.3446734 3694676.4293993 0 0 0 0 0 0 0 0 0                 
point3 558.00099992752 -3962761.4805602 3351877.9813974 3694675.5516343 0 0 0 0 0 0 0 0 0                 
point3 558.2009999752 -3962760.9092172 3351879.6203934 3694674.6785173 0 0 0 0 0 0 0 0 0                 
point3 558.40100002289 -3962760.3317095 3351881.2590893 3694673.7992793 0 0 0 0 0 0 0 0 0                 
point3 558.60100007057 -3962759.7546435 3351882.8952653 3694672.9159783 0 0 0 0 0 0 0 0 0                 
point3 558.80099987984 -3962759.1846542 3351884.5288894 3694672.0306753 0 0 0 0 0 0 0 0 0                 
point3 559.00099992752 -3962758.6135132 3351886.1684134 3694671.1474043 0 0 0 0 0 0 0 0 0                 
point3 559.2009999752 -3962758.0351012 3351887.8115174 3694670.2710493 0 0 0 0 0 0 0 0 0                 
point3 559.40100002289 -3962757.4561955 3351889.4557394 3694669.4015633 0 0 0 0 0 0 0 0 0                 
point3 559.60100007057 -3962756.8765215 3351891.1052704 3694668.5323313 0 0 0 0 0 0 0 0 0                 
point3 559.80099987984 -3962756.2982622 3351892.7586504 3694667.6588513 0 0 0 0 0 0 0 0 0                 
point3 560.00099992752 -3962755.7098522 3351894.4080434 3694666.7901793 0 0 0 0 0 0 0 0 0                 
point3 560.2009999752 -3962755.1184252 3351896.0573644 3694665.9264853 0 0 0 0 0 0 0 0 0                 
point3 560.40100002289 -3962754.5216135 3351897.7112754 3694665.0636013 0 0 0 0 0 0 0 0 0                 
point3 560.60100007057 -3962753.9224725 3351899.3652744 3694664.2046983 0 0 0 0 0 0 0 0 0                 
point3 560.80099987984 -3962753.3148742 3351901.0211774 3694663.3426733 0 0 0 0 0 0 0 0 0                 
point3 561.00099992752 -3962752.7120942 3351902.6738194 3694662.4783743 0 0 0 0 0 0 0 0 0                 
point3 561.2009999752 -3962752.1119392 3351904.3161844 3694661.6139923 0 0 0 0 0 0 0 0 0                 
point3 561.40100002289 -3962751.5230995 3351905.9493113 3694660.7553383 0 0 0 0 0 0 0 0 0                 
point3 561.60100007057 -3962750.9450585 3351907.5683563 3694659.9048633 0 0 0 0 0 0 0 0 0                 
point3 561.80099987984 -3962750.3814222 3351909.1775264 3694659.0577493 0 0 0 0 0 0 0 0 0                 
point3 562.00099992752 -3962749.8256082 3351910.7825194 3694658.2061223 0 0 0 0 0 0 0 0 0                 
point3 562.2009999752 -3962749.2664052 3351912.3860024 3694657.3491033 0 0 0 0 0 0 0 0 0                 
point3 562.40100002289 -3962748.7080055 3351913.9855923 3694656.4886853 0 0 0 0 0 0 0 0 0                 
point3 562.60100007057 -3962748.1501315 3351915.5845113 3694655.6252563 0 0 0 0 0 0 0 0 0                 
point3 562.80099987984 -3962747.5967402 3351917.1871144 3694654.7554503 0 0 0 0 0 0 0 0 0                 
point3 563.00099992752 -3962747.0448502 3351918.7892004 3694653.8848203 0 0 0 0 0 0 0 0 0                 
point3 563.2009999752 -3962746.4973152 3351920.3883694 3694653.0092343 0 0 0 0 0 0 0 0 0                 
point3 563.40100002289 -3962745.9623476 3351921.9798323 3694652.1366333 0 0 0 0 0 0 0 0 0                 
point3 563.60100007057 -3962745.4332736 3351923.5657193 3694651.2643523 0 0 0 0 0 0 0 0 0                 
point3 563.80099987984 -3962744.9084832 3351925.1476754 3694650.3953613 0 0 0 0 0 0 0 0 0                 
point3 564.00099992752 -3962744.3877282 3351926.7203264 3694649.5299903 0 0 0 0 0 0 0 0 0                 
point3 564.2009999752 -3962743.8719012 3351928.2846194 3694648.6662883 0 0 0 0 0 0 0 0 0                 
point3 564.40100002289 -3962743.3494506 3351929.8491433 3694647.8062003 0 0 0 0 0 0 0 0 0                 
point3 564.60100007057 -3962742.8167016 3351931.4215393 3694646.9418273 0 0 0 0 0 0 0 0 0                 
point3 564.80099987984 -3962742.2751732 3351933.0141344 3694646.0642473 0 0 0 0 0 0 0 0 0                 
point3 565.00099992752 -3962741.7302852 3351934.6264274 3694645.1704973 0 0 0 0 0 0 0 0 0                 
point3 565.2009999752 -3962741.1863592 3351936.2567444 3694644.2677133 0 0 0 0 0 0 0 0 0                 
point3 565.40100002289 -3962740.6371926 3351937.9129524 3694643.3420012 0 0 0 0 0 0 0 0 0                 
point3 565.60100007057 -3962740.1001706 3351939.5832644 3694642.4006382 0 0 0 0 0 0 0 0 0                 
point3 565.80099987984 -3962739.5751792 3351941.2619884 3694641.4426323 0 0 0 0 0 0 0 0 0                 
point3 566.00099992752 -3962739.0502902 3351942.9644424 3694640.4636444 0 0 0 0 0 0 0 0 0                 
point3 566.2009999752 -3962738.5281072 3351944.6713134 3694639.4697994 0 0 0 0 0 0 0 0 0                 
point3 566.40100002289 -3962738.0107236 3351946.3754664 3694638.4677342 0 0 0 0 0 0 0 0 0                 
point3 566.60100007057 -3962737.4959536 3351948.0925194 3694637.4501772 0 0 0 0 0 0 0 0 0                 
point3 566.80099987984 -3962736.9873492 3351949.8147014 3694636.4262764 0 0 0 0 0 0 0 0 0                 
point3 567.00099992752 -3962736.4758232 3351951.5383744 3694635.3996504 0 0 0 0 0 0 0 0 0                 
point3 567.2009999752 -3962735.9602162 3351953.2758034 3694634.3696634 0 0 0 0 0 0 0 0 0                 
point3 567.40100002289 -3962735.4420856 3351955.0171294 3694633.3425672 0 0 0 0 0 0 0 0 0                 
point3 567.60100007057 -3962734.9198766 3351956.7656844 3694632.3177962 0 0 0 0 0 0 0 0 0                 
point3 567.80099987984 -3962734.3912632 3351958.5254464 3694631.2971914 0 0 0 0 0 0 0 0 0                 
point3 568.00099992752 -3962733.8392922 3351960.2958454 3694630.2773464 0 0 0 0 0 0 0 0 0                 
point3 568.2009999752 -3962733.2742352 3351962.0641594 3694629.2693924 0 0 0 0 0 0 0 0 0                 
point3 568.40100002289 -3962732.6999935 3351963.8405425 3694628.2682062 0 0 0 0 0 0 0 0 0                 
point3 568.60100007057 -3962732.1161275 3351965.6309705 3694627.2718352 0 0 0 0 0 0 0 0 0                 
point3 568.80099987984 -3962731.5179832 3351967.4248584 3694626.2818183 0 0 0 0 0 0 0 0 0                 
point3 569.00099992752 -3962730.9153622 3351969.2168824 3694625.3083403 0 0 0 0 0 0 0 0 0                 
point3 569.2009999752 -3962730.3061582 3351971.0150814 3694624.3390033 0 0 0 0 0 0 0 0 0                 
point3 569.40100002289 -3962729.6993475 3351972.8095585 3694623.3782692 0 0 0 0 0 0 0 0 0                 
point3 569.60100007057 -3962729.0889455 3351974.6003285 3694622.4140922 0 0 0 0 0 0 0 0 0                 
point3 569.80099987984 -3962728.4804702 3351976.3828744 3694621.4557453 0 0 0 0 0 0 0 0 0                 
point3 570.00099992752 -3962727.8748082 3351978.1588134 3694620.5062153 0 0 0 0 0 0 0 0 0                 
point3 570.2009999752 -3962727.2580712 3351979.9429884 3694619.5512953 0 0 0 0 0 0 0 0 0                 
point3 570.40100002289 -3962726.6505545 3351981.7162775 3694618.6129212 0 0 0 0 0 0 0 0 0                 
point3 570.60100007057 -3962726.0413105 3351983.4981745 3694617.6754772 0 0 0 0 0 0 0 0 0                 
point3 570.80099987984 -3962725.4258432 3351985.2920214 3694616.7358563 0 0 0 0 0 0 0 0 0                 
point3 571.00099992752 -3962724.8125292 3351987.0763694 3694615.8062253 0 0 0 0 0 0 0 0 0                 
point3 571.2009999752 -3962724.1992662 3351988.8735974 3694614.8705333 0 0 0 0 0 0 0 0 0                 
point3 571.40100002289 -3962723.5941575 3351990.6717965 3694613.9364692 0 0 0 0 0 0 0 0 0                 
point3 571.60100007057 -3962722.9858565 3351992.4733245 3694612.9836502 0 0 0 0 0 0 0 0 0                 
point3 571.80099987984 -3962722.3796662 3351994.2745404 3694612.0074274 0 0 0 0 0 0 0 0 0                 
point3 572.00099992752 -3962721.7936582 3351996.0577964 3694611.0190714 0 0 0 0 0 0 0 0 0                 
point3 572.2009999752 -3962721.2027072 3351997.8454354 3694610.0311264 0 0 0 0 0 0 0 0 0                 
point3 572.40100002289 -3962720.6047095 3351999.6488305 3694609.0345212 0 0 0 0 0 0 0 0 0                 
point3 572.60100007057 -3962720.0083785 3352001.4311835 3694608.0620992 0 0 0 0 0 0 0 0 0                 
point3 572.80099987984 -3962719.4009502 3352003.2364604 3694607.0859633 0 0 0 0 0 0 0 0 0                 
point3 573.00099992752 -3962718.7951612 3352005.0447944 3694606.1157044 0 0 0 0 0 0 0 0 0                 
point3 573.2009999752 -3962718.1878862 3352006.8423554 3694605.1394723 0 0 0 0 0 0 0 0 0                 
point3 573.40100002289 -3962717.5858875 3352008.6330765 3694604.1759832 0 0 0 0 0 0 0 0 0                 
point3 573.60100007057 -3962716.9834715 3352010.4301945 3694603.2120712 0 0 0 0 0 0 0 0 0                 
point3 573.80099987984 -3962716.3802162 3352012.2264384 3694602.2479113 0 0 0 0 0 0 0 0 0                 
point3 574.00099992752 -3962715.7781312 3352014.0142724 3694601.2924203 0 0 0 0 0 0 0 0 0                 
point3 574.2009999752 -3962715.1639052 3352015.8116874 3694600.3379603 0 0 0 0 0 0 0 0 0                 
point3 574.40100002289 -3962714.5425015 3352017.6063535 3694599.3936832 0 0 0 0 0 0 0 0 0                 
point3 574.60100007057 -3962713.9211675 3352019.3988035 3694598.4490512 0 0 0 0 0 0 0 0 0                 
point3 574.80099987984 -3962713.2936642 3352021.1997874 3694597.4987523 0 0 0 0 0 0 0 0 0                 
point3 575.00099992752 -3962712.6664452 3352022.9946614 3694596.5515753 0 0 0 0 0 0 0 0 0                 
point3 575.2009999752 -3962712.0346452 3352024.7901154 3694595.6064843 0 0 0 0 0 0 0 0 0                 
point3 575.40100002289 -3962711.4038315 3352026.5939235 3694594.6649002 0 0 0 0 0 0 0 0 0                 
point3 575.60100007057 -3962710.7666685 3352028.3989345 3694593.7245092 0 0 0 0 0 0 0 0 0                 
point3 575.80099987984 -3962710.1185292 3352030.2051194 3694592.7892553 0 0 0 0 0 0 0 0 0                 
point3 576.00099992752 -3962709.4671712 3352032.0096374 3694591.8611693 0 0 0 0 0 0 0 0 0                 
point3 576.2009999752 -3962708.8191502 3352033.8189734 3694590.9367813 0 0 0 0 0 0 0 0 0                 
point3 576.40100002289 -3962708.1684225 3352035.6342765 3694590.0159463 0 0 0 0 0 0 0 0 0                 
point3 576.60100007057 -3962707.5084444 3352037.4486835 3694589.1088023 0 0 0 0 0 0 0 0 0                 
point3 576.80099987984 -3962706.8358122 3352039.2670133 3694588.2103113 0 0 0 0 0 0 0 0 0                 
point3 577.00099992752 -3962706.1583002 3352041.0899983 3694587.3116283 0 0 0 0 0 0 0 0 0                 
point3 577.2009999752 -3962705.4778742 3352042.9075794 3694586.4201693 0 0 0 0 0 0 0 0 0                 
point3 577.40100002289 -3962704.7898414 3352044.7265345 3694585.5330663 0 0 0 0 0 0 0 0 0                 
point3 577.60100007057 -3962704.1001604 3352046.5525165 3694584.6457533 0 0 0 0 0 0 0 0 0                 
point3 577.80099987984 -3962703.4118692 3352048.3748053 3694583.7562613 0 0 0 0 0 0 0 0 0                 
point3 578.00099992752 -3962702.7241172 3352050.1972343 3694582.8663373 0 0 0 0 0 0 0 0 0                 
point3 578.2009999752 -3962702.0259013 3352052.0248263 3694581.9716083 0 0 0 0 0 0 0 0 0                 
point3 578.40100002289 -3962701.3254014 3352053.8486985 3694581.0709823 0 0 0 0 0 0 0 0 0                 
point3 578.60100007057 -3962700.6278304 3352055.6686135 3694580.1666793 0 0 0 0 0 0 0 0 0                 
point3 578.80099987984 -3962699.9376922 3352057.4925383 3694579.2623923 0 0 0 0 0 0 0 0 0                 
point3 579.00099992752 -3962699.2550542 3352059.3229863 3694578.3579423 0 0 0 0 0 0 0 0 0                 
point3 579.2009999752 -3962698.5689832 3352061.1606653 3694577.4452163 0 0 0 0 0 0 0 0 0                 
point3 579.40100002289 -3962697.8841714 3352062.9925555 3694576.5272072 0 0 0 0 0 0 0 0 0                 
point3 579.60100007057 -3962697.2015284 3352064.8235705 3694575.6082792 0 0 0 0 0 0 0 0 0                 
point3 579.80099987984 -3962696.5310892 3352066.6584893 3694574.6828533 0 0 0 0 0 0 0 0 0                 
point3 580.00099992752 -3962695.8676992 3352068.4971963 3694573.7491103 0 0 0 0 0 0 0 0 0                 
point3 580.2009999752 -3962695.2095062 3352070.3348733 3694572.8103723 0 0 0 0 0 0 0 0 0                 
point3 580.40100002289 -3962694.5529635 3352072.1701795 3694571.8625442 0 0 0 0 0 0 0 0 0                 
point3 580.60100007057 -3962693.9052555 3352074.0055865 3694570.9085822 0 0 0 0 0 0 0 0 0                 
point3 580.80099987984 -3962693.2584972 3352075.8417583 3694569.9462913 0 0 0 0 0 0 0 0 0                 
point3 581.00099992752 -3962692.6187342 3352077.6739773 3694568.9820483 0 0 0 0 0 0 0 0 0                 
point3 581.2009999752 -3962691.9890012 3352079.5103843 3694568.0113283 0 0 0 0 0 0 0 0 0                 
point3 581.40100002289 -3962691.3716285 3352081.3476985 3694567.0361942 0 0 0 0 0 0 0 0 0                 
point3 581.60100007057 -3962690.7549145 3352083.1883045 3694566.0514562 0 0 0 0 0 0 0 0 0                 
point3 581.80099987984 -3962690.1387252 3352085.0259543 3694565.0640704 0 0 0 0 0 0 0 0 0                 
point3 582.00099992752 -3962689.5223092 3352086.8579863 3694564.0786654 0 0 0 0 0 0 0 0 0                 
point3 582.2009999752 -3962688.9011792 3352088.6967913 3694563.0922844 0 0 0 0 0 0 0 0 0                 
point3 582.40100002289 -3962688.2779915 3352090.5334715 3694562.1100952 0 0 0 0 0 0 0 0 0                 
point3 582.60100007057 -3962687.6559835 3352092.3686015 3694561.1301992 0 0 0 0 0 0 0 0 0                 
point3 582.80099987984 -3962687.0319892 3352094.2095003 3694560.1518273 0 0 0 0 0 0 0 0 0                 
point3 583.00099992752 -3962686.4101812 3352096.0490013 3694559.1778213 0 0 0 0 0 0 0 0 0                 
point3 583.2009999752 -3962685.7843692 3352097.8907103 3694558.2017303 0 0 0 0 0 0 0 0 0                 
point3 583.40100002289 -3962685.1593625 3352099.7315925 3694557.2282442 0 0 0 0 0 0 0 0 0                 
point3 583.60100007057 -3962684.5296475 3352101.5711115 3694556.2567472 0 0 0 0 0 0 0 0 0                 
point3 583.80099987984 -3962683.8959912 3352103.4136113 3694555.2855443 0 0 0 0 0 0 0 0 0                 
point3 584.00099992752 -3962683.2551912 3352105.2543793 3694554.3169903 0 0 0 0 0 0 0 0 0                 
point3 584.2009999752 -3962682.6127982 3352107.0917153 3694553.3548893 0 0 0 0 0 0 0 0 0                 
point3 584.40100002289 -3962681.9735095 3352108.9364325 3694552.3919872 0 0 0 0 0 0 0 0 0                 
point3 584.60100007057 -3962681.3351805 3352110.7816255 3694551.4302862 0 0 0 0 0 0 0 0 0                 
point3 584.80099987984 -3962680.6885352 3352112.6273283 3694550.4660883 0 0 0 0 0 0 0 0 0                 
point3 585.00099992752 -3962680.0352332 3352114.4712983 3694549.5042123 0 0 0 0 0 0 0 0 0                 
point3 585.2009999752 -3962679.3817042 3352116.3118243 3694548.5473103 0 0 0 0 0 0 0 0 0                 
point3 585.40100002289 -3962678.7222795 3352118.1590515 3694547.5902022 0 0 0 0 0 0 0 0 0                 
point3 585.60100007057 -3962678.0579845 3352120.0081305 3694546.6299992 0 0 0 0 0 0 0 0 0                 
point3 585.80099987984 -3962677.3942992 3352121.8530273 3694545.6689933 0 0 0 0 0 0 0 0 0                 
point3 586.00099992752 -3962676.7393902 3352123.6988473 3694544.7094883 0 0 0 0 0 0 0 0 0                 
point3 586.2009999752 -3962676.0950662 3352125.5522143 3694543.7420004 0 0 0 0 0 0 0 0 0                 
point3 586.40100002289 -3962675.4493395 3352127.4133585 3694542.7612782 0 0 0 0 0 0 0 0 0                 
point3 586.60100007057 -3962674.7955645 3352129.2621265 3694541.7764752 0 0 0 0 0 0 0 0 0                 
point3 586.80099987984 -3962674.1515312 3352131.1075453 3694540.7924824 0 0 0 0 0 0 0 0 0                 
point3 587.00099992752 -3962673.5218662 3352132.9586913 3694539.8078944 0 0 0 0 0 0 0 0 0                 
point3 587.2009999752 -3962672.8897382 3352134.8165293 3694538.8065104 0 0 0 0 0 0 0 0 0                 
point3 587.40100002289 -3962672.2578795 3352136.6573845 3694537.8073862 0 0 0 0 0 0 0 0 0                 
point3 587.60100007057 -3962671.6162485 3352138.4934725 3694536.8048792 0 0 0 0 0 0 0 0 0                 
point3 587.80099987984 -3962670.9859552 3352140.3274543 3694535.8000684 0 0 0 0 0 0 0 0 0                 
point3 588.00099992752 -3962670.3560312 3352142.1574383 3694534.7942894 0 0 0 0 0 0 0 0 0                 
point3 588.2009999752 -3962669.7214262 3352143.9856473 3694533.7914954 0 0 0 0 0 0 0 0 0                 
point3 588.40100002289 -3962669.0894695 3352145.8145355 3694532.7909892 0 0 0 0 0 0 0 0 0                 
point3 588.60100007057 -3962668.4642875 3352147.6416375 3694531.7881942 0 0 0 0 0 0 0 0 0                 
point3 588.80099987984 -3962667.8425822 3352149.4681283 3694530.7889184 0 0 0 0 0 0 0 0 0                 
point3 589.00099992752 -3962667.2171472 3352151.2950383 3694529.7924274 0 0 0 0 0 0 0 0 0                 
point3 589.2009999752 -3962666.5883612 3352153.1212083 3694528.7998564 0 0 0 0 0 0 0 0 0                 
point3 589.40100002289 -3962665.9589335 3352154.9435245 3694527.8093412 0 0 0 0 0 0 0 0 0                 
point3 589.60100007057 -3962665.3278495 3352156.7677055 3694526.8187692 0 0 0 0 0 0 0 0 0                 
point3 589.80099987984 -3962664.6952052 3352158.5881023 3694525.8318834 0 0 0 0 0 0 0 0 0                 
point3 590.00099992752 -3962664.0564012 3352160.4079814 3694524.8502163 0 0 0 0 0 0 0 0 0                 
point3 590.2009999752 -3962663.4168032 3352162.2236654 3694523.8752593 0 0 0 0 0 0 0 0 0                 
point3 590.40100002289 -3962662.7797295 3352164.0369755 3694522.9082582 0 0 0 0 0 0 0 0 0                 
point3 590.60100007057 -3962662.1467535 3352165.8523715 3694521.9397552 0 0 0 0 0 0 0 0 0                 
point3 590.80099987984 -3962661.5173312 3352167.6643284 3694520.9688433 0 0 0 0 0 0 0 0 0                 
point3 591.00099992752 -3962660.8853042 3352169.4665654 3694520.0024413 0 0 0 0 0 0 0 0 0                 
point3 591.2009999752 -3962660.2629392 3352171.2600004 3694519.0495313 0 0 0 0 0 0 0 0 0                 
point3 591.40100002289 -3962659.6284485 3352173.0589245 3694518.0989802 0 0 0 0 0 0 0 0 0                 
point3 591.60100007057 -3962658.9973095 3352174.8360074 3694517.1569302 0 0 0 0 0 0 0 0 0                 
point3 591.80099987984 -3962658.3590562 3352176.5944534 3694516.2257793 0 0 0 0 0 0 0 0 0                 
point3 592.00099992752 -3962657.7318932 3352178.3414744 3694515.3038043 0 0 0 0 0 0 0 0 0                 
point3 592.2009999752 -3962657.1135592 3352180.0717794 3694514.3849153 0 0 0 0 0 0 0 0 0                 
point3 592.40100002289 -3962656.5094525 3352181.7832044 3694513.4679842 0 0 0 0 0 0 0 0 0                 
point3 592.60100007057 -3962655.9216975 3352183.4805394 3694512.5423692 0 0 0 0 0 0 0 0 0                 
point3 592.80099987984 -3962655.3446512 3352185.1640714 3694511.6146153 0 0 0 0 0 0 0 0 0                 
point3 593.00099992752 -3962654.7806912 3352186.8377534 3694510.6723343 0 0 0 0 0 0 0 0 0                 
point3 593.2009999752 -3962654.2434722 3352188.5073254 3694509.7134493 0 0 0 0 0 0 0 0 0                 
point3 593.40100002289 -3962653.7248296 3352190.1708854 3694508.7396772 0 0 0 0 0 0 0 0 0                 
point3 593.60100007057 -3962653.2374026 3352191.8268714 3694507.7485572 0 0 0 0 0 0 0 0 0                 
point3 593.80099987984 -3962652.7657342 3352193.4794054 3694506.7337484 0 0 0 0 0 0 0 0 0                 
point3 594.00099992752 -3962652.3368111 3352195.1135904 3694505.7008744 0 0 0 0 0 0 0 0 0                 
point3 594.2009999752 -3962651.9284861 3352196.7302624 3694504.6495264 0 0 0 0 0 0 0 0 0                 
point3 594.40100002289 -3962651.5556887 3352198.3391703 3694503.5662671 0 0 0 0 0 0 0 0 0                 
point3 594.60100007057 -3962651.2259548 3352199.9251273 3694502.4529081 0 0 0 0 0 0 0 0 0                 
point3 594.80099987984 -3962650.9523201 3352201.4846244 3694501.3056054 0 0 0 0 0 0 0 0 0                 
point3 595.00099992752 -3962650.7294331 3352203.0239865 3694500.1148024 0 0 0 0 0 0 0 0 0                 
point3 595.2009999752 -3962650.57607 3352204.5298675 3694498.8892424 0 0 0 0 0 0 0 0 0                 
point3 595.40100002289 -3962650.487835 3352205.9956152 3694497.6248059 0 0 0 0 0 0 0 0 0                 
point3 595.60100007057 -3962650.477034 3352207.4263591 3694496.3178529 0 0 0 0 0 0 0 0 0                 
point3 595.80099987984 -3962650.539665 3352208.8036835 3694494.9792945 0 0 0 0 0 0 0 0 0                 
point3 596.00099992752 -3962650.6700349 3352210.1269065 3694493.6152345 0 0 0 0 0 0 0 0 0                 
point3 596.2009999752 -3962650.8702579 3352211.3943386 3694492.2306955 0 0 0 0 0 0 0 0 0                 
point3 596.40100002289 -3962651.1452383 3352212.6044729 3694490.8261288 0 0 0 0 0 0 0 0 0                 
point3 596.60100007057 -3962651.4866053 3352213.7419229 3694489.4112118 0 0 0 0 0 0 0 0 0                 
point3 596.80099987984 -3962651.9099018 3352214.8080936 3694487.9873805 0 0 0 0 0 0 0 0 0                 
point3 597.00099992752 -3962652.4031668 3352215.8133897 3694486.5408645 0 0 0 0 0 0 0 0 0                 
point3 597.2009999752 -3962652.9561038 3352216.7498977 3694485.0944575 0 0 0 0 0 0 0 0 0                 
point3 597.40100002289 -3962653.5720636 3352217.6146657 3694483.6480458 0 0 0 0 0 0 0 0 0                 
point3 597.60100007057 -3962654.2624956 3352218.4090056 3694482.1959238 0 0 0 0 0 0 0 0 0                 
point3 597.80099987984 -3962655.0108807 3352219.1333548 3694480.7448765 0 0 0 0 0 0 0 0 0                 
point3 598.00099992752 -3962655.7980157 3352219.7869208 3694479.3003875 0 0 0 0 0 0 0 0 0                 
point3 598.2009999752 -3962656.6359887 3352220.3735798 3694477.8617515 0 0 0 0 0 0 0 0 0                 
point3 598.40100002289 -3962657.5254648 3352220.8912184 3694476.4330328 0 0 0 0 0 0 0 0 0                 
point3 598.60100007057 -3962658.4748418 3352221.3329243 3694475.0207178 0 0 0 0 0 0 0 0 0                 
point3 598.80099987984 -3962659.4799306 3352221.6948899 3694473.6070495 0 0 0 0 0 0 0 0 0                 
point3 599.00099992752 -3962660.5363006 3352221.9706829 3694472.2260155 0 0 0 0 0 0 0 0 0                 
point3 599.2009999752 -3962661.6271376 3352222.1692359 3694470.8737065 0 0 0 0 0 0 0 0 0                 
point3 599.40100002289 -3962662.769382 3352222.2985121 3694469.5467949 0 0 0 0 0 0 0 0 0                 
point3 599.60100007057 -3962663.953579 3352222.364554 3694468.2424169 0 0 0 0 0 0 0 0 0                 
point3 599.80099987984 -3962665.1807476 3352222.359154 3694466.9281425 0 0 0 0 0 0 0 0 0                 
point3 600.00099992752 -3962666.4291926 3352222.299839 3694465.6157025 0 0 0 0 0 0 0 0 0                 
point3 600.2009999752 -3962667.6975895 3352222.1949011 3694464.3237095 0 0 0 0 0 0 0 0 0                 
point3 600.40100002289 -3962669.0100541 3352222.0425598 3694463.049783 0 0 0 0 0 0 0 0 0                 
point3 600.60100007057 -3962670.3661961 3352221.8458308 3694461.788457 0 0 0 0 0 0 0 0 0                 
point3 600.80099987984 -3962671.7255265 3352221.6290821 3694460.5170275 0 0 0 0 0 0 0 0 0                 
point3 601.00099992752 -3962673.0921665 3352221.4061911 3694459.2362165 0 0 0 0 0 0 0 0 0                 
point3 601.2009999752 -3962674.4692505 3352221.1854821 3694457.9344545 0 0 0 0 0 0 0 0 0                 
point3 601.40100002289 -3962675.8609042 3352220.9617688 3694456.6196799 0 0 0 0 0 0 0 0 0                 
point3 601.60100007057 -3962677.2676322 3352220.7329918 3694455.2972919 0 0 0 0 0 0 0 0 0                 
point3 601.80099987984 -3962678.6989335 3352220.4882371 3694453.9722605 0 0 0 0 0 0 0 0 0                 
point3 602.00099992752 -3962680.1490825 3352220.2334051 3694452.6445445 0 0 0 0 0 0 0 0 0                 
point3 602.2009999752 -3962681.6069145 3352219.9761371 3694451.3088425 0 0 0 0 0 0 0 0 0                 
point3 602.40100002289 -3962683.0725602 3352219.7241658 3694449.9522709 0 0 0 0 0 0 0 0 0                 
point3 602.60100007057 -3962684.5453862 3352219.4781888 3694448.5843119 0 0 0 0 0 0 0 0 0                 
point3 602.80099987984 -3962686.0261485 3352219.2371341 3694447.2039395 0 0 0 0 0 0 0 0 0                 
point3 603.00099992752 -3962687.5194205 3352219.0042321 3694445.8063515 0 0 0 0 0 0 0 0 0                 
point3 603.2009999752 -3962689.0265575 3352218.7696321 3694444.3952995 0 0 0 0 0 0 0 0 0                 
point3 603.40100002289 -3962690.5405153 3352218.5355348 3694442.9715298 0 0 0 0 0 0 0 0 0                 
point3 603.60100007057 -3962692.0668723 3352218.3017448 3694441.5342658 0 0 0 0 0 0 0 0 0                 
point3 603.80099987984 -3962693.6031244 3352218.0713461 3694440.0850215 0 0 0 0 0 0 0 0 0                 
point3 604.00099992752 -3962695.1520964 3352217.8384351 3694438.6256615 0 0 0 0 0 0 0 0 0                 
point3 604.2009999752 -3962696.7135414 3352217.6055361 3694437.1558215 0 0 0 0 0 0 0 0 0                 
point3 604.40100002289 -3962698.2857133 3352217.3720238 3694435.6778558 0 0 0 0 0 0 0 0 0                 
point3 604.60100007057 -3962699.8722713 3352217.1358148 3694434.1867018 0 0 0 0 0 0 0 0 0                 
point3 604.80099987984 -3962701.4669974 3352216.8994231 3694432.6836475 0 0 0 0 0 0 0 0 0                 
point3 605.00099992752 -3962703.0697664 3352216.6623901 3694431.1693835 0 0 0 0 0 0 0 0 0                 
point3 605.2009999752 -3962704.6855094 3352216.4206741 3694429.6458715 0 0 0 0 0 0 0 0 0                 
point3 605.40100002289 -3962706.3096543 3352216.1749748 3694428.1166247 0 0 0 0 0 0 0 0 0                 
point3 605.60100007057 -3962707.9419983 3352215.9296538 3694426.5809007 0 0 0 0 0 0 0 0 0                 
point3 605.80099987984 -3962709.5830284 3352215.6806511 3694425.0391586 0 0 0 0 0 0 0 0 0                 
point3 606.00099992752 -3962711.2300514 3352215.4316581 3694423.4895226 0 0 0 0 0 0 0 0 0                 
point3 606.2009999752 -3962712.8824964 3352215.1826441 3694421.9322096 0 0 0 0 0 0 0 0 0                 
point3 606.40100002289 -3962714.5441454 3352214.9304158 3694420.3736827 0 0 0 0 0 0 0 0 0                 
point3 606.60100007057 -3962716.2152764 3352214.6721008 3694418.8090687 0 0 0 0 0 0 0 0 0                 
point3 606.80099987984 -3962717.8915034 3352214.4108751 3694417.2423516 0 0 0 0 0 0 0 0 0                 
point3 607.00099992752 -3962719.5737164 3352214.1457861 3694415.6727436 0 0 0 0 0 0 0 0 0                 
point3 607.2009999752 -3962721.2579434 3352213.8832891 3694414.0997216 0 0 0 0 0 0 0 0 0                 
point3 607.40100002289 -3962722.9474664 3352213.6211758 3694412.5231187 0 0 0 0 0 0 0 0 0                 
point3 607.60100007057 -3962724.6412844 3352213.3545458 3694410.9466157 0 0 0 0 0 0 0 0 0                 
point3 607.80099987984 -3962726.3372754 3352213.0848531 3694409.3694876 0 0 0 0 0 0 0 0 0                 
point3 608.00099992752 -3962728.0329904 3352212.8160551 3694407.7862996 0 0 0 0 0 0 0 0 0                 
point3 608.2009999752 -3962729.7322184 3352212.5457241 3694406.2058976 0 0 0 0 0 0 0 0 0                 
point3 608.40100002289 -3962731.4372334 3352212.2680028 3694404.6242917 0 0 0 0 0 0 0 0 0                 
point3 608.60100007057 -3962733.1429174 3352211.9884008 3694403.0428637 0 0 0 0 0 0 0 0 0                 
point3 608.80099987984 -3962734.8459904 3352211.7109551 3694401.4546496 0 0 0 0 0 0 0 0 0                 
point3 609.00099992752 -3962736.5434754 3352211.4453041 3694399.8659456 0 0 0 0 0 0 0 0 0                 
point3 609.2009999752 -3962738.2391844 3352211.1897441 3694398.2771946 0 0 0 0 0 0 0 0 0                 
point3 609.40100002289 -3962739.9375194 3352210.9357918 3694396.6985647 0 0 0 0 0 0 0 0 0                 
point3 609.60100007057 -3962741.6404114 3352210.6717728 3694395.1332577 0 0 0 0 0 0 0 0 0                 
point3 609.80099987984 -3962743.3401834 3352210.4076891 3694393.5874336 0 0 0 0 0 0 0 0 0                 
point3 610.00099992752 -3962745.0359214 3352210.1498871 3694392.0339736 0 0 0 0 0 0 0 0 0                 
point3 610.2009999752 -3962746.7189134 3352209.9085911 3694390.4921596 0 0 0 0 0 0 0 0 0                 
point3 610.40100002289 -3962748.4048314 3352209.6670158 3694388.9478657 0 0 0 0 0 0 0 0 0                 
point3 610.60100007057 -3962750.0916934 3352209.4290388 3694387.4218227 0 0 0 0 0 0 0 0 0                 
point3 610.80099987984 -3962751.7910234 3352209.1750271 3694385.8822146 0 0 0 0 0 0 0 0 0                 
point3 611.00099992752 -3962753.4703204 3352208.9188181 3694384.3270436 0 0 0 0 0 0 0 0 0                 
point3 611.2009999752 -3962755.1303244 3352208.6687431 3694382.7786085 0 0 0 0 0 0 0 0 0                 
point3 611.40100002289 -3962756.8060534 3352208.4330488 3694381.2557307 0 0 0 0 0 0 0 0 0                 
point3 611.60100007057 -3962758.5145994 3352208.1808178 3694379.7077367 0 0 0 0 0 0 0 0 0                 
point3 611.80099987984 -3962760.1881524 3352207.9197851 3694378.1679226 0 0 0 0 0 0 0 0 0                 
point3 612.00099992752 -3962761.8591774 3352207.6613231 3694376.6177395 0 0 0 0 0 0 0 0 0                 
point3 612.2009999752 -3962763.5389274 3352207.4036891 3694375.0821096 0 0 0 0 0 0 0 0 0                 
point3 612.40100002289 -3962765.2229844 3352207.1425078 3694373.5473257 0 0 0 0 0 0 0 0 0                 
point3 612.60100007057 -3962766.9010244 3352206.8817708 3694372.0101127 0 0 0 0 0 0 0 0 0                 
point3 612.80099987984 -3962768.5845884 3352206.6156771 3694370.4738066 0 0 0 0 0 0 0 0 0                 
point3 613.00099992752 -3962770.2613774 3352206.3520961 3694368.9336966 0 0 0 0 0 0 0 0 0                 
point3 613.2009999752 -3962771.9372804 3352206.0920051 3694367.3921876 0 0 0 0 0 0 0 0 0                 
point3 613.40100002289 -3962773.6138904 3352205.8335098 3694365.8497937 0 0 0 0 0 0 0 0 0                 
point3 613.60100007057 -3962775.2909874 3352205.5763168 3694364.3073557 0 0 0 0 0 0 0 0 0                 
point3 613.80099987984 -3962776.9678644 3352205.3209391 3694362.7568316 0 0 0 0 0 0 0 0 0                 
point3 614.00099992752 -3962778.6395534 3352205.0706591 3694361.2037156 0 0 0 0 0 0 0 0 0                 
point3 614.2009999752 -3962780.3109734 3352204.8228911 3694359.6449556 0 0 0 0 0 0 0 0 0                 
point3 614.40100002289 -3962781.9861814 3352204.5793828 3694358.0929047 0 0 0 0 0 0 0 0 0                 
point3 614.60100007057 -3962783.6630444 3352204.3353998 3694356.5172197 0 0 0 0 0 0 0 0 0                 
point3 614.80099987984 -3962785.3279514 3352204.0952941 3694354.9559326 0 0 0 0 0 0 0 0 0                 
point3 615.00099992752 -3962787.0027844 3352203.8524811 3694353.3846636 0 0 0 0 0 0 0 0 0                 
point3 615.2009999752 -3962788.6788694 3352203.6079871 3694351.8176546 0 0 0 0 0 0 0 0 0                 
point3 615.40100002289 -3962790.3535894 3352203.3659928 3694350.2463217 0 0 0 0 0 0 0 0 0                 
point3 615.60100007057 -3962792.0309814 3352203.1265978 3694348.6701947 0 0 0 0 0 0 0 0 0                 
point3 615.80099987984 -3962793.7076894 3352202.8858871 3694347.0906076 0 0 0 0 0 0 0 0 0                 
point3 616.00099992752 -3962795.3861014 3352202.6436911 3694345.5140326 0 0 0 0 0 0 0 0 0                 
point3 616.2009999752 -3962797.0680104 3352202.4007081 3694343.9381886 0 0 0 0 0 0 0 0 0                 
point3 616.40100002289 -3962798.7506914 3352202.1616138 3694342.3550227 0 0 0 0 0 0 0 0 0                 
point3 616.60100007057 -3962800.4280914 3352201.9249998 3694340.7597547 0 0 0 0 0 0 0 0 0                 
point3 616.80099987984 -3962802.1069044 3352201.6828821 3694339.1689196 0 0 0 0 0 0 0 0 0                 
point3 617.00099992752 -3962803.7890004 3352201.4387031 3694337.5738356 0 0 0 0 0 0 0 0 0                 
point3 617.2009999752 -3962805.4668794 3352201.2024621 3694335.9762546 0 0 0 0 0 0 0 0 0                 
point3 617.40100002289 -3962807.1434824 3352200.9769078 3694334.3678917 0 0 0 0 0 0 0 0 0                 
point3 617.60100007057 -3962808.8221494 3352200.7595958 3694332.7732437 0 0 0 0 0 0 0 0 0                 
point3 617.80099987984 -3962810.5159994 3352200.5397911 3694331.1778786 0 0 0 0 0 0 0 0 0                 
point3 618.00099992752 -3962812.2105734 3352200.3176171 3694329.5732486 0 0 0 0 0 0 0 0 0                 
point3 618.2009999752 -3962813.8830774 3352200.1044421 3694327.9614976 0 0 0 0 0 0 0 0 0                 
point3 618.40100002289 -3962815.5626494 3352199.8906778 3694326.3361117 0 0 0 0 0 0 0 0 0                 
point3 618.60100007057 -3962817.2496794 3352199.6659008 3694324.7291877 0 0 0 0 0 0 0 0 0                 
point3 618.80099987984 -3962818.9292304 3352199.4469631 3694323.1223826 0 0 0 0 0 0 0 0 0                 
point3 619.00099992752 -3962820.6167484 3352199.2410541 3694321.5002076 0 0 0 0 0 0 0 0 0                 
point3 619.2009999752 -3962822.3062524 3352199.0271031 3694319.8779236 0 0 0 0 0 0 0 0 0                 
point3 619.40100002289 -3962823.9946644 3352198.8099218 3694318.2699027 0 0 0 0 0 0 0 0 0                 
point3 619.60100007057 -3962825.6924404 3352198.5945418 3694316.6674897 0 0 0 0 0 0 0 0 0                 
point3 619.80099987984 -3962827.3987134 3352198.3836431 3694315.0668066 0 0 0 0 0 0 0 0 0                 
point3 620.00099992752 -3962829.1003014 3352198.1748701 3694313.4693986 0 0 0 0 0 0 0 0 0                 
point3 620.2009999752 -3962830.8030514 3352197.9679061 3694311.8645466 0 0 0 0 0 0 0 0 0                 
point3 620.40100002289 -3962832.5120714 3352197.7447838 3694310.2586437 0 0 0 0 0 0 0 0 0                 
point3 620.60100007057 -3962834.2036974 3352197.5232958 3694308.6706777 0 0 0 0 0 0 0 0 0                 
point3 620.80099987984 -3962835.9073564 3352197.3054341 3694307.0842546 0 0 0 0 0 0 0 0 0                 
point3 621.00099992752 -3962837.6177144 3352197.0926391 3694305.4977086 0 0 0 0 0 0 0 0 0                 
point3 621.2009999752 -3962839.3190074 3352196.8812501 3694303.9201046 0 0 0 0 0 0 0 0 0                 
point3 621.40100002289 -3962841.0223254 3352196.6730808 3694302.3421367 0 0 0 0 0 0 0 0 0                 
point3 621.60100007057 -3962842.7259114 3352196.4693838 3694300.7710637 0 0 0 0 0 0 0 0 0                 
point3 621.80099987984 -3962844.4275904 3352196.2661101 3694299.2056886 0 0 0 0 0 0 0 0 0                 
point3 622.00099992752 -3962846.1259784 3352196.0684301 3694297.6444036 0 0 0 0 0 0 0 0 0                 
point3 622.2009999752 -3962847.8203544 3352195.8767651 3694296.0871636 0 0 0 0 0 0 0 0 0                 
point3 622.40100002289 -3962849.5110564 3352195.6901868 3694294.5394417 0 0 0 0 0 0 0 0 0                 
point3 622.60100007057 -3962851.2002144 3352195.5087089 3694292.9873507 0 0 0 0 0 0 0 0 0                 
point3 622.80099987984 -3962852.8793634 3352195.3315141 3694291.4389666 0 0 0 0 0 0 0 0 0                 
point3 623.00099992752 -3962854.5517604 3352195.1541171 3694289.8933996 0 0 0 0 0 0 0 0 0                 
point3 623.2009999752 -3962856.2215304 3352194.9802661 3694288.3540155 0 0 0 0 0 0 0 0 0                 
point3 623.40100002289 -3962857.8883324 3352194.8152969 3694286.8165807 0 0 0 0 0 0 0 0 0                 
point3 623.60100007057 -3962859.5550264 3352194.6544999 3694285.2723957 0 0 0 0 0 0 0 0 0                 
point3 623.80099987984 -3962861.2181004 3352194.4953271 3694283.7341305 0 0 0 0 0 0 0 0 0                 
point3 624.00099992752 -3962862.8788254 3352194.3423561 3694282.1992066 0 0 0 0 0 0 0 0 0                 
point3 624.2009999752 -3962864.5443134 3352194.1942781 3694280.6617445 0 0 0 0 0 0 0 0 0                 
point3 624.40100002289 -3962866.2056054 3352194.0505899 3694279.1313387 0 0 0 0 0 0 0 0 0                 
point3 624.60100007057 -3962867.8673094 3352193.9094149 3694277.5974167 0 0 0 0 0 0 0 0 0                 
point3 624.80099987984 -3962869.5261614 3352193.773935 3694276.0625445 0 0 0 0 0 0 0 0 0                 
point3 625.00099992752 -3962871.1782684 3352193.64174 3694274.5288165 0 0 0 0 0 0 0 0 0                 
point3 625.2009999752 -3962872.8314574 3352193.511145 3694272.9937395 0 0 0 0 0 0 0 0 0                 
point3 625.40100002289 -3962874.4827474 3352193.3799549 3694271.4626547 0 0 0 0 0 0 0 0 0                 
point3 625.60100007057 -3962876.1316494 3352193.2518709 3694269.9336417 0 0 0 0 0 0 0 0 0                 
point3 625.80099987984 -3962877.7816334 3352193.124455 3694268.4007036 0 0 0 0 0 0 0 0 0                 
point3 626.00099992752 -3962879.4258864 3352192.996056 3694266.8610185 0 0 0 0 0 0 0 0 0                 
point3 626.2009999752 -3962881.0616694 3352192.868783 3694265.3254255 0 0 0 0 0 0 0 0 0                 
point3 626.40100002289 -3962882.6973923 3352192.7456019 3694263.7903237 0 0 0 0 0 0 0 0 0                 
point3 626.60100007057 -3962884.3347653 3352192.6259119 3694262.2560337 0 0 0 0 0 0 0 0 0                 
point3 626.80099987984 -3962885.9663394 3352192.508324 3694260.7231345 0 0 0 0 0 0 0 0 0                 
point3 627.00099992752 -3962887.5933264 3352192.394747 3694259.1912825 0 0 0 0 0 0 0 0 0                 
point3 627.2009999752 -3962889.2189354 3352192.284354 3694257.6673535 0 0 0 0 0 0 0 0 0                 
point3 627.40100002289 -3962890.8465283 3352192.1755559 3694256.1393757 0 0 0 0 0 0 0 0 0                 
point3 627.60100007057 -3962892.4705183 3352192.0661419 3694254.6123287 0 0 0 0 0 0 0 0 0                 
point3 627.80099987984 -3962894.0931844 3352191.955263 3694253.0777946 0 0 0 0 0 0 0 0 0                 
point3 628.00099992752 -3962895.7090804 3352191.848772 3694251.5354026 0 0 0 0 0 0 0 0 0                 
point3 628.2009999752 -3962897.3244794 3352191.744586 3694249.9936396 0 0 0 0 0 0 0 0 0                 
point3 628.40100002289 -3962898.9403593 3352191.6427009 3694248.4404387 0 0 0 0 0 0 0 0 0                 
point3 628.60100007057 -3962900.5503383 3352191.5432029 3694246.8913527 0 0 0 0 0 0 0 0 0                 
point3 628.80099987984 -3962902.1602934 3352191.442771 3694245.3419576 0 0 0 0 0 0 0 0 0                 
point3 629.00099992752 -3962903.7784654 3352191.336056 3694243.7927386 0 0 0 0 0 0 0 0 0                 
point3 629.2009999752 -3962905.3906624 3352191.224989 3694242.2384456 0 0 0 0 0 0 0 0 0                 
point3 629.40100002289 -3962907.0031413 3352191.1010529 3694240.6629007 0 0 0 0 0 0 0 0 0                 
point3 629.60100007057 -3962908.6080063 3352190.9692239 3694239.0858347 0 0 0 0 0 0 0 0 0                 
point3 629.80099987984 -3962910.2129024 3352190.834027 3694237.5110096 0 0 0 0 0 0 0 0 0                 
point3 630.00099992752 -3962911.8377534 3352190.698821 3694235.9330936 0 0 0 0 0 0 0 0 0                 
point3 630.2009999752 -3962913.4692744 3352190.5613801 3694234.3478236 0 0 0 0 0 0 0 0 0                 
point3 630.40100002289 -3962915.1061164 3352190.4140129 3694232.7508117 0 0 0 0 0 0 0 0 0                 
point3 630.60100007057 -3962916.7488274 3352190.2544679 3694231.1515797 0 0 0 0 0 0 0 0 0                 
point3 630.80099987984 -3962918.3962524 3352190.0883751 3694229.5510056 0 0 0 0 0 0 0 0 0                 
point3 631.00099992752 -3962920.0495324 3352189.9246791 3694227.9497826 0 0 0 0 0 0 0 0 0                 
point3 631.2009999752 -3962921.7194914 3352189.7575241 3694226.3450716 0 0 0 0 0 0 0 0 0                 
point3 631.40100002289 -3962923.3999404 3352189.5775238 3694224.7410347 0 0 0 0 0 0 0 0 0                 
point3 631.60100007057 -3962925.0893724 3352189.3787688 3694223.1465837 0 0 0 0 0 0 0 0 0                 
point3 631.80099987984 -3962926.7844484 3352189.1704551 3694221.5418326 0 0 0 0 0 0 0 0 0                 
point3 632.00099992752 -3962928.4711064 3352188.9624611 3694219.9246996 0 0 0 0 0 0 0 0 0                 
point3 632.2009999752 -3962930.1539564 3352188.7531181 3694218.3051966 0 0 0 0 0 0 0 0 0                 
point3 632.40100002289 -3962931.8493164 3352188.5328518 3694216.6848337 0 0 0 0 0 0 0 0 0                 
point3 632.60100007057 -3962933.5522334 3352188.3029268 3694215.0753637 0 0 0 0 0 0 0 0 0                 
point3 632.80099987984 -3962935.2616794 3352188.0691381 3694213.4645856 0 0 0 0 0 0 0 0 0                 
point3 633.00099992752 -3962936.9792954 3352187.8357041 3694211.8425926 0 0 0 0 0 0 0 0 0                 
point3 633.2009999752 -3962938.6992174 3352187.5949821 3694210.2205746 0 0 0 0 0 0 0 0 0                 
point3 633.40100002289 -3962940.4252614 3352187.3505778 3694208.5933317 0 0 0 0 0 0 0 0 0                 
point3 633.60100007057 -3962942.1578804 3352187.1054598 3694206.9567816 0 0 0 0 0 0 0 0 0                 
point3 633.80099987984 -3962943.8946054 3352186.8563371 3694205.3120806 0 0 0 0 0 0 0 0 0                 
point3 634.00099992752 -3962945.6378484 3352186.6029271 3694203.6663186 0 0 0 0 0 0 0 0 0                 
point3 634.2009999752 -3962947.3891794 3352186.3502491 3694202.0091276 0 0 0 0 0 0 0 0 0                 
point3 634.40100002289 -3962949.1471385 3352186.0995448 3694200.3526816 0 0 0 0 0 0 0 0 0                 
point3 634.60100007057 -3962950.9185005 3352185.8470218 3694198.6890796 0 0 0 0 0 0 0 0 0                 
point3 634.80099987984 -3962952.6992104 3352185.5893861 3694197.0196636 0 0 0 0 0 0 0 0 0                 
point3 635.00099992752 -3962954.4804844 3352185.3267861 3694195.3344986 0 0 0 0 0 0 0 0 0                 
point3 635.2009999752 -3962956.2592484 3352185.0639801 3694193.6516686 0 0 0 0 0 0 0 0 0                 
point3 635.40100002289 -3962958.0521915 3352184.8006798 3694191.9677936 0 0 0 0 0 0 0 0 0                 
point3 635.60100007057 -3962959.8512145 3352184.5356628 3694190.2867976 0 0 0 0 0 0 0 0 0                 
point3 635.80099987984 -3962961.6552334 3352184.2661471 3694188.6060766 0 0 0 0 0 0 0 0 0                 
point3 636.00099992752 -3962963.4625404 3352183.9954401 3694186.9202516 0 0 0 0 0 0 0 0 0                 
point3 636.2009999752 -3962965.2710524 3352183.7229271 3694185.2279376 0 0 0 0 0 0 0 0 0                 
point3 636.40100002289 -3962967.0827805 3352183.4475988 3694183.5374446 0 0 0 0 0 0 0 0 0                 
point3 636.60100007057 -3962968.9006135 3352183.1685138 3694181.8467486 0 0 0 0 0 0 0 0 0                 
point3 636.80099987984 -3962970.7237173 3352182.8911281 3694180.1531656 0 0 0 0 0 0 0 0 0                 
point3 637.00099992752 -3962972.5477143 3352182.6156971 3694178.4441176 0 0 0 0 0 0 0 0 0                 
point3 637.2009999752 -3962974.3683864 3352182.3372251 3694176.7253236 0 0 0 0 0 0 0 0 0                 
point3 637.40100002289 -3962976.1873385 3352182.0628388 3694175.0080786 0 0 0 0 0 0 0 0 0                 
point3 637.60100007057 -3962978.0176795 3352181.7921528 3694173.2861006 0 0 0 0 0 0 0 0 0                 
point3 637.80099987984 -3962979.8559223 3352181.5216481 3694171.5679146 0 0 0 0 0 0 0 0 0                 
point3 638.00099992752 -3962981.7026633 3352181.2504311 3694169.8486796 0 0 0 0 0 0 0 0 0                 
point3 638.2009999752 -3962983.5549513 3352180.9778371 3694168.1239456 0 0 0 0 0 0 0 0 0                 
point3 638.40100002289 -3962985.4050525 3352180.7053398 3694166.3893106 0 0 0 0 0 0 0 0 0                 
point3 638.60100007057 -3962987.2543485 3352180.4334268 3694164.6493256 0 0 0 0 0 0 0 0 0                 
point3 638.80099987984 -3962989.1042343 3352180.1579171 3694162.8943436 0 0 0 0 0 0 0 0 0                 
point3 639.00099992752 -3962990.9508603 3352179.8801021 3694161.1445906 0 0 0 0 0 0 0 0 0                 
point3 639.2009999752 -3962992.8069413 3352179.6005991 3694159.4041026 0 0 0 0 0 0 0 0 0                 
point3 639.40100002289 -3962994.6776735 3352179.3204788 3694157.6627656 0 0 0 0 0 0 0 0 0                 
point3 639.60100007057 -3962996.5507375 3352179.0349648 3694155.9158526 0 0 0 0 0 0 0 0 0                 
point3 639.80099987984 -3962998.4175403 3352178.7475631 3694154.1661416 0 0 0 0 0 0 0 0 0                 
point3 640.00099992752 -3963000.2863443 3352178.4613911 3694152.4125156 0 0 0 0 0 0 0 0 0                 
point3 640.2009999752 -3963002.1552593 3352178.1819091 3694150.6580426 0 0 0 0 0 0 0 0 0                 
point3 640.40100002289 -3963004.0312195 3352177.9005698 3694148.9037256 0 0 0 0 0 0 0 0 0                 
point3 640.60100007057 -3963005.9149215 3352177.6122178 3694147.1555006 0 0 0 0 0 0 0 0 0                 
point3 640.80099987984 -3963007.7992193 3352177.3149991 3694145.4141846 0 0 0 0 0 0 0 0 0                 
point3 641.00099992752 -3963009.6797193 3352177.0147971 3694143.6706086 0 0 0 0 0 0 0 0 0                 
point3 641.2009999752 -3963011.5351593 3352176.7149071 3694141.9396396 0 0 0 0 0 0 0 0 0                 
point3 641.40100002289 -3963013.3617595 3352176.4177398 3694140.2337586 0 0 0 0 0 0 0 0 0                 
point3 641.60100007057 -3963015.1689665 3352176.1262508 3694138.5531136 0 0 0 0 0 0 0 0 0                 
point3 641.80099987984 -3963016.9554354 3352175.8361471 3694136.9018166 0 0 0 0 0 0 0 0 0                 
point3 642.00099992752 -3963018.7158914 3352175.5458531 3694135.2734986 0 0 0 0 0 0 0 0 0                 
point3 642.2009999752 -3963020.4464484 3352175.2572621 3694133.6806376 0 0 0 0 0 0 0 0 0                 
point3 642.40100002289 -3963022.1494864 3352174.9709778 3694132.1172637 0 0 0 0 0 0 0 0 0                 
point3 642.60100007057 -3963023.8164693 3352174.6881218 3694130.5795658 0 0 0 0 0 0 0 0 0                 
point3 642.80099987984 -3963025.4388704 3352174.4130501 3694129.0804215 0 0 0 0 0 0 0 0 0                 
point3 643.00099992752 -3963027.0236684 3352174.1461141 3694127.6153245 0 0 0 0 0 0 0 0 0                 
point3 643.2009999752 -3963028.5666565 3352173.8913611 3694126.1898035 0 0 0 0 0 0 0 0 0                 
point3 643.40100002289 -3963030.0678472 3352173.6454098 3694124.7996919 0 0 0 0 0 0 0 0 0                 
point3 643.60100007057 -3963031.5246972 3352173.4093638 3694123.4481829 0 0 0 0 0 0 0 0 0                 
point3 643.80099987984 -3963032.9315605 3352173.1852161 3694122.1359195 0 0 0 0 0 0 0 0 0                 
point3 644.00099992752 -3963034.2915265 3352172.9728761 3694120.8731384 0 0 0 0 0 0 0 0 0                 
point3 644.2009999752 -3963035.6060125 3352172.7711251 3694119.6501364 0 0 0 0 0 0 0 0 0                 
point3 644.40100002289 -3963036.875045 3352172.5789618 3694118.4689551 0 0 0 0 0 0 0 0 0                 
point3 644.60100007057 -3963038.090184 3352172.3940239 3694117.3306801 0 0 0 0 0 0 0 0 0                 
point3 644.80099987984 -3963039.2540336 3352172.2217881 3694116.2388054 0 0 0 0 0 0 0 0 0                 
point3 645.00099992752 -3963040.3693036 3352172.0612221 3694115.1924304 0 0 0 0 0 0 0 0 0                 
point3 645.2009999752 -3963041.4374496 3352171.9085771 3694114.1896613 0 0 0 0 0 0 0 0 0                 
point3 645.40100002289 -3963042.4542758 3352171.7654189 3694113.2348012 0 0 0 0 0 0 0 0 0                 
point3 645.60100007057 -3963043.4158198 3352171.6316459 3694112.3297533 0 0 0 0 0 0 0 0 0                 
point3 645.80099987984 -3963044.3270687 3352171.502056 3694111.4742193 0 0 0 0 0 0 0 0 0                 
point3 646.00099992752 -3963045.1887057 3352171.375213 3694110.6702683 0 0 0 0 0 0 0 0 0                 
point3 646.2009999752 -3963045.9961357 3352171.259732 3694109.9190253 0 0 0 0 0 0 0 0 0                 
point3 646.40100002289 -3963046.7503846 3352171.1467679 3694109.2153575 0 0 0 0 0 0 0 0 0                 
point3 646.60100007057 -3963047.4565856 3352171.0428949 3694108.5579485 0 0 0 0 0 0 0 0 0                 
point3 646.80099987984 -3963048.1225778 3352170.944826 3694107.9393642 0 0 0 0 0 0 0 0 0                 
point3 647.00099992752 -3963048.7478848 3352170.851354 3694107.3599322 0 0 0 0 0 0 0 0 0                 
point3 647.2009999752 -3963049.3352938 3352170.76318 3694106.8148062 0 0 0 0 0 0 0 0 0                 
point3 647.40100002289 -3963049.8852114 3352170.6809269 3694106.3040706 0 0 0 0 0 0 0 0 0                 
point3 647.60100007057 -3963050.3975144 3352170.6071389 3694105.8281606 0 0 0 0 0 0 0 0 0                 
point3 647.80099987984 -3963050.8707368 3352170.536063 3694105.3897461 0 0 0 0 0 0 0 0 0                 
point3 648.00099992752 -3963051.3102859 3352170.469383 3694104.9864861 0 0 0 0 0 0 0 0 0                 
point3 648.2009999752 -3963051.7196289 3352170.407618 3694104.6107191 0 0 0 0 0 0 0 0 0                 
point3 648.40100002289 -3963052.0973723 3352170.352335 3694104.2614547 0 0 0 0 0 0 0 0 0                 
point3 648.60100007057 -3963052.4447303 3352170.29955 3694103.9390948 0 0 0 0 0 0 0 0 0                 
point3 648.80099987984 -3963052.7634979 3352170.250771 3694103.6459321 0 0 0 0 0 0 0 0 0                 
point3 649.00099992752 -3963053.0568759 3352170.205796 3694103.3775401 0 0 0 0 0 0 0 0 0                 
point3 649.2009999752 -3963053.3261589 3352170.165608 3694103.1307351 0 0 0 0 0 0 0 0 0                 
point3 649.40100002289 -3963053.5725482 3352170.127625 3694102.9036458 0 0 0 0 0 0 0 0 0                 
point3 649.60100007057 -3963053.7960362 3352170.094146 3694102.6975438 0 0 0 0 0 0 0 0 0                 
point3 649.80099987984 -3963053.9980319 3352170.063552 3694102.5121541 0 0 0 0 0 0 0 0 0                 
point3 650.00099992752 -3963054.1791279 3352170.034774 3694102.3470301 0 0 0 0 0 0 0 0 0                 
point3 650.2009999752 -3963054.3399369 3352170.010792 3694102.197518 0 0 0 0 0 0 0 0 0                 
point3 650.40100002289 -3963054.4832561 3352169.989401 3694102.0651999 0 0 0 0 0 0 0 0 0                 
point3 650.60100007057 -3963054.6098701 3352169.970415 3694101.9490739 0 0 0 0 0 0 0 0 0                 
point3 650.80099987984 -3963054.719587 3352169.953923 3694101.848153 0 0 0 0 0 0 0 0 0                 
point3 651.00099992752 -3963054.813209 3352169.939038 3694101.762325 0 0 0 0 0 0 0 0 0                 
point3 651.2009999752 -3963054.890623 3352169.927556 3694101.690901 0 0 0 0 0 0 0 0 0                 
point3 651.40100002289 -3963054.950836 3352169.919067 3694101.635183 0 0 0 0 0 0 0 0 0                 
point3 651.60100007057 -3963054.993447 3352169.913077 3694101.596163 0 0 0 0 0 0 0 0 0                 
point3 651.80099987984 -3963055.018151 3352169.909596 3694101.573051 0 0 0 0 0 0 0 0 0                 
point3 652.00099992752 -3963055.023408 3352169.909105 3694101.567708 0 0 0 0 0 0 0 0 0                 
point3 652.2009999752 -3963055.02621 3352169.911407 3694101.570309 0 0 0 0 0 0 0 0 0                 
point3 652.40100002289 -3963055.026195 3352169.911297 3694101.570295 0 0 0 0 0 0 0 0 0                 
point3 652.60100007057 -3963055.025802 3352169.911002 3694101.569902 0 0 0 0 0 0 0 0 0                 
point3 652.80099987984 -3963055.026099 3352169.911298 3694101.570199 0 0 0 0 0 0 0 0 0                 
point3 653.00099992752 -3963055.026 3352169.9112 3694101.570101 0 0 0 0 0 0 0 0 0                 
point3 653.2009999752 -3963055.026099 3352169.9112 3694101.570199 0 0 0 0 0 0 0 0 0                 
point3 653.40100002289 -3963055.026 3352169.911101 3694101.5701 0 0 0 0 0 0 0 0 0                 
point3 653.60100007057 -3963055.026 3352169.911199 3694101.5701 0 0 0 0 0 0 0 0 0                 
point3 653.80099987984 -3963055.026 3352169.9112 3694101.5701 0 0 0 0 0 0 0 0 0                 
point3 654.00099992752 -3963055.026 3352169.9112 3694101.5701 0 0 0 0 0 0 0 0 0                 
point3 654.2009999752 -3963055.026 3352169.9112 3694101.5702 0 0 0 0 0 0 0 0 0                 
point3 654.40100002289 -3963055.026099 3352169.9112 3694101.5702 0 0 0 0 0 0 0 0 0                 
point3 654.60100007057 -3963055.026001 3352169.9112 3694101.570101 0 0 0 0 0 0 0 0 0                 
point3 654.80099987984 -3963055.0261 3352169.9112 3694101.5702 0 0 0 0 0 0 0 0 0                 
point3 655.00099992752 -3963055.026 3352169.9112 3694101.5702 0 0 0 0 0 0 0 0 0                 
point3 655.2009999752 -3963055.0261 3352169.9112 3694101.5702 0 0 0 0 0 0 0 0 0                 
point3 655.40100002289 -3963055.026001 3352169.9112 3694101.570101 0 0 0 0 0 0 0 0 0                 
point3 655.60100007057 -3963055.0261 3352169.9112 3694101.5702 0 0 0 0 0 0 0 0 0                 
point3 655.80099987984 -3963055.026001 3352169.9112 3694101.5702 0 0 0 0 0 0 0 0 0                 
point3 656.00099992752 -3963055.0261 3352169.9112 3694101.5702 0 0 0 0 0 0 0 0 0                 
point3 656.2009999752 -3963055.026099 3352169.9112 3694101.5702 0 0 0 0 0 0 0 0 0                 
point3 656.40100002289 -3963055.0261 3352169.9112 3694101.5702 0 0 0 0 0 0 0 0 0                 
point3 656.60100007057 -3963055.0261 3352169.9112 3694101.5702 0 0 0 0 0 0 0 0 0                 
point3 656.80099987984 -3963055.0261 3352169.9112 3694101.5702 0 0 0 0 0 0 0 0 0                 
point3 657.00099992752 -3963055.0261 3352169.9112 3694101.5702 0 0 0 0 0 0 0 0 0                 
point3 657.2009999752 -3963055.0261 3352169.9112 3694101.5702 0 0 0 0 0 0 0 0 0                 
point3 657.40100002289 -3963055.0261 3352169.9112 3694101.5702 0 0 0 0 0 0 0 0 0                 
point3 657.60100007057 -3963055.0261 3352169.9112 3694101.5702 0 0 0 0 0 0 0 0 0                 
point3 657.80099987984 -3963055.0261 3352169.9112 3694101.5702 0 0 0 0 0 0 0 0 0                 
point3 658.00099992752 -3963055.0261 3352169.9112 3694101.5702 0 0 0 0 0 0 0 0 0                 
point3 658.2009999752 -3963055.0261 3352169.9112 3694101.5702 0 0 0 0 0 0 0 0 0                 
point3 658.40100002289 -3963055.026001 3352169.9112 3694101.5702 0 0 0 0 0 0 0 0 0                 
point3 658.60100007057 -3963055.0261 3352169.9112 3694101.5702 0 0 0 0 0 0 0 0 0                 
point3 658.80099987984 -3963055.0261 3352169.9112 3694101.5702 0 0 0 0 0 0 0 0 0                 
point3 659.00099992752 -3963055.0261 3352169.9112 3694101.5702 0 0 0 0 0 0 0 0 0                 
point3 659.2009999752 -3963055.0261 3352169.9112 3694101.5702 0 0 0 0 0 0 0 0 0                 
point3 659.40100002289 -3963055.0261 3352169.9112 3694101.5702 0 0 0 0 0 0 0 0 0                 
point3 659.60100007057 -3963055.0261 3352169.9112 3694101.5702 0 0 0 0 0 0 0 0 0                 
point3 659.80099987984 -3963055.0262 3352169.911299 3694101.5703 0 0 0 0 0 0 0 0 0                 
point3 660.00099992752 -3963055.0261 3352169.9112 3694101.5702 0 0 0 0 0 0 0 0 0                 
point3 660.2009999752 -3963055.0261 3352169.9112 3694101.5702 0 0 0 0 0 0 0 0 0                 
point3 660.40100002289 -3963055.0261 3352169.9112 3694101.5702 0 0 0 0 0 0 0 0 0                 
point3 660.60100007057 -3963055.0261 3352169.9112 3694101.570201 0 0 0 0 0 0 0 0 0                 
point3 660.80099987984 -3963055.0261 3352169.9112 3694101.5702 0 0 0 0 0 0 0 0 0                 
point3 661.00099992752 -3963055.0261 3352169.911201 3694101.5702 0 0 0 0 0 0 0 0 0                 
point3 661.2009999752 -3963055.0261 3352169.9112 3694101.5702 0 0 0 0 0 0 0 0 0                 
point3 661.40100002289 -3963055.0261 3352169.9112 3694101.5702 0 0 0 0 0 0 0 0 0                 
point3 661.60100007057 -3963055.0261 3352169.9112 3694101.570299 0 0 0 0 0 0 0 0 0                 
point3 661.80099987984 -3963055.026101 3352169.911201 3694101.570201 0 0 0 0 0 0 0 0 0                 
point3 662.00099992752 -3963055.0261 3352169.9112 3694101.570299 0 0 0 0 0 0 0 0 0                 
point3 662.2009999752 -3963055.0261 3352169.9112 3694101.5702 0 0 0 0 0 0 0 0 0                 
point3 662.40100002289 -3963055.0261 3352169.911299 3694101.5702 0 0 0 0 0 0 0 0 0                 
point3 662.60100007057 -3963055.0261 3352169.9112 3694101.570201 0 0 0 0 0 0 0 0 0                 
point3 662.80099987984 -3963055.026199 3352169.9112 3694101.570299 0 0 0 0 0 0 0 0 0                 
point3 663.00099992752 -3963055.0261 3352169.9112 3694101.570201 0 0 0 0 0 0 0 0 0                 
point3 663.2009999752 -3963055.0261 3352169.911299 3694101.5702 0 0 0 0 0 0 0 0 0                 
point3 663.40100002289 -3963055.0261 3352169.9112 3694101.5702 0 0 0 0 0 0 0 0 0                 
point3 663.60100007057 -3963055.0261 3352169.9112 3694101.5702 0 0 0 0 0 0 0 0 0                 
point3 663.80099987984 -3963055.0261 3352169.9112 3694101.5702 0 0 0 0 0 0 0 0 0                 
point3 664.00099992752 -3963055.0261 3352169.9112 3694101.5702 0 0 0 0 0 0 0 0 0                 
point3 664.2009999752 -3963055.0261 3352169.9112 3694101.5702 0 0 0 0 0 0 0 0 0                 
point3 664.40100002289 -3963055.0261 3352169.9112 3694101.5702 0 0 0 0 0 0 0 0 0                 
point3 664.60100007057 -3963055.0261 3352169.9112 3694101.5702 0 0 0 0 0 0 0 0 0                 
point3 664.80099987984 -3963055.0261 3352169.911299 3694101.5702 0 0 0 0 0 0 0 0 0                 
point3 665.00099992752 -3963055.0261 3352169.911201 3694101.5702 0 0 0 0 0 0 0 0 0                 
point3 665.2009999752 -3963055.0261 3352169.911299 3694101.5702 0 0 0 0 0 0 0 0 0                 
point3 665.40100002289 -3963055.0261 3352169.9112 3694101.5702 0 0 0 0 0 0 0 0 0                 
point3 665.60100007057 -3963055.0261 3352169.911201 3694101.5702 0 0 0 0 0 0 0 0 0                 
point3 665.80099987984 -3963055.0261 3352169.911201 3694101.5702 0 0 0 0 0 0 0 0 0                 
point3 666.00099992752 -3963055.0261 3352169.9113 3694101.5702 0 0 0 0 0 0 0 0 0                 
point3 666.2009999752 -3963055.0261 3352169.9113 3694101.570201 0 0 0 0 0 0 0 0 0                 
point3 666.40100002289 -3963055.0261 3352169.9113 3694101.5702 0 0 0 0 0 0 0 0 0                 
point3 666.60100007057 -3963055.0261 3352169.9113 3694101.5702 0 0 0 0 0 0 0 0 0                 
point3 666.80099987984 -3963055.0261 3352169.911299 3694101.5702 0 0 0 0 0 0 0 0 0                 
point3 667.00099992752 -3963055.0261 3352169.911299 3694101.5702 0 0 0 0 0 0 0 0 0                 
point3 667.2009999752 -3963055.0261 3352169.911299 3694101.5702 0 0 0 0 0 0 0 0 0                 
point3 667.40100002289 -3963055.0261 3352169.911299 3694101.5702 0 0 0 0 0 0 0 0 0                 
point3 667.60100007057 -3963055.0261 3352169.911299 3694101.5702 0 0 0 0 0 0 0 0 0                 
point3 667.80099987984 -3963055.0261 3352169.911299 3694101.5702 0 0 0 0 0 0 0 0 0                 
point3 668.00099992752 -3963055.0261 3352169.9113 3694101.5702 0 0 0 0 0 0 0 0 0                 
point3 668.2009999752 -3963055.0261 3352169.9113 3694101.5702 0 0 0 0 0 0 0 0 0                 
point3 668.40100002289 -3963055.0261 3352169.911299 3694101.5702 0 0 0 0 0 0 0 0 0                 
point3 668.60100007057 -3963055.0261 3352169.911299 3694101.5702 0 0 0 0 0 0 0 0 0                 
point3 668.80099987984 -3963055.0261 3352169.9113 3694101.5702 0 0 0 0 0 0 0 0 0                 
point3 669.00099992752 -3963055.0261 3352169.911201 3694101.5702 0 0 0 0 0 0 0 0 0                 
point3 669.2009999752 -3963055.0261 3352169.911201 3694101.5702 0 0 0 0 0 0 0 0 0                 
point3 669.40100002289 -3963055.0261 3352169.911201 3694101.5702 0 0 0 0 0 0 0 0 0                 
point3 669.60100007057 -3963055.0261 3352169.911201 3694101.5702 0 0 0 0 0 0 0 0 0                 
point3 669.80099987984 -3963055.0261 3352169.911299 3694101.5702 0 0 0 0 0 0 0 0 0                 
point3 670.00099992752 -3963055.0261 3352169.911201 3694101.5702 0 0 0 0 0 0 0 0 0                 
point3 670.2009999752 -3963055.0261 3352169.911299 3694101.5702 0 0 0 0 0 0 0 0 0                 
point3 670.40100002289 -3963055.0261 3352169.9112 3694101.5702 0 0 0 0 0 0 0 0 0                 
point3 670.60100007057 -3963055.0261 3352169.911299 3694101.5702 0 0 0 0 0 0 0 0 0                 
point3 670.80099987984 -3963055.0261 3352169.9113 3694101.5702 0 0 0 0 0 0 0 0 0                 
point3 671.00099992752 -3963055.0261 3352169.911201 3694101.5702 0 0 0 0 0 0 0 0 0                 
point3 671.2009999752 -3963055.0261 3352169.911201 3694101.5702 0 0 0 0 0 0 0 0 0                 
point3 671.40100002289 -3963055.0261 3352169.911201 3694101.5702 0 0 0 0 0 0 0 0 0                 
point3 671.60100007057 -3963055.0261 3352169.911299 3694101.5702 0 0 0 0 0 0 0 0 0                 
point3 671.80099987984 -3963055.0261 3352169.911201 3694101.5702 0 0 0 0 0 0 0 0 0                 
point3 672.00099992752 -3963055.0261 3352169.9113 3694101.5702 0 0 0 0 0 0 0 0 0                 
point3 672.2009999752 -3963055.0261 3352169.9112 3694101.5702 0 0 0 0 0 0 0 0 0                 
point3 672.40100002289 -3963055.0261 3352169.9112 3694101.5702 0 0 0 0 0 0 0 0 0                 
point3 672.60100007057 -3963055.0261 3352169.911299 3694101.5702 0 0 0 0 0 0 0 0 0                 
point3 672.80099987984 -3963055.0261 3352169.911299 3694101.5702 0 0 0 0 0 0 0 0 0                 
point3 673.00099992752 -3963055.0261 3352169.9112 3694101.5702 0 0 0 0 0 0 0 0 0                 
point3 673.2009999752 -3963055.0261 3352169.911201 3694101.5702 0 0 0 0 0 0 0 0 0                 
point3 673.40100002289 -3963055.0261 3352169.911299 3694101.5702 0 0 0 0 0 0 0 0 0                 
point3 673.60100007057 -3963055.0261 3352169.9113 3694101.5702 0 0 0 0 0 0 0 0 0                 
point3 673.80099987984 -3963055.0261 3352169.9112 3694101.5702 0 0 0 0 0 0 0 0 0                 
point3 674.00099992752 -3963055.0261 3352169.9112 3694101.5702 0 0 0 0 0 0 0 0 0                 
point3 674.2009999752 -3963055.0261 3352169.9112 3694101.5702 0 0 0 0 0 0 0 0 0                 
point3 674.40100002289 -3963055.0261 3352169.911299 3694101.5702 0 0 0 0 0 0 0 0 0                 
point3 674.60100007057 -3963055.0261 3352169.9113 3694101.5702 0 0 0 0 0 0 0 0 0                 
point3 674.80099987984 -3963055.0261 3352169.9113 3694101.5702 0 0 0 0 0 0 0 0 0                 
point3 675.00099992752 -3963055.0261 3352169.9113 3694101.5702 0 0 0 0 0 0 0 0 0                 
point3 675.2009999752 -3963055.0261 3352169.9113 3694101.5702 0 0 0 0 0 0 0 0 0                 
point3 675.40100002289 -3963055.0261 3352169.911299 3694101.5702 0 0 0 0 0 0 0 0 0                 
point3 675.60100007057 -3963055.0261 3352169.9112 3694101.5702 0 0 0 0 0 0 0 0 0                 
point3 675.80099987984 -3963055.0261 3352169.9112 3694101.5702 0 0 0 0 0 0 0 0 0                 
point3 676.00099992752 -3963055.0261 3352169.9112 3694101.5702 0 0 0 0 0 0 0 0 0                 
point3 676.2009999752 -3963055.0261 3352169.9112 3694101.5702 0 0 0 0 0 0 0 0 0                 
point3 676.40100002289 -3963055.0261 3352169.9112 3694101.5702 0 0 0 0 0 0 0 0 0                 
point3 676.60100007057 -3963055.0261 3352169.9113 3694101.5702 0 0 0 0 0 0 0 0 0                 
point3 676.80099987984 -3963055.0261 3352169.9113 3694101.570299 0 0 0 0 0 0 0 0 0                 
point3 677.00099992752 -3963055.0261 3352169.9113 3694101.570299 0 0 0 0 0 0 0 0 0                 
point3 677.2009999752 -3963055.0261 3352169.9113 3694101.570299 0 0 0 0 0 0 0 0 0                 
point3 677.40100002289 -3963055.0261 3352169.9113 3694101.570201 0 0 0 0 0 0 0 0 0                 
point3 677.60100007057 -3963055.026199 3352169.9113 3694101.570299 0 0 0 0 0 0 0 0 0                 
point3 677.80099987984 -3963055.0261 3352169.9113 3694101.5702 0 0 0 0 0 0 0 0 0                 
point3 678.00099992752 -3963055.026199 3352169.9113 3694101.570299 0 0 0 0 0 0 0 0 0                 
point3 678.2009999752 -3963055.0261 3352169.9112 3694101.5702 0 0 0 0 0 0 0 0 0                 
point3 678.40100002289 -3963055.0261 3352169.911299 3694101.5702 0 0 0 0 0 0 0 0 0                 
point3 678.60100007057 -3963055.0261 3352169.911299 3694101.5702 0 0 0 0 0 0 0 0 0                 
point3 678.80099987984 -3963055.0261 3352169.9112 3694101.5702 0 0 0 0 0 0 0 0 0                 
point3 679.00099992752 -3963055.0261 3352169.911201 3694101.5702 0 0 0 0 0 0 0 0 0                 
point3 679.2009999752 -3963055.0261 3352169.9112 3694101.5702 0 0 0 0 0 0 0 0 0                 
point3 679.40100002289 -3963055.0262 3352169.9113 3694101.5703 0 0 0 0 0 0 0 0 0                 
point3 679.60100007057 -3963055.026199 3352169.9113 3694101.570299 0 0 0 0 0 0 0 0 0                 
point3 679.80099987984 -3963055.0262 3352169.9113 3694101.5703 0 0 0 0 0 0 0 0 0                 
point3 680.00099992752 -3963055.026199 3352169.9113 3694101.5703 0 0 0 0 0 0 0 0 0                 
point3 680.2009999752 -3963055.0262 3352169.9113 3694101.5703 0 0 0 0 0 0 0 0 0                 
point3 680.40100002289 -3963055.0262 3352169.9113 3694101.5703 0 0 0 0 0 0 0 0 0                 
point3 680.60100007057 -3963055.0262 3352169.9113 3694101.5703 0 0 0 0 0 0 0 0 0                 
point3 680.80099987984 -3963055.0262 3352169.9113 3694101.5703 0 0 0 0 0 0 0 0 0                 
point3 681.00099992752 -3963055.026101 3352169.9113 3694101.5703 0 0 0 0 0 0 0 0 0                 
point3 681.2009999752 -3963055.0261 3352169.9113 3694101.5702 0 0 0 0 0 0 0 0 0                 
point3 681.40100002289 -3963055.0261 3352169.9113 3694101.5702 0 0 0 0 0 0 0 0 0                 
point3 681.60100007057 -3963055.0262 3352169.9112 3694101.5703 0 0 0 0 0 0 0 0 0                 
point3 681.80099987984 -3963055.0261 3352169.9112 3694101.5702 0 0 0 0 0 0 0 0 0                 
point3 682.00099992752 -3963055.0261 3352169.9112 3694101.5702 0 0 0 0 0 0 0 0 0                 
point3 682.2009999752 -3963055.0261 3352169.9112 3694101.5702 0 0 0 0 0 0 0 0 0                 
point3 682.40100002289 -3963055.026101 3352169.911201 3694101.5703 0 0 0 0 0 0 0 0 0                 
point3 682.60100007057 -3963055.0262 3352169.911299 3694101.5703 0 0 0 0 0 0 0 0 0                 
point3 682.80099987984 -3963055.026101 3352169.9113 3694101.570201 0 0 0 0 0 0 0 0 0                 
point3 683.00099992752 -3963055.0262 3352169.911201 3694101.5703 0 0 0 0 0 0 0 0 0                 
point3 683.2009999752 -3963055.0262 3352169.9113 3694101.5703 0 0 0 0 0 0 0 0 0                 
point3 683.40100002289 -3963055.026101 3352169.9113 3694101.570201 0 0 0 0 0 0 0 0 0                 
point3 683.60100007057 -3963055.0262 3352169.911299 3694101.5703 0 0 0 0 0 0 0 0 0                 
point3 683.80099987984 -3963055.026101 3352169.911201 3694101.570201 0 0 0 0 0 0 0 0 0                 
point3 684.00099992752 -3963055.026101 3352169.9112 3694101.570201 0 0 0 0 0 0 0 0 0                 
point3 684.2009999752 -3963055.026199 3352169.911299 3694101.5703 0 0 0 0 0 0 0 0 0                 
point3 684.40100002289 -3963055.0262 3352169.9113 3694101.5703 0 0 0 0 0 0 0 0 0                 
point3 684.60100007057 -3963055.026199 3352169.911201 3694101.570299 0 0 0 0 0 0 0 0 0                 
point3 684.80099987984 -3963055.0262 3352169.9113 3694101.5703 0 0 0 0 0 0 0 0 0                 
point3 685.00099992752 -3963055.026199 3352169.911299 3694101.5703 0 0 0 0 0 0 0 0 0                 
point3 685.2009999752 -3963055.026199 3352169.9113 3694101.5703 0 0 0 0 0 0 0 0 0                 
point3 685.40100002289 -3963055.0262 3352169.9113 3694101.5703 0 0 0 0 0 0 0 0 0                 
point3 685.60100007057 -3963055.0262 3352169.9113 3694101.5703 0 0 0 0 0 0 0 0 0                 
point3 685.80099987984 -3963055.026199 3352169.911299 3694101.570299 0 0 0 0 0 0 0 0 0                 
point3 686.00099992752 -3963055.0262 3352169.9113 3694101.5703 0 0 0 0 0 0 0 0 0                 
point3 686.2009999752 -3963055.0261 3352169.911201 3694101.5702 0 0 0 0 0 0 0 0 0                 
point3 686.40100002289 -3963055.026101 3352169.9113 3694101.570201 0 0 0 0 0 0 0 0 0                 
point3 686.60100007057 -3963055.0261 3352169.9113 3694101.5702 0 0 0 0 0 0 0 0 0                 
point3 686.80099987984 -3963055.0261 3352169.9113 3694101.5702 0 0 0 0 0 0 0 0 0                 
point3 687.00099992752 -3963055.0261 3352169.9113 3694101.5702 0 0 0 0 0 0 0 0 0                 
point3 687.2009999752 -3963055.0261 3352169.9113 3694101.5702 0 0 0 0 0 0 0 0 0                 
point3 687.40100002289 -3963055.0261 3352169.9113 3694101.5702 0 0 0 0 0 0 0 0 0                 
point3 687.60100007057 -3963055.0261 3352169.9113 3694101.5702 0 0 0 0 0 0 0 0 0                 
point3 687.80099987984 -3963055.0261 3352169.9113 3694101.5702 0 0 0 0 0 0 0 0 0                 
point3 688.00099992752 -3963055.0261 3352169.9113 3694101.5702 0 0 0 0 0 0 0 0 0                 
point3 688.2009999752 -3963055.0261 3352169.9113 3694101.5702 0 0 0 0 0 0 0 0 0                 
point3 688.40100002289 -3963055.0261 3352169.9113 3694101.5702 0 0 0 0 0 0 0 0 0                 
point3 688.60100007057 -3963055.0261 3352169.9113 3694101.5702 0 0 0 0 0 0 0 0 0                 
point3 688.80099987984 -3963055.0261 3352169.9113 3694101.5702 0 0 0 0 0 0 0 0 0                 
point3 689.00099992752 -3963055.026101 3352169.9113 3694101.570201 0 0 0 0 0 0 0 0 0                 
point3 689.2009999752 -3963055.0261 3352169.9113 3694101.5702 0 0 0 0 0 0 0 0 0                 
point3 689.40100002289 -3963055.0261 3352169.9113 3694101.5702 0 0 0 0 0 0 0 0 0                 
point3 689.60100007057 -3963055.0261 3352169.9113 3694101.570299 0 0 0 0 0 0 0 0 0                 
point3 689.80099987984 -3963055.0261 3352169.9113 3694101.570299 0 0 0 0 0 0 0 0 0                 
point3 690.00099992752 -3963055.0261 3352169.911299 3694101.5702 0 0 0 0 0 0 0 0 0                 
point3 690.2009999752 -3963055.026101 3352169.9113 3694101.570201 0 0 0 0 0 0 0 0 0                 
point3 690.40100002289 -3963055.0261 3352169.9113 3694101.5702 0 0 0 0 0 0 0 0 0                 
point3 690.60100007057 -3963055.0261 3352169.911201 3694101.5702 0 0 0 0 0 0 0 0 0                 
point3 690.80099987984 -3963055.026101 3352169.9113 3694101.570201 0 0 0 0 0 0 0 0 0                 
point3 691.00099992752 -3963055.0261 3352169.911299 3694101.5702 0 0 0 0 0 0 0 0 0                 
point3 691.2009999752 -3963055.0261 3352169.9113 3694101.5702 0 0 0 0 0 0 0 0 0                 
point3 691.40100002289 -3963055.0261 3352169.911201 3694101.5702 0 0 0 0 0 0 0 0 0                 
point3 691.60100007057 -3963055.0261 3352169.9113 3694101.5702 0 0 0 0 0 0 0 0 0                 
point3 691.80099987984 -3963055.026199 3352169.9113 3694101.5702 0 0 0 0 0 0 0 0 0                 
point3 692.00099992752 -3963055.0261 3352169.9113 3694101.5702 0 0 0 0 0 0 0 0 0                 
point3 692.2009999752 -3963055.0261 3352169.9113 3694101.5702 0 0 0 0 0 0 0 0 0                 
point3 692.40100002289 -3963055.0261 3352169.911201 3694101.5702 0 0 0 0 0 0 0 0 0                 
point3 692.60100007057 -3963055.0261 3352169.911299 3694101.5702 0 0 0 0 0 0 0 0 0                 
point3 692.80099987984 -3963055.026101 3352169.9113 3694101.570201 0 0 0 0 0 0 0 0 0                 
point3 693.00099992752 -3963055.0261 3352169.911299 3694101.5702 0 0 0 0 0 0 0 0 0                 
point3 693.2009999752 -3963055.026101 3352169.9113 3694101.570201 0 0 0 0 0 0 0 0 0                 
point3 693.40100002289 -3963055.0261 3352169.9113 3694101.5702 0 0 0 0 0 0 0 0 0                 
point3 693.60100007057 -3963055.026101 3352169.9113 3694101.570201 0 0 0 0 0 0 0 0 0                 
point3 693.80099987984 -3963055.0261 3352169.9113 3694101.5702 0 0 0 0 0 0 0 0 0                 
point3 694.00099992752 -3963055.0261 3352169.9113 3694101.5702 0 0 0 0 0 0 0 0 0                 
point3 694.2009999752 -3963055.0261 3352169.911201 3694101.5702 0 0 0 0 0 0 0 0 0                 
point3 694.40100002289 -3963055.0261 3352169.9113 3694101.5702 0 0 0 0 0 0 0 0 0                 
point3 694.60100007057 -3963055.0261 3352169.911201 3694101.5702 0 0 0 0 0 0 0 0 0                 
point3 694.80099987984 -3963055.0261 3352169.9113 3694101.5702 0 0 0 0 0 0 0 0 0                 
point3 695.00099992752 -3963055.0261 3352169.9113 3694101.5702 0 0 0 0 0 0 0 0 0                 
point3 695.2009999752 -3963055.0261 3352169.9113 3694101.5702 0 0 0 0 0 0 0 0 0                 
point3 695.40100002289 -3963055.0261 3352169.9112 3694101.5702 0 0 0 0 0 0 0 0 0                 
point3 695.60100007057 -3963055.0261 3352169.9113 3694101.5702 0 0 0 0 0 0 0 0 0                 
point3 695.80099987984 -3963055.026099 3352169.9113 3694101.570199 0 0 0 0 0 0 0 0 0                 
point3 696.00099992752 -3963055.025798 3352169.911501 3694101.570099 0 0 0 0 0 0 0 0 0                 
point3 696.2009999752 -3963055.025713 3352169.911595 3694101.569685 0 0 0 0 0 0 0 0 0                 
point3 696.40100002289 -3963055.029646 3352169.910194 3694101.564956 0 0 0 0 0 0 0 0 0                 
point3 696.60100007057 -3963055.040272 3352169.908892 3694101.554933 0 0 0 0 0 0 0 0 0                 
point3 696.80099987984 -3963055.056017 3352169.90709 3694101.540191 0 0 0 0 0 0 0 0 0                 
point3 697.00099992752 -3963055.086199 3352169.904775 3694101.512736 0 0 0 0 0 0 0 0 0                 
point3 697.2009999752 -3963055.16203 3352169.897118 3694101.445634 0 0 0 0 0 0 0 0 0                 
point3 697.40100002289 -3963055.3062762 3352169.876944 3694101.3154059 0 0 0 0 0 0 0 0 0                 
point3 697.60100007057 -3963055.5167582 3352169.842897 3694101.1225468 0 0 0 0 0 0 0 0 0                 
point3 697.80099987984 -3963055.7809939 3352169.800567 3694100.8807371 0 0 0 0 0 0 0 0 0                 
point3 698.00099992752 -3963056.0902949 3352169.752341 3694100.5990851 0 0 0 0 0 0 0 0 0                 
point3 698.2009999752 -3963056.4395019 3352169.699386 3694100.2873451 0 0 0 0 0 0 0 0 0                 
point3 698.40100002289 -3963056.8291803 3352169.6348799 3694099.9245807 0 0 0 0 0 0 0 0 0                 
point3 698.60100007057 -3963057.2542584 3352169.5707569 3694099.5345447 0 0 0 0 0 0 0 0 0                 
point3 698.80099987984 -3963057.7138148 3352169.50104 3694099.1168112 0 0 0 0 0 0 0 0 0                 
point3 699.00099992752 -3963058.2058848 3352169.427704 3694098.6717832 0 0 0 0 0 0 0 0 0                 
point3 699.2009999752 -3963058.7264818 3352169.345565 3694098.2026632 0 0 0 0 0 0 0 0 0                 
point3 699.40100002289 -3963059.2728865 3352169.2592699 3694097.7053716 0 0 0 0 0 0 0 0 0                 
point3 699.60100007057 -3963059.8582265 3352169.1728549 3694097.1722475 0 0 0 0 0 0 0 0 0                 
point3 699.80099987984 -3963060.4700748 3352169.08141 3694096.6154192 0 0 0 0 0 0 0 0 0                 
point3 700.00099992752 -3963061.1139258 3352168.982725 3694096.0321032 0 0 0 0 0 0 0 0 0                 
point3 700.2009999752 -3963061.7850578 3352168.888824 3694095.4244022 0 0 0 0 0 0 0 0 0                 
point3 700.40100002289 -3963062.4883726 3352168.7881169 3694094.7754974 0 0 0 0 0 0 0 0 0                 
point3 700.60100007057 -3963063.2309486 3352168.6711319 3694094.0825364 0 0 0 0 0 0 0 0 0                 
point3 700.80099987984 -3963064.0028927 3352168.561757 3694093.3699383 0 0 0 0 0 0 0 0 0                 
point3 701.00099992752 -3963064.7826257 3352168.447682 3694092.6549463 0 0 0 0 0 0 0 0 0                 
point3 701.2009999752 -3963065.5751437 3352168.328542 3694091.9146763 0 0 0 0 0 0 0 0 0                 
point3 701.40100002289 -3963066.4154057 3352168.2175469 3694091.1412253 0 0 0 0 0 0 0 0 0                 
point3 701.60100007057 -3963067.2797977 3352168.1060259 3694090.3413253 0 0 0 0 0 0 0 0 0                 
point3 701.80099987984 -3963068.1665447 3352167.991234 3694089.5193853 0 0 0 0 0 0 0 0 0                 
point3 702.00099992752 -3963069.0817647 3352167.878935 3694088.6698783 0 0 0 0 0 0 0 0 0                 
point3 702.2009999752 -3963070.0211857 3352167.763188 3694087.8008763 0 0 0 0 0 0 0 0 0                 
point3 702.40100002289 -3963070.9846018 3352167.6388669 3694086.9104673 0 0 0 0 0 0 0 0 0                 
point3 702.60100007057 -3963071.9694808 3352167.5109399 3694085.9993792 0 0 0 0 0 0 0 0 0                 
point3 702.80099987984 -3963072.9691496 3352167.376901 3694085.0709983 0 0 0 0 0 0 0 0 0                 
point3 703.00099992752 -3963073.9819146 3352167.2358661 3694084.1288583 0 0 0 0 0 0 0 0 0                 
point3 703.2009999752 -3963075.0060456 3352167.0899571 3694083.1775053 0 0 0 0 0 0 0 0 0                 
point3 703.40100002289 -3963076.0393099 3352166.9374109 3694082.2135992 0 0 0 0 0 0 0 0 0                 
point3 703.60100007057 -3963077.0844699 3352166.7809279 3694081.2318512 0 0 0 0 0 0 0 0 0                 
point3 703.80099987984 -3963078.1404326 3352166.6238661 3694080.2369594 0 0 0 0 0 0 0 0 0                 
point3 704.00099992752 -3963079.2131466 3352166.4573751 3694079.2251084 0 0 0 0 0 0 0 0 0                 
point3 704.2009999752 -3963080.3059106 3352166.2900301 3694078.2006964 0 0 0 0 0 0 0 0 0                 
point3 704.40100002289 -3963081.4132169 3352166.1161119 3694077.1574411 0 0 0 0 0 0 0 0 0                 
point3 704.60100007057 -3963082.5408929 3352165.9356328 3694076.1031161 0 0 0 0 0 0 0 0 0                 
point3 704.80099987984 -3963083.6823656 3352165.7454931 3694075.0294154 0 0 0 0 0 0 0 0 0                 
point3 705.00099992752 -3963084.8362096 3352165.5603381 3694073.9684124 0 0 0 0 0 0 0 0 0                 
point3 705.2009999752 -3963086.0073476 3352165.3695291 3694072.8854524 0 0 0 0 0 0 0 0 0                 
point3 705.40100002289 -3963087.194825 3352165.1734938 3694071.7950371 0 0 0 0 0 0 0 0 0                 
point3 705.60100007057 -3963088.381985 3352164.9705848 3694070.7003001 0 0 0 0 0 0 0 0 0                 
point3 705.80099987984 -3963089.5836736 3352164.7665761 3694069.5967634 0 0 0 0 0 0 0 0 0                 
point3 706.00099992752 -3963090.8027386 3352164.5618751 3694068.4902184 0 0 0 0 0 0 0 0 0                 
point3 706.2009999752 -3963092.0345316 3352164.3569801 3694067.3695314 0 0 0 0 0 0 0 0 0                 
point3 706.40100002289 -3963093.285527 3352164.1516658 3694066.2292541 0 0 0 0 0 0 0 0 0                 
point3 706.60100007057 -3963094.5548051 3352163.9438648 3694065.07657 0 0 0 0 0 0 0 0 0                 
point3 706.80099987984 -3963095.8409255 3352163.7372661 3694063.9040234 0 0 0 0 0 0 0 0 0                 
point3 707.00099992752 -3963097.1533455 3352163.5297651 3694062.7037324 0 0 0 0 0 0 0 0 0                 
point3 707.2009999752 -3963098.4861075 3352163.3225501 3694061.4867324 0 0 0 0 0 0 0 0 0                 
point3 707.40100002289 -3963099.8341311 3352163.1116498 3694060.248431 0 0 0 0 0 0 0 0 0                 
point3 707.60100007057 -3963101.2049191 3352162.9023708 3694058.989033 0 0 0 0 0 0 0 0 0                 
point3 707.80099987984 -3963102.5935085 3352162.6953691 3694057.7093025 0 0 0 0 0 0 0 0 0                 
point3 708.00099992752 -3963104.0002925 3352162.4906851 3694056.4044945 0 0 0 0 0 0 0 0 0                 
point3 708.2009999752 -3963105.4234905 3352162.2882711 3694055.0782875 0 0 0 0 0 0 0 0 0                 
point3 708.40100002289 -3963106.8671992 3352162.0806278 3694053.7322179 0 0 0 0 0 0 0 0 0                 
point3 708.60100007057 -3963108.3300492 3352161.8667428 3694052.3739549 0 0 0 0 0 0 0 0 0                 
point3 708.80099987984 -3963109.8029145 3352161.6560651 3694051.0013775 0 0 0 0 0 0 0 0 0                 
point3 709.00099992752 -3963111.2877535 3352161.4513001 3694049.6129235 0 0 0 0 0 0 0 0 0                 
point3 709.2009999752 -3963112.7808005 3352161.2515981 3694048.2154565 0 0 0 0 0 0 0 0 0                 
point3 709.40100002289 -3963114.2845642 3352161.0513008 3694046.8047278 0 0 0 0 0 0 0 0 0                 
point3 709.60100007057 -3963115.7995033 3352160.8506078 3694045.3885668 0 0 0 0 0 0 0 0 0                 
point3 709.80099987984 -3963117.3225575 3352160.6523081 3694043.9594255 0 0 0 0 0 0 0 0 0                 
point3 710.00099992752 -3963118.8567044 3352160.4538001 3694042.5215555 0 0 0 0 0 0 0 0 0                 
point3 710.2009999752 -3963120.4002464 3352160.2527761 3694041.0689915 0 0 0 0 0 0 0 0 0                 
point3 710.40100002289 -3963121.9515783 3352160.0467658 3694039.6075838 0 0 0 0 0 0 0 0 0                 
point3 710.60100007057 -3963123.5095363 3352159.8405848 3694038.1426238 0 0 0 0 0 0 0 0 0                 
point3 710.80099987984 -3963125.0800994 3352159.6382921 3694036.6627475 0 0 0 0 0 0 0 0 0                 
point3 711.00099992752 -3963126.6604204 3352159.4359751 3694035.1675015 0 0 0 0 0 0 0 0 0                 
point3 711.2009999752 -3963128.2470794 3352159.2287331 3694033.6686045 0 0 0 0 0 0 0 0 0                 
point3 711.40100002289 -3963129.8481763 3352159.0143028 3694032.1674718 0 0 0 0 0 0 0 0 0                 
point3 711.60100007057 -3963131.4666283 3352158.7930738 3694030.6608408 0 0 0 0 0 0 0 0 0                 
point3 711.80099987984 -3963133.0936654 3352158.5664481 3694029.1460905 0 0 0 0 0 0 0 0 0                 
point3 712.00099992752 -3963134.7290104 3352158.3348291 3694027.6221615 0 0 0 0 0 0 0 0 0                 
point3 712.2009999752 -3963136.3732564 3352158.0984891 3694026.0896796 0 0 0 0 0 0 0 0 0                 
point3 712.40100002289 -3963138.0255824 3352157.8555708 3694024.5462077 0 0 0 0 0 0 0 0 0                 
point3 712.60100007057 -3963139.6850654 3352157.6077298 3694023.0045387 0 0 0 0 0 0 0 0 0                 
point3 712.80099987984 -3963141.3624244 3352157.3507861 3694021.4527366 0 0 0 0 0 0 0 0 0                 
point3 713.00099992752 -3963143.0488454 3352157.0876771 3694019.9020186 0 0 0 0 0 0 0 0 0                 
point3 713.2009999752 -3963144.7404844 3352156.8237061 3694018.3401186 0 0 0 0 0 0 0 0 0                 
point3 713.40100002289 -3963146.4385014 3352156.5643838 3694016.7639177 0 0 0 0 0 0 0 0 0                 
point3 713.60100007057 -3963148.1385184 3352156.2996688 3694015.1831617 0 0 0 0 0 0 0 0 0                 
point3 713.80099987984 -3963149.8439344 3352156.0329821 3694013.5986866 0 0 0 0 0 0 0 0 0                 
point3 714.00099992752 -3963151.5527854 3352155.7702881 3694012.0129376 0 0 0 0 0 0 0 0 0                 
point3 714.2009999752 -3963153.2723994 3352155.5075891 3694010.4212316 0 0 0 0 0 0 0 0 0                 
point3 714.40100002289 -3963154.9918854 3352155.2481468 3694008.8254767 0 0 0 0 0 0 0 0 0                 
point3 714.60100007057 -3963156.7078794 3352155.0010118 3694007.2175077 0 0 0 0 0 0 0 0 0                 
point3 714.80099987984 -3963158.4239664 3352154.7649561 3694005.5970416 0 0 0 0 0 0 0 0 0                 
point3 715.00099992752 -3963160.1366474 3352154.5392061 3694003.9621856 0 0 0 0 0 0 0 0 0                 
point3 715.2009999752 -3963161.8477614 3352154.3210311 3694002.3189666 0 0 0 0 0 0 0 0 0                 
point3 715.40100002289 -3963163.5620054 3352154.1071088 3694000.6736037 0 0 0 0 0 0 0 0 0                 
point3 715.60100007057 -3963165.2853344 3352153.8851568 3693999.0345067 0 0 0 0 0 0 0 0 0                 
point3 715.80099987984 -3963167.0090674 3352153.6585801 3693997.3992396 0 0 0 0 0 0 0 0 0                 
point3 716.00099992752 -3963168.7213514 3352153.4349811 3693995.7659426 0 0 0 0 0 0 0 0 0                 
point3 716.2009999752 -3963170.4305224 3352153.2099491 3693994.1357696 0 0 0 0 0 0 0 0 0                 
point3 716.40100002289 -3963172.1321584 3352152.9784318 3693992.5122407 0 0 0 0 0 0 0 0 0                 
point3 716.60100007057 -3963173.8209984 3352152.7435198 3693990.9060987 0 0 0 0 0 0 0 0 0                 
point3 716.80099987984 -3963175.4988554 3352152.5080291 3693989.3127286 0 0 0 0 0 0 0 0 0                 
point3 717.00099992752 -3963177.1674114 3352152.2727211 3693987.7402746 0 0 0 0 0 0 0 0 0                 
point3 717.2009999752 -3963178.8272544 3352152.0359861 3693986.1771256 0 0 0 0 0 0 0 0 0                 
point3 717.40100002289 -3963180.4725473 3352151.7949108 3693984.6266207 0 0 0 0 0 0 0 0 0                 
point3 717.60100007057 -3963182.0988103 3352151.5572028 3693983.0927487 0 0 0 0 0 0 0 0 0                 
point3 717.80099987984 -3963183.7183434 3352151.3194151 3693981.5671385 0 0 0 0 0 0 0 0 0                 
point3 718.00099992752 -3963185.3232814 3352151.0818001 3693980.0593265 0 0 0 0 0 0 0 0 0                 
point3 718.2009999752 -3963186.9180424 3352150.8410981 3693978.5691005 0 0 0 0 0 0 0 0 0                 
point3 718.40100002289 -3963188.5044173 3352150.5995898 3693977.0902248 0 0 0 0 0 0 0 0 0                 
point3 718.60100007057 -3963190.0875443 3352150.3568588 3693975.6139608 0 0 0 0 0 0 0 0 0                 
point3 718.80099987984 -3963191.6815434 3352150.1073281 3693974.1226995 0 0 0 0 0 0 0 0 0                 
point3 719.00099992752 -3963193.2952514 3352149.8506961 3693972.6182175 0 0 0 0 0 0 0 0 0                 
point3 719.2009999752 -3963194.9315484 3352149.5883681 3693971.0963796 0 0 0 0 0 0 0 0 0                 
point3 719.40100002289 -3963196.5856064 3352149.3216708 3693969.5512707 0 0 0 0 0 0 0 0 0                 
point3 719.60100007057 -3963198.2509134 3352149.0546358 3693968.0031797 0 0 0 0 0 0 0 0 0                 
point3 719.80099987984 -3963199.9398064 3352148.7820161 3693966.4362026 0 0 0 0 0 0 0 0 0                 
point3 720.00099992752 -3963201.6432294 3352148.5037061 3693964.8526456 0 0 0 0 0 0 0 0 0                 
point3 720.2009999752 -3963203.3514244 3352148.2235611 3693963.2604886 0 0 0 0 0 0 0 0 0                 
point3 720.40100002289 -3963205.0842624 3352147.9354528 3693961.6538437 0 0 0 0 0 0 0 0 0                 
point3 720.60100007057 -3963206.8396315 3352147.6473068 3693960.0387657 0 0 0 0 0 0 0 0 0                 
point3 720.80099987984 -3963208.6124794 3352147.3698081 3693958.4083426 0 0 0 0 0 0 0 0 0                 
point3 721.00099992752 -3963210.4151694 3352147.0902611 3693956.7491036 0 0 0 0 0 0 0 0 0                 
point3 721.2009999752 -3963212.2284584 3352146.7989321 3693955.0615286 0 0 0 0 0 0 0 0 0                 
point3 721.40100002289 -3963214.0416445 3352146.5068498 3693953.3663606 0 0 0 0 0 0 0 0 0                 
point3 721.60100007057 -3963215.8793835 3352146.2169378 3693951.6548966 0 0 0 0 0 0 0 0 0                 
point3 721.80099987984 -3963217.7364723 3352145.9236161 3693949.9306016 0 0 0 0 0 0 0 0 0                 
point3 722.00099992752 -3963219.5910973 3352145.6265181 3693948.1895026 0 0 0 0 0 0 0 0 0                 
point3 722.2009999752 -3963221.4549873 3352145.3283081 3693946.4429926 0 0 0 0 0 0 0 0 0                 
point3 722.40100002289 -3963223.3333055 3352145.0323218 3693944.6810705 0 0 0 0 0 0 0 0 0                 
point3 722.60100007057 -3963225.2161486 3352144.7384518 3693942.9162946 0 0 0 0 0 0 0 0 0                 
point3 722.80099987984 -3963227.1119433 3352144.4460311 3693941.1538416 0 0 0 0 0 0 0 0 0                 
point3 723.00099992752 -3963229.0212473 3352144.1534351 3693939.3822566 0 0 0 0 0 0 0 0 0                 
point3 723.2009999752 -3963230.9300523 3352143.8596321 3693937.6061666 0 0 0 0 0 0 0 0 0                 
point3 723.40100002289 -3963232.8400396 3352143.5675488 3693935.8186315 0 0 0 0 0 0 0 0 0                 
point3 723.60100007057 -3963234.7484226 3352143.2768688 3693934.0234625 0 0 0 0 0 0 0 0 0                 
point3 723.80099987984 -3963236.6530343 3352142.9909651 3693932.2196126 0 0 0 0 0 0 0 0 0                 
point3 724.00099992752 -3963238.5624013 3352142.7041491 3693930.4211396 0 0 0 0 0 0 0 0 0                 
point3 724.2009999752 -3963240.4854393 3352142.4134351 3693928.6302206 0 0 0 0 0 0 0 0 0                 
point3 724.40100002289 -3963242.4145356 3352142.1199368 3693926.8335795 0 0 0 0 0 0 0 0 0                 
point3 724.60100007057 -3963244.3393096 3352141.8283558 3693925.0276655 0 0 0 0 0 0 0 0 0                 
point3 724.80099987984 -3963246.2624443 3352141.5385411 3693923.2206656 0 0 0 0 0 0 0 0 0                 
point3 725.00099992752 -3963248.1919573 3352141.2485701 3693921.4142776 0 0 0 0 0 0 0 0 0                 
point3 725.2009999752 -3963250.1243773 3352140.9636991 3693919.6081646 0 0 0 0 0 0 0 0 0                 
point3 725.40100002289 -3963252.0613156 3352140.6832818 3693917.8007705 0 0 0 0 0 0 0 0 0                 
point3 725.60100007057 -3963254.0043106 3352140.3982598 3693915.9933405 0 0 0 0 0 0 0 0 0                 
point3 725.80099987984 -3963255.9452973 3352140.1104531 3693914.1845686 0 0 0 0 0 0 0 0 0                 
point3 726.00099992752 -3963257.8867283 3352139.8190301 3693912.3766716 0 0 0 0 0 0 0 0 0                 
point3 726.2009999752 -3963259.8320113 3352139.5248261 3693910.5707446 0 0 0 0 0 0 0 0 0                 
point3 726.40100002289 -3963261.7748366 3352139.2306268 3693908.7646675 0 0 0 0 0 0 0 0 0                 
point3 726.60100007057 -3963263.7261236 3352138.9329777 3693906.9767285 0 0 0 0 0 0 0 0 0                 
point3 726.80099987984 -3963265.6894603 3352138.6279851 3693905.1825146 0 0 0 0 0 0 0 0 0                 
point3 727.00099992752 -3963267.6380163 3352138.3263061 3693903.3829476 0 0 0 0 0 0 0 0 0                 
point3 727.2009999752 -3963269.5822323 3352138.0273961 3693901.5708896 0 0 0 0 0 0 0 0 0                 
point3 727.40100002289 -3963271.5290476 3352137.7247607 3693899.7731335 0 0 0 0 0 0 0 0 0                 
point3 727.60100007057 -3963273.4800456 3352137.4147457 3693897.9821715 0 0 0 0 0 0 0 0 0                 
point3 727.80099987984 -3963275.4248723 3352137.1055721 3693896.1982236 0 0 0 0 0 0 0 0 0                 
point3 728.00099992752 -3963277.3555883 3352136.8019121 3693894.4278176 0 0 0 0 0 0 0 0 0                 
point3 728.2009999752 -3963279.2674583 3352136.5051391 3693892.6755056 0 0 0 0 0 0 0 0 0                 
point3 728.40100002289 -3963281.1505945 3352136.2141658 3693890.9425326 0 0 0 0 0 0 0 0 0                 
point3 728.60100007057 -3963283.0012465 3352135.9286878 3693889.2336326 0 0 0 0 0 0 0 0 0                 
point3 728.80099987984 -3963284.8229884 3352135.6481181 3693887.5515226 0 0 0 0 0 0 0 0 0                 
point3 729.00099992752 -3963286.6137474 3352135.3719321 3693885.9018566 0 0 0 0 0 0 0 0 0                 
point3 729.2009999752 -3963288.3734534 3352135.1002691 3693884.2817416 0 0 0 0 0 0 0 0 0                 
point3 729.40100002289 -3963290.0929504 3352134.8369228 3693882.6974967 0 0 0 0 0 0 0 0 0                 
point3 729.60100007057 -3963291.7733824 3352134.5823178 3693881.1449957 0 0 0 0 0 0 0 0 0                 
point3 729.80099987984 -3963293.4193884 3352134.3246951 3693879.6356435 0 0 0 0 0 0 0 0 0                 
point3 730.00099992752 -3963295.0280054 3352134.0622741 3693878.1755365 0 0 0 0 0 0 0 0 0                 
point3 730.2009999752 -3963296.6004084 3352133.7972821 3693876.7527295 0 0 0 0 0 0 0 0 0                 
point3 730.40100002289 -3963298.1308902 3352133.5348968 3693875.3690269 0 0 0 0 0 0 0 0 0                 
point3 730.60100007057 -3963299.6181912 3352133.2754068 3693874.0242149 0 0 0 0 0 0 0 0 0                 
point3 730.80099987984 -3963301.0661785 3352133.0172181 3693872.7176015 0 0 0 0 0 0 0 0 0                 
point3 731.00099992752 -3963302.4706525 3352132.7609371 3693871.4486314 0 0 0 0 0 0 0 0 0                 
point3 731.2009999752 -3963303.8288205 3352132.5105931 3693870.2271944 0 0 0 0 0 0 0 0 0                 
point3 731.40100002289 -3963305.1407881 3352132.2722778 3693869.0538631 0 0 0 0 0 0 0 0 0                 
point3 731.60100007057 -3963306.407761 3352132.0508428 3693867.9194061 0 0 0 0 0 0 0 0 0                 
point3 731.80099987984 -3963307.6272006 3352131.8407801 3693866.8292864 0 0 0 0 0 0 0 0 0                 
point3 732.00099992752 -3963308.7942406 3352131.6389311 3693865.7771044 0 0 0 0 0 0 0 0 0                 
point3 732.2009999752 -3963309.9096946 3352131.4457551 3693864.7669183 0 0 0 0 0 0 0 0 0                 
point3 732.40100002289 -3963310.9760508 3352131.2588899 3693863.8031652 0 0 0 0 0 0 0 0 0                 
point3 732.60100007057 -3963311.9928048 3352131.0801309 3693862.8879613 0 0 0 0 0 0 0 0 0                 
point3 732.80099987984 -3963312.9622877 3352130.9084841 3693862.0108743 0 0 0 0 0 0 0 0 0                 
point3 733.00099992752 -3963313.8888607 3352130.7475331 3693861.1758743 0 0 0 0 0 0 0 0 0                 
point3 733.2009999752 -3963314.7690447 3352130.5974891 3693860.3795463 0 0 0 0 0 0 0 0 0                 
point3 733.40100002289 -3963315.6090697 3352130.4566179 3693859.6162934 0 0 0 0 0 0 0 0 0                 
point3 733.60100007057 -3963316.4132816 3352130.3235619 3693858.8852884 0 0 0 0 0 0 0 0 0                 
point3 733.80099987984 -3963317.1796827 3352130.195963 3693858.1911472 0 0 0 0 0 0 0 0 0                 
point3 734.00099992752 -3963317.9059918 3352130.070288 3693857.5309362 0 0 0 0 0 0 0 0 0                 
point3 734.2009999752 -3963318.5961178 3352129.948708 3693856.9082302 0 0 0 0 0 0 0 0 0                 
point3 734.40100002289 -3963319.2490135 3352129.8327489 3693856.3227875 0 0 0 0 0 0 0 0 0                 
point3 734.60100007057 -3963319.8622345 3352129.7234729 3693855.7680426 0 0 0 0 0 0 0 0 0                 
point3 734.80099987984 -3963320.4408718 3352129.619103 3693855.2448142 0 0 0 0 0 0 0 0 0                 
point3 735.00099992752 -3963320.9866928 3352129.521235 3693854.7563782 0 0 0 0 0 0 0 0 0                 
point3 735.2009999752 -3963321.4942898 3352129.430578 3693854.2995342 0 0 0 0 0 0 0 0 0                 
point3 735.40100002289 -3963321.9628024 3352129.3484279 3693853.8736847 0 0 0 0 0 0 0 0 0                 
point3 735.60100007057 -3963322.3953553 3352129.2761589 3693853.4789167 0 0 0 0 0 0 0 0 0                 
point3 735.80099987984 -3963322.8003329 3352129.208987 3693853.1077151 0 0 0 0 0 0 0 0 0                 
point3 736.00099992752 -3963323.1810189 3352129.147711 3693852.7568331 0 0 0 0 0 0 0 0 0                 
point3 736.2009999752 -3963323.5390019 3352129.09053 3693852.4288441 0 0 0 0 0 0 0 0 0                 
point3 736.40100002289 -3963323.8726723 3352129.039073 3693852.1223288 0 0 0 0 0 0 0 0 0                 
point3 736.60100007057 -3963324.1825032 3352128.994071 3693851.8312938 0 0 0 0 0 0 0 0 0                 
point3 736.80099987984 -3963324.4801429 3352128.948788 3693851.5528551 0 0 0 0 0 0 0 0 0                 
point3 737.00099992752 -3963324.7654759 3352128.907403 3693851.2858981 0 0 0 0 0 0 0 0 0                 
point3 737.2009999752 -3963325.0378209 3352128.86851 3693851.0292791 0 0 0 0 0 0 0 0 0                 
point3 737.40100002289 -3963325.2985402 3352128.830622 3693850.7888448 0 0 0 0 0 0 0 0 0                 
point3 737.60100007057 -3963325.5424622 3352128.796549 3693850.5608018 0 0 0 0 0 0 0 0 0                 
point3 737.80099987984 -3963325.7711879 3352128.766653 3693850.3447761 0 0 0 0 0 0 0 0 0                 
point3 738.00099992752 -3963325.9851169 3352128.737159 3693850.1437441 0 0 0 0 0 0 0 0 0                 
point3 738.2009999752 -3963326.1846419 3352128.709978 3693849.9555011 0 0 0 0 0 0 0 0 0                 
point3 738.40100002289 -3963326.3694721 3352128.686389 3693849.7791699 0 0 0 0 0 0 0 0 0                 
point3 738.60100007057 -3963326.5398951 3352128.664803 3693849.6170419 0 0 0 0 0 0 0 0 0                 
point3 738.80099987984 -3963326.6954259 3352128.646013 3693849.468506 0 0 0 0 0 0 0 0 0                 
point3 739.00099992752 -3963326.837467 3352128.628514 3693849.333171 0 0 0 0 0 0 0 0 0                 
point3 739.2009999752 -3963326.967909 3352128.611723 3693849.210123 0 0 0 0 0 0 0 0 0                 
point3 739.40100002289 -3963327.0867531 3352128.596731 3693849.0973739 0 0 0 0 0 0 0 0 0                 
point3 739.60100007057 -3963327.1943931 3352128.58344 3693848.9948289 0 0 0 0 0 0 0 0 0                 
point3 739.80099987984 -3963327.290133 3352128.57185 3693848.903483 0 0 0 0 0 0 0 0 0                 
point3 740.00099992752 -3963327.373673 3352128.562458 3693848.822938 0 0 0 0 0 0 0 0 0                 
point3 740.2009999752 -3963327.44572 3352128.553958 3693848.753798 0 0 0 0 0 0 0 0 0                 
point3 740.40100002289 -3963327.506863 3352128.545868 3693848.69605 0 0 0 0 0 0 0 0 0                 
point3 740.60100007057 -3963327.55651 3352128.539976 3693848.648498 0 0 0 0 0 0 0 0 0                 
point3 740.80099987984 -3963327.596167 3352128.535481 3693848.610341 0 0 0 0 0 0 0 0 0                 
point3 741.00099992752 -3963327.627632 3352128.531987 3693848.580172 0 0 0 0 0 0 0 0 0                 
point3 741.2009999752 -3963327.652399 3352128.529389 3693848.555905 0 0 0 0 0 0 0 0 0                 
point3 741.40100002289 -3963327.670265 3352128.527393 3693848.538533 0 0 0 0 0 0 0 0 0                 
point3 741.60100007057 -3963327.681409 3352128.5262 3693848.527191 0 0 0 0 0 0 0 0 0                 
point3 741.80099987984 -3963327.6823 3352128.526201 3693848.5263 0 0 0 0 0 0 0 0 0                 
point3 742.00099992752 -3963327.682706 3352128.526605 3693848.526705 0 0 0 0 0 0 0 0 0                 
point3 742.2009999752 -3963327.683297 3352128.527098 3693848.527198 0 0 0 0 0 0 0 0 0                 
point3 742.40100002289 -3963327.683102 3352128.527 3693848.527101 0 0 0 0 0 0 0 0 0                 
point3 742.60100007057 -3963327.683199 3352128.527099 3693848.5271 0 0 0 0 0 0 0 0 0                 
point3 742.80099987984 -3963327.6832 3352128.527001 3693848.5271 0 0 0 0 0 0 0 0 0                 
point3 743.00099992752 -3963327.683299 3352128.527 3693848.527199 0 0 0 0 0 0 0 0 0                 
point3 743.2009999752 -3963327.6832 3352128.527 3693848.527101 0 0 0 0 0 0 0 0 0                 
point3 743.40100002289 -3963327.6832 3352128.527099 3693848.527199 0 0 0 0 0 0 0 0 0                 
point3 743.60100007057 -3963327.6832 3352128.527001 3693848.5271 0 0 0 0 0 0 0 0 0                 
point3 743.80099987984 -3963327.6832 3352128.527 3693848.527199 0 0 0 0 0 0 0 0 0                 
point3 744.00099992752 -3963327.6832 3352128.527 3693848.5271 0 0 0 0 0 0 0 0 0                 
point3 744.2009999752 -3963327.6832 3352128.527099 3693848.5271 0 0 0 0 0 0 0 0 0                 
point3 744.40100002289 -3963327.6832 3352128.527 3693848.5271 0 0 0 0 0 0 0 0 0                 
point3 744.60100007057 -3963327.6832 3352128.527 3693848.5271 0 0 0 0 0 0 0 0 0                 
point3 744.80099987984 -3963327.6832 3352128.527 3693848.5271 0 0 0 0 0 0 0 0 0                 
point3 745.00099992752 -3963327.6832 3352128.527099 3693848.5271 0 0 0 0 0 0 0 0 0                 
point3 745.2009999752 -3963327.6832 3352128.527 3693848.5271 0 0 0 0 0 0 0 0 0                 
point3 745.40100002289 -3963327.6832 3352128.527 3693848.5271 0 0 0 0 0 0 0 0 0                 
point3 745.60100007057 -3963327.6832 3352128.527 3693848.527101 0 0 0 0 0 0 0 0 0                 
point3 745.80099987984 -3963327.6832 3352128.527 3693848.5271 0 0 0 0 0 0 0 0 0                 
point3 746.00099992752 -3963327.6832 3352128.527 3693848.5271 0 0 0 0 0 0 0 0 0                 
point3 746.2009999752 -3963327.6832 3352128.527 3693848.527199 0 0 0 0 0 0 0 0 0                 
point3 746.40100002289 -3963327.6832 3352128.527 3693848.527101 0 0 0 0 0 0 0 0 0                 
point3 746.60100007057 -3963327.6832 3352128.527 3693848.527101 0 0 0 0 0 0 0 0 0                 
point3 746.80099987984 -3963327.6832 3352128.527 3693848.527101 0 0 0 0 0 0 0 0 0                 
point3 747.00099992752 -3963327.6832 3352128.527 3693848.527199 0 0 0 0 0 0 0 0 0                 
point3 747.2009999752 -3963327.6832 3352128.527 3693848.5271 0 0 0 0 0 0 0 0 0                 
point3 747.40100002289 -3963327.6832 3352128.527 3693848.527101 0 0 0 0 0 0 0 0 0                 
point3 747.60100007057 -3963327.6832 3352128.527001 3693848.5271 0 0 0 0 0 0 0 0 0                 
point3 747.80099987984 -3963327.6832 3352128.5271 3693848.527199 0 0 0 0 0 0 0 0 0                 
point3 748.00099992752 -3963327.6832 3352128.527001 3693848.5271 0 0 0 0 0 0 0 0 0                 
point3 748.2009999752 -3963327.6832 3352128.527 3693848.5271 0 0 0 0 0 0 0 0 0                 
point3 748.40100002289 -3963327.6832 3352128.527001 3693848.5271 0 0 0 0 0 0 0 0 0                 
point3 748.60100007057 -3963327.6832 3352128.5271 3693848.527199 0 0 0 0 0 0 0 0 0                 
point3 748.80099987984 -3963327.6832 3352128.5271 3693848.5271 0 0 0 0 0 0 0 0 0                 
point3 749.00099992752 -3963327.6832 3352128.5271 3693848.5271 0 0 0 0 0 0 0 0 0                 
point3 749.2009999752 -3963327.6832 3352128.5271 3693848.5271 0 0 0 0 0 0 0 0 0                 
point3 749.40100002289 -3963327.6832 3352128.5271 3693848.5271 0 0 0 0 0 0 0 0 0                 
point3 749.60100007057 -3963327.6832 3352128.5271 3693848.5271 0 0 0 0 0 0 0 0 0                 
point3 749.80099987984 -3963327.6832 3352128.5271 3693848.5271 0 0 0 0 0 0 0 0 0                 
point3 750.00099992752 -3963327.6832 3352128.5271 3693848.5271 0 0 0 0 0 0 0 0 0                 
point3 750.2009999752 -3963327.6832 3352128.5271 3693848.5271 0 0 0 0 0 0 0 0 0                 
point3 750.40100002289 -3963327.6832 3352128.5271 3693848.5271 0 0 0 0 0 0 0 0 0                 
point3 750.60100007057 -3963327.6832 3352128.5271 3693848.5271 0 0 0 0 0 0 0 0 0                 
point3 750.80099987984 -3963327.6832 3352128.5271 3693848.5271 0 0 0 0 0 0 0 0 0                 
point3 751.00099992752 -3963327.6832 3352128.5271 3693848.5272 0 0 0 0 0 0 0 0 0                 
point3 751.2009999752 -3963327.6832 3352128.5271 3693848.5272 0 0 0 0 0 0 0 0 0                 
point3 751.40100002289 -3963327.6832 3352128.5271 3693848.5272 0 0 0 0 0 0 0 0 0                 
point3 751.60100007057 -3963327.6832 3352128.5271 3693848.5272 0 0 0 0 0 0 0 0 0                 
point3 751.80099987984 -3963327.6833 3352128.5271 3693848.5272 0 0 0 0 0 0 0 0 0                 
point3 752.00099992752 -3963327.6833 3352128.5271 3693848.5272 0 0 0 0 0 0 0 0 0                 
point3 752.2009999752 -3963327.6833 3352128.5271 3693848.5272 0 0 0 0 0 0 0 0 0                 
point3 752.40100002289 -3963327.6833 3352128.5271 3693848.5272 0 0 0 0 0 0 0 0 0                 
point3 752.60100007057 -3963327.6833 3352128.5271 3693848.5272 0 0 0 0 0 0 0 0 0                 
point3 752.80099987984 -3963327.6833 3352128.5271 3693848.5272 0 0 0 0 0 0 0 0 0                 
point3 753.00099992752 -3963327.6833 3352128.5271 3693848.5272 0 0 0 0 0 0 0 0 0                 
point3 753.2009999752 -3963327.6833 3352128.5271 3693848.5272 0 0 0 0 0 0 0 0 0                 
point3 753.40100002289 -3963327.6833 3352128.5271 3693848.5272 0 0 0 0 0 0 0 0 0                 
point3 753.60100007057 -3963327.6833 3352128.5271 3693848.5272 0 0 0 0 0 0 0 0 0                 
point3 753.80099987984 -3963327.6833 3352128.5271 3693848.5272 0 0 0 0 0 0 0 0 0                 
point3 754.00099992752 -3963327.6833 3352128.527101 3693848.5272 0 0 0 0 0 0 0 0 0                 
point3 754.2009999752 -3963327.6833 3352128.5271 3693848.5272 0 0 0 0 0 0 0 0 0                 
point3 754.40100002289 -3963327.6833 3352128.5271 3693848.5272 0 0 0 0 0 0 0 0 0                 
point3 754.60100007057 -3963327.6833 3352128.5271 3693848.5272 0 0 0 0 0 0 0 0 0                 
point3 754.80099987984 -3963327.683201 3352128.5271 3693848.5272 0 0 0 0 0 0 0 0 0                 
point3 755.00099992752 -3963327.683299 3352128.5271 3693848.5272 0 0 0 0 0 0 0 0 0                 
point3 755.2009999752 -3963327.683201 3352128.5271 3693848.5272 0 0 0 0 0 0 0 0 0                 
point3 755.40100002289 -3963327.6833 3352128.5271 3693848.5272 0 0 0 0 0 0 0 0 0                 
point3 755.60100007057 -3963327.6833 3352128.5271 3693848.5272 0 0 0 0 0 0 0 0 0                 
point3 755.80099987984 -3963327.6833 3352128.5271 3693848.5272 0 0 0 0 0 0 0 0 0                 
point3 756.00099992752 -3963327.6833 3352128.5271 3693848.5272 0 0 0 0 0 0 0 0 0                 
point3 756.2009999752 -3963327.6833 3352128.5271 3693848.5272 0 0 0 0 0 0 0 0 0                 
point3 756.40100002289 -3963327.6833 3352128.5271 3693848.5272 0 0 0 0 0 0 0 0 0                 
point3 756.60100007057 -3963327.6833 3352128.5271 3693848.5272 0 0 0 0 0 0 0 0 0                 
point3 756.80099987984 -3963327.6833 3352128.5271 3693848.5272 0 0 0 0 0 0 0 0 0                 
point3 757.00099992752 -3963327.6833 3352128.5271 3693848.5272 0 0 0 0 0 0 0 0 0                 
point3 757.2009999752 -3963327.6833 3352128.5271 3693848.5272 0 0 0 0 0 0 0 0 0                 
point3 757.40100002289 -3963327.6833 3352128.5272 3693848.5272 0 0 0 0 0 0 0 0 0                 
point3 757.60100007057 -3963327.6833 3352128.527101 3693848.5272 0 0 0 0 0 0 0 0 0                 
point3 757.80099987984 -3963327.6833 3352128.5271 3693848.5272 0 0 0 0 0 0 0 0 0                 
point3 758.00099992752 -3963327.6833 3352128.527101 3693848.5272 0 0 0 0 0 0 0 0 0                 
point3 758.2009999752 -3963327.6833 3352128.527199 3693848.5272 0 0 0 0 0 0 0 0 0                 
point3 758.40100002289 -3963327.6833 3352128.5272 3693848.5272 0 0 0 0 0 0 0 0 0                 
point3 758.60100007057 -3963327.6833 3352128.527101 3693848.5272 0 0 0 0 0 0 0 0 0                 
point3 758.80099987984 -3963327.6833 3352128.5272 3693848.5272 0 0 0 0 0 0 0 0 0                 
point3 759.00099992752 -3963327.6833 3352128.5272 3693848.5272 0 0 0 0 0 0 0 0 0                 
point3 759.2009999752 -3963327.6833 3352128.5272 3693848.5272 0 0 0 0 0 0 0 0 0                 
point3 759.40100002289 -3963327.6833 3352128.5272 3693848.5272 0 0 0 0 0 0 0 0 0                 
point3 759.60100007057 -3963327.6833 3352128.5272 3693848.5272 0 0 0 0 0 0 0 0 0                 
point3 759.80099987984 -3963327.6833 3352128.5272 3693848.5272 0 0 0 0 0 0 0 0 0                 
point3 760.00099992752 -3963327.6833 3352128.5272 3693848.5272 0 0 0 0 0 0 0 0 0                 
point3 760.2009999752 -3963327.6833 3352128.5272 3693848.5272 0 0 0 0 0 0 0 0 0                 
point3 760.40100002289 -3963327.6833 3352128.5272 3693848.5272 0 0 0 0 0 0 0 0 0                 
point3 760.60100007057 -3963327.6833 3352128.527101 3693848.5272 0 0 0 0 0 0 0 0 0                 
point3 760.80099987984 -3963327.6833 3352128.527199 3693848.5272 0 0 0 0 0 0 0 0 0                 
point3 761.00099992752 -3963327.6833 3352128.527101 3693848.5272 0 0 0 0 0 0 0 0 0                 
point3 761.2009999752 -3963327.6833 3352128.5272 3693848.5272 0 0 0 0 0 0 0 0 0                 
point3 761.40100002289 -3963327.6833 3352128.527101 3693848.5272 0 0 0 0 0 0 0 0 0                 
point3 761.60100007057 -3963327.6833 3352128.5272 3693848.5272 0 0 0 0 0 0 0 0 0                 
point3 761.80099987984 -3963327.6833 3352128.5272 3693848.5272 0 0 0 0 0 0 0 0 0                 
point3 762.00099992752 -3963327.6833 3352128.5272 3693848.5272 0 0 0 0 0 0 0 0 0                 
point3 762.2009999752 -3963327.6833 3352128.527101 3693848.5272 0 0 0 0 0 0 0 0 0                 
point3 762.40100002289 -3963327.6833 3352128.5271 3693848.5272 0 0 0 0 0 0 0 0 0                 
point3 762.60100007057 -3963327.6833 3352128.5272 3693848.5272 0 0 0 0 0 0 0 0 0                 
point3 762.80099987984 -3963327.6833 3352128.5271 3693848.5272 0 0 0 0 0 0 0 0 0                 
point3 763.00099992752 -3963327.6833 3352128.527199 3693848.5272 0 0 0 0 0 0 0 0 0                 
point3 763.2009999752 -3963327.6833 3352128.5272 3693848.5272 0 0 0 0 0 0 0 0 0                 
point3 763.40100002289 -3963327.6833 3352128.5272 3693848.5272 0 0 0 0 0 0 0 0 0                 
point3 763.60100007057 -3963327.6833 3352128.527101 3693848.5272 0 0 0 0 0 0 0 0 0                 
point3 763.80099987984 -3963327.6833 3352128.5272 3693848.5272 0 0 0 0 0 0 0 0 0                 
point3 764.00099992752 -3963327.6833 3352128.5272 3693848.5272 0 0 0 0 0 0 0 0 0                 
point3 764.2009999752 -3963327.6833 3352128.5272 3693848.5272 0 0 0 0 0 0 0 0 0                 
point3 764.40100002289 -3963327.6833 3352128.5272 3693848.5272 0 0 0 0 0 0 0 0 0                 
point3 764.60100007057 -3963327.6833 3352128.5272 3693848.5272 0 0 0 0 0 0 0 0 0                 
point3 764.80099987984 -3963327.6833 3352128.5272 3693848.5272 0 0 0 0 0 0 0 0 0                 
point3 765.00099992752 -3963327.6833 3352128.5272 3693848.5272 0 0 0 0 0 0 0 0 0                 
point3 765.2009999752 -3963327.6833 3352128.5271 3693848.5272 0 0 0 0 0 0 0 0 0                 
point3 765.40100002289 -3963327.6833 3352128.527199 3693848.5272 0 0 0 0 0 0 0 0 0                 
point3 765.60100007057 -3963327.6833 3352128.5272 3693848.5272 0 0 0 0 0 0 0 0 0                 
point3 765.80099987984 -3963327.6833 3352128.527101 3693848.5272 0 0 0 0 0 0 0 0 0                 
point3 766.00099992752 -3963327.6833 3352128.527199 3693848.5272 0 0 0 0 0 0 0 0 0                 
point3 766.2009999752 -3963327.6833 3352128.527199 3693848.5272 0 0 0 0 0 0 0 0 0                 
point3 766.40100002289 -3963327.6833 3352128.5272 3693848.5272 0 0 0 0 0 0 0 0 0                 
point3 766.60100007057 -3963327.6833 3352128.527101 3693848.5272 0 0 0 0 0 0 0 0 0                 
point3 766.80099987984 -3963327.6833 3352128.5272 3693848.5272 0 0 0 0 0 0 0 0 0                 
point3 767.00099992752 -3963327.6833 3352128.5272 3693848.5272 0 0 0 0 0 0 0 0 0                 
point3 767.2009999752 -3963327.6833 3352128.527199 3693848.5272 0 0 0 0 0 0 0 0 0                 
point3 767.40100002289 -3963327.6833 3352128.527101 3693848.5272 0 0 0 0 0 0 0 0 0                 
point3 767.60100007057 -3963327.6833 3352128.5271 3693848.5272 0 0 0 0 0 0 0 0 0                 
point3 767.80099987984 -3963327.6833 3352128.5272 3693848.5272 0 0 0 0 0 0 0 0 0                 
point3 768.00099992752 -3963327.6833 3352128.5272 3693848.5272 0 0 0 0 0 0 0 0 0                 
point3 768.2009999752 -3963327.6833 3352128.5272 3693848.5272 0 0 0 0 0 0 0 0 0                 
point3 768.40100002289 -3963327.6833 3352128.527199 3693848.5272 0 0 0 0 0 0 0 0 0                 
point3 768.60100007057 -3963327.6833 3352128.5272 3693848.5272 0 0 0 0 0 0 0 0 0                 
point3 768.80099987984 -3963327.6833 3352128.527101 3693848.5272 0 0 0 0 0 0 0 0 0                 
point3 769.00099992752 -3963327.6833 3352128.527199 3693848.5272 0 0 0 0 0 0 0 0 0                 
point3 769.2009999752 -3963327.6833 3352128.527199 3693848.5272 0 0 0 0 0 0 0 0 0                 
point3 769.40100002289 -3963327.6833 3352128.5272 3693848.5272 0 0 0 0 0 0 0 0 0                 
point3 769.60100007057 -3963327.6833 3352128.5272 3693848.5272 0 0 0 0 0 0 0 0 0                 
point3 769.80099987984 -3963327.6833 3352128.5272 3693848.5272 0 0 0 0 0 0 0 0 0                 
point3 770.00099992752 -3963327.6833 3352128.5272 3693848.5272 0 0 0 0 0 0 0 0 0                 
point3 770.2009999752 -3963327.6833 3352128.5272 3693848.5272 0 0 0 0 0 0 0 0 0                 
point3 770.40100002289 -3963327.6833 3352128.5272 3693848.5272 0 0 0 0 0 0 0 0 0                 
point3 770.60100007057 -3963327.6833 3352128.5272 3693848.5272 0 0 0 0 0 0 0 0 0                 
point3 770.80099987984 -3963327.6833 3352128.5272 3693848.5272 0 0 0 0 0 0 0 0 0                 
point3 771.00099992752 -3963327.6833 3352128.5272 3693848.5272 0 0 0 0 0 0 0 0 0                 
point3 771.2009999752 -3963327.6833 3352128.5272 3693848.5272 0 0 0 0 0 0 0 0 0                 
point3 771.40100002289 -3963327.6833 3352128.5272 3693848.5272 0 0 0 0 0 0 0 0 0                 
point3 771.60100007057 -3963327.6833 3352128.5272 3693848.5272 0 0 0 0 0 0 0 0 0                 
point3 771.80099987984 -3963327.6833 3352128.5272 3693848.5272 0 0 0 0 0 0 0 0 0                 
point3 772.00099992752 -3963327.6833 3352128.5272 3693848.5272 0 0 0 0 0 0 0 0 0                 
point3 772.2009999752 -3963327.6833 3352128.5272 3693848.5272 0 0 0 0 0 0 0 0 0                 
point3 772.40100002289 -3963327.6833 3352128.527101 3693848.5272 0 0 0 0 0 0 0 0 0                 
point3 772.60100007057 -3963327.6833 3352128.5272 3693848.527299 0 0 0 0 0 0 0 0 0                 
point3 772.80099987984 -3963327.6833 3352128.527101 3693848.527201 0 0 0 0 0 0 0 0 0                 
point3 773.00099992752 -3963327.6833 3352128.5272 3693848.527299 0 0 0 0 0 0 0 0 0                 
point3 773.2009999752 -3963327.6833 3352128.5272 3693848.5272 0 0 0 0 0 0 0 0 0                 
point3 773.40100002289 -3963327.6833 3352128.5272 3693848.5272 0 0 0 0 0 0 0 0 0                 
point3 773.60100007057 -3963327.6833 3352128.5272 3693848.5272 0 0 0 0 0 0 0 0 0                 
point3 773.80099987984 -3963327.6833 3352128.5272 3693848.5272 0 0 0 0 0 0 0 0 0                 
point3 774.00099992752 -3963327.6833 3352128.5272 3693848.5272 0 0 0 0 0 0 0 0 0                 
point3 774.2009999752 -3963327.6833 3352128.5272 3693848.5272 0 0 0 0 0 0 0 0 0                 
point3 774.40100002289 -3963327.6833 3352128.5272 3693848.5272 0 0 0 0 0 0 0 0 0                 
point3 774.60100007057 -3963327.6833 3352128.5272 3693848.5272 0 0 0 0 0 0 0 0 0                 
point3 774.80099987984 -3963327.6833 3352128.5272 3693848.5272 0 0 0 0 0 0 0 0 0                 
point3 775.00099992752 -3963327.6833 3352128.5272 3693848.5272 0 0 0 0 0 0 0 0 0                 
point3 775.2009999752 -3963327.6833 3352128.5272 3693848.5272 0 0 0 0 0 0 0 0 0                 
point3 775.40100002289 -3963327.6833 3352128.5272 3693848.5272 0 0 0 0 0 0 0 0 0                 
point3 775.60100007057 -3963327.6833 3352128.5272 3693848.5272 0 0 0 0 0 0 0 0 0                 
point3 775.80099987984 -3963327.6833 3352128.5272 3693848.5272 0 0 0 0 0 0 0 0 0                 
point3 776.00099992752 -3963327.6833 3352128.5272 3693848.5272 0 0 0 0 0 0 0 0 0                 
point3 776.2009999752 -3963327.6833 3352128.5272 3693848.5272 0 0 0 0 0 0 0 0 0                 
point3 776.40100002289 -3963327.6833 3352128.5272 3693848.5272 0 0 0 0 0 0 0 0 0                 
point3 776.60100007057 -3963327.6833 3352128.5272 3693848.5272 0 0 0 0 0 0 0 0 0                 
point3 776.80099987984 -3963327.6833 3352128.5272 3693848.5272 0 0 0 0 0 0 0 0 0                 
point3 777.00099992752 -3963327.6833 3352128.5272 3693848.5272 0 0 0 0 0 0 0 0 0                 
point3 777.2009999752 -3963327.6833 3352128.5272 3693848.5272 0 0 0 0 0 0 0 0 0                 
point3 777.40100002289 -3963327.6833 3352128.5272 3693848.5272 0 0 0 0 0 0 0 0 0                 
point3 777.60100007057 -3963327.6833 3352128.5272 3693848.5272 0 0 0 0 0 0 0 0 0                 
point3 777.80099987984 -3963327.6833 3352128.5272 3693848.5272 0 0 0 0 0 0 0 0 0                 
point3 778.00099992752 -3963327.6833 3352128.5272 3693848.5272 0 0 0 0 0 0 0 0 0                 
point3 778.2009999752 -3963327.6833 3352128.5272 3693848.5272 0 0 0 0 0 0 0 0 0                 
point3 778.40100002289 -3963327.6833 3352128.5272 3693848.5272 0 0 0 0 0 0 0 0 0                 
point3 778.60100007057 -3963327.6833 3352128.5272 3693848.5272 0 0 0 0 0 0 0 0 0                 
point3 778.80099987984 -3963327.6833 3352128.5272 3693848.5272 0 0 0 0 0 0 0 0 0                 
point3 779.00099992752 -3963327.6833 3352128.5272 3693848.5272 0 0 0 0 0 0 0 0 0                 
point3 779.2009999752 -3963327.6833 3352128.5272 3693848.527299 0 0 0 0 0 0 0 0 0                 
point3 779.40100002289 -3963327.6833 3352128.5272 3693848.5272 0 0 0 0 0 0 0 0 0                 
point3 779.60100007057 -3963327.683399 3352128.5272 3693848.527299 0 0 0 0 0 0 0 0 0                 
point3 779.80099987984 -3963327.6833 3352128.5272 3693848.5272 0 0 0 0 0 0 0 0 0                 
point3 780.00099992752 -3963327.6833 3352128.5272 3693848.527299 0 0 0 0 0 0 0 0 0                 
point3 780.2009999752 -3963327.6833 3352128.5272 3693848.5272 0 0 0 0 0 0 0 0 0                 
point3 780.40100002289 -3963327.6833 3352128.5272 3693848.527201 0 0 0 0 0 0 0 0 0                 
point3 780.60100007057 -3963327.6833 3352128.5272 3693848.5272 0 0 0 0 0 0 0 0 0                 
point3 780.80099987984 -3963327.6833 3352128.5272 3693848.527201 0 0 0 0 0 0 0 0 0                 
point3 781.00099992752 -3963327.6833 3352128.5272 3693848.5272 0 0 0 0 0 0 0 0 0                 
point3 781.2009999752 -3963327.6833 3352128.5272 3693848.5272 0 0 0 0 0 0 0 0 0                 
point3 781.40100002289 -3963327.6833 3352128.5272 3693848.5272 0 0 0 0 0 0 0 0 0                 
point3 781.60100007057 -3963327.6833 3352128.5272 3693848.527201 0 0 0 0 0 0 0 0 0                 
point3 781.80099987984 -3963327.6833 3352128.5272 3693848.527299 0 0 0 0 0 0 0 0 0                 
point3 782.00099992752 -3963327.683301 3352128.5272 3693848.527201 0 0 0 0 0 0 0 0 0                 
point3 782.2009999752 -3963327.6833 3352128.5272 3693848.5272 0 0 0 0 0 0 0 0 0                 
point3 782.40100002289 -3963327.6833 3352128.5272 3693848.5272 0 0 0 0 0 0 0 0 0                 
point3 782.60100007057 -3963327.6833 3352128.5272 3693848.5272 0 0 0 0 0 0 0 0 0                 
point3 782.80099987984 -3963327.6833 3352128.5272 3693848.5272 0 0 0 0 0 0 0 0 0                 
point3 783.00099992752 -3963327.6833 3352128.5272 3693848.5272 0 0 0 0 0 0 0 0 0                 
point3 783.2009999752 -3963327.6833 3352128.5272 3693848.5272 0 0 0 0 0 0 0 0 0                 
point3 783.40100002289 -3963327.6833 3352128.5272 3693848.5272 0 0 0 0 0 0 0 0 0                 
point3 783.60100007057 -3963327.6833 3352128.5272 3693848.5272 0 0 0 0 0 0 0 0 0                 
point3 783.80099987984 -3963327.6833 3352128.5272 3693848.5272 0 0 0 0 0 0 0 0 0                 
point3 784.00099992752 -3963327.6833 3352128.5272 3693848.5272 0 0 0 0 0 0 0 0 0                 
point3 784.2009999752 -3963327.6833 3352128.5272 3693848.5272 0 0 0 0 0 0 0 0 0                 
point3 784.40100002289 -3963327.6833 3352128.5272 3693848.5272 0 0 0 0 0 0 0 0 0                 
point3 784.60100007057 -3963327.6833 3352128.5272 3693848.5272 0 0 0 0 0 0 0 0 0                 
point3 784.80099987984 -3963327.6833 3352128.5272 3693848.5272 0 0 0 0 0 0 0 0 0                 
point3 785.00099992752 -3963327.6833 3352128.5272 3693848.5272 0 0 0 0 0 0 0 0 0                 
point3 785.2009999752 -3963327.6833 3352128.5272 3693848.5272 0 0 0 0 0 0 0 0 0                 
point3 785.40100002289 -3963327.6833 3352128.5272 3693848.5272 0 0 0 0 0 0 0 0 0                 
point3 785.60100007057 -3963327.6833 3352128.5272 3693848.5272 0 0 0 0 0 0 0 0 0                 
point3 785.80099987984 -3963327.6833 3352128.5272 3693848.5272 0 0 0 0 0 0 0 0 0                 
point3 786.00099992752 -3963327.6833 3352128.5272 3693848.5272 0 0 0 0 0 0 0 0 0                 
point3 786.2009999752 -3963327.6833 3352128.5272 3693848.5272 0 0 0 0 0 0 0 0 0                 
point3 786.40100002289 -3963327.6833 3352128.5272 3693848.5272 0 0 0 0 0 0 0 0 0                 
point3 786.60100007057 -3963327.6833 3352128.5272 3693848.5272 0 0 0 0 0 0 0 0 0                 
point3 786.80099987984 -3963327.6833 3352128.5272 3693848.5272 0 0 0 0 0 0 0 0 0                 
point3 787.00099992752 -3963327.6833 3352128.5272 3693848.5272 0 0 0 0 0 0 0 0 0                 
point3 787.2009999752 -3963327.6833 3352128.5272 3693848.5272 0 0 0 0 0 0 0 0 0                 
point3 787.40100002289 -3963327.6833 3352128.5272 3693848.5272 0 0 0 0 0 0 0 0 0                 
point3 787.60100007057 -3963327.6833 3352128.5272 3693848.5272 0 0 0 0 0 0 0 0 0                 
point3 787.80099987984 -3963327.6833 3352128.5272 3693848.5272 0 0 0 0 0 0 0 0 0                 
point3 788.00099992752 -3963327.6833 3352128.5272 3693848.5272 0 0 0 0 0 0 0 0 0                 
point3 788.2009999752 -3963327.6833 3352128.5272 3693848.5272 0 0 0 0 0 0 0 0 0                 
point3 788.40100002289 -3963327.6833 3352128.5272 3693848.5272 0 0 0 0 0 0 0 0 0                 
point3 788.60100007057 -3963327.6833 3352128.5272 3693848.5272 0 0 0 0 0 0 0 0 0                 
point3 788.80099987984 -3963327.6833 3352128.5272 3693848.5272 0 0 0 0 0 0 0 0 0                 
point3 789.00099992752 -3963327.6833 3352128.5272 3693848.5272 0 0 0 0 0 0 0 0 0                 
point3 789.2009999752 -3963327.6833 3352128.5272 3693848.5272 0 0 0 0 0 0 0 0 0                 
point3 789.40100002289 -3963327.6833 3352128.5272 3693848.5272 0 0 0 0 0 0 0 0 0                 
point3 789.60100007057 -3963327.6833 3352128.5272 3693848.5272 0 0 0 0 0 0 0 0 0                 
point3 789.80099987984 -3963327.6833 3352128.5272 3693848.5272 0 0 0 0 0 0 0 0 0                 
point3 790.00099992752 -3963327.6833 3352128.5272 3693848.5272 0 0 0 0 0 0 0 0 0                 
point3 790.2009999752 -3963327.6833 3352128.5272 3693848.5272 0 0 0 0 0 0 0 0 0                 
point3 790.40100002289 -3963327.6833 3352128.5272 3693848.5272 0 0 0 0 0 0 0 0 0                 
point3 790.60100007057 -3963327.6833 3352128.5272 3693848.5272 0 0 0 0 0 0 0 0 0                 
point3 790.80099987984 -3963327.6833 3352128.5272 3693848.5272 0 0 0 0 0 0 0 0 0                 
point3 791.00099992752 -3963327.6833 3352128.5272 3693848.5272 0 0 0 0 0 0 0 0 0                 
point3 791.2009999752 -3963327.6833 3352128.5272 3693848.5272 0 0 0 0 0 0 0 0 0                 
point3 791.40100002289 -3963327.6833 3352128.5272 3693848.5272 0 0 0 0 0 0 0 0 0                 
point3 791.60100007057 -3963327.6833 3352128.5272 3693848.5272 0 0 0 0 0 0 0 0 0                 
point3 791.80099987984 -3963327.6833 3352128.5272 3693848.5272 0 0 0 0 0 0 0 0 0                 
point3 792.00099992752 -3963327.6833 3352128.5272 3693848.5272 0 0 0 0 0 0 0 0 0                 
point3 792.2009999752 -3963327.6833 3352128.5272 3693848.5272 0 0 0 0 0 0 0 0 0                 
point3 792.40100002289 -3963327.6833 3352128.527201 3693848.5272 0 0 0 0 0 0 0 0 0                 
point3 792.60100007057 -3963327.6833 3352128.5272 3693848.5272 0 0 0 0 0 0 0 0 0                 
point3 792.80099987984 -3963327.6833 3352128.5272 3693848.5272 0 0 0 0 0 0 0 0 0                 
point3 793.00099992752 -3963327.6833 3352128.5272 3693848.5272 0 0 0 0 0 0 0 0 0                 
point3 793.2009999752 -3963327.6833 3352128.527201 3693848.5272 0 0 0 0 0 0 0 0 0                 
point3 793.40100002289 -3963327.6833 3352128.5272 3693848.5272 0 0 0 0 0 0 0 0 0                 
point3 793.60100007057 -3963327.6833 3352128.5272 3693848.5272 0 0 0 0 0 0 0 0 0                 
point3 793.80099987984 -3963327.6833 3352128.5272 3693848.5272 0 0 0 0 0 0 0 0 0                 
point3 794.00099992752 -3963327.6833 3352128.5272 3693848.5272 0 0 0 0 0 0 0 0 0                 
point3 794.2009999752 -3963327.6833 3352128.5272 3693848.5272 0 0 0 0 0 0 0 0 0                 
point3 794.40100002289 -3963327.6833 3352128.5272 3693848.5272 0 0 0 0 0 0 0 0 0                 
point3 794.60100007057 -3963327.6833 3352128.5272 3693848.5272 0 0 0 0 0 0 0 0 0                 
point3 794.80099987984 -3963327.6833 3352128.5272 3693848.5272 0 0 0 0 0 0 0 0 0                 
point3 795.00099992752 -3963327.6833 3352128.5272 3693848.5272 0 0 0 0 0 0 0 0 0                 
point3 795.2009999752 -3963327.6833 3352128.5272 3693848.5272 0 0 0 0 0 0 0 0 0                 
point3 795.40100002289 -3963327.6833 3352128.5272 3693848.5272 0 0 0 0 0 0 0 0 0                 
point3 795.60100007057 -3963327.6833 3352128.5272 3693848.5272 0 0 0 0 0 0 0 0 0                 
point3 795.80099987984 -3963327.6833 3352128.5272 3693848.5272 0 0 0 0 0 0 0 0 0                 
point3 796.00099992752 -3963327.6833 3352128.5272 3693848.5272 0 0 0 0 0 0 0 0 0                 
point3 796.2009999752 -3963327.6833 3352128.5272 3693848.5272 0 0 0 0 0 0 0 0 0                 
point3 796.40100002289 -3963327.6833 3352128.5272 3693848.5272 0 0 0 0 0 0 0 0 0                 
point3 796.60100007057 -3963327.6833 3352128.5272 3693848.5272 0 0 0 0 0 0 0 0 0                 
point3 796.80099987984 -3963327.6833 3352128.5272 3693848.5272 0 0 0 0 0 0 0 0 0                 
point3 797.00099992752 -3963327.6833 3352128.5272 3693848.5272 0 0 0 0 0 0 0 0 0                 
point3 797.2009999752 -3963327.6833 3352128.5272 3693848.5272 0 0 0 0 0 0 0 0 0                 
point3 797.40100002289 -3963327.6833 3352128.5272 3693848.5272 0 0 0 0 0 0 0 0 0                 
point3 797.60100007057 -3963327.6833 3352128.527203 3693848.527199 0 0 0 0 0 0 0 0 0                 
point3 797.80099987984 -3963327.6832 3352128.527904 3693848.526999 0 0 0 0 0 0 0 0 0                 
point3 798.00099992752 -3963327.683206 3352128.528604 3693848.526794 0 0 0 0 0 0 0 0 0                 
point3 798.2009999752 -3963327.686454 3352128.529097 3693848.523243 0 0 0 0 0 0 0 0 0                 
point3 798.40100002289 -3963327.700108 3352128.528393 3693848.5095 0 0 0 0 0 0 0 0 0                 
point3 798.60100007057 -3963327.724389 3352128.526893 3693848.486625 0 0 0 0 0 0 0 0 0                 
point3 798.80099987984 -3963327.771809 3352128.524771 3693848.443025 0 0 0 0 0 0 0 0 0                 
point3 799.00099992752 -3963327.8687199 3352128.516924 3693848.35373 0 0 0 0 0 0 0 0 0                 
point3 799.2009999752 -3963328.0292349 3352128.498977 3693848.2033211 0 0 0 0 0 0 0 0 0                 
point3 799.40100002289 -3963328.2497892 3352128.473147 3693847.9945738 0 0 0 0 0 0 0 0 0                 
point3 799.60100007057 -3963328.5194042 3352128.440509 3693847.7386868 0 0 0 0 0 0 0 0 0                 
point3 799.80099987984 -3963328.8294829 3352128.400279 3693847.4480271 0 0 0 0 0 0 0 0 0                 
point3 800.00099992752 -3963329.1749619 3352128.355867 3693847.1254431 0 0 0 0 0 0 0 0 0                 
point3 800.2009999752 -3963329.5569579 3352128.308251 3693846.7631591 0 0 0 0 0 0 0 0 0                 
point3 800.40100002289 -3963329.9784574 3352128.257116 3693846.3658777 0 0 0 0 0 0 0 0 0                 
point3 800.60100007057 -3963330.4406594 3352128.1976709 3693845.9327036 0 0 0 0 0 0 0 0 0                 
point3 800.80099987984 -3963330.9417398 3352128.130445 3693845.4660442 0 0 0 0 0 0 0 0 0                 
point3 801.00099992752 -3963331.4770858 3352128.058728 3693844.9662812 0 0 0 0 0 0 0 0 0                 
point3 801.2009999752 -3963332.0427568 3352127.982693 3693844.4346392 0 0 0 0 0 0 0 0 0                 
point3 801.40100002289 -3963332.6428265 3352127.8998639 3693843.8761075 0 0 0 0 0 0 0 0 0                 
point3 801.60100007057 -3963333.2759745 3352127.8106179 3693843.2917805 0 0 0 0 0 0 0 0 0                 
point3 801.80099987984 -3963333.9379178 3352127.712998 3693842.6806352 0 0 0 0 0 0 0 0 0                 
point3 802.00099992752 -3963334.6284577 3352127.612886 3693842.0396062 0 0 0 0 0 0 0 0 0                 
point3 802.2009999752 -3963335.3472977 3352127.507132 3693841.3757072 0 0 0 0 0 0 0 0 0                 
point3 802.40100002289 -3963336.0926986 3352127.3923189 3693840.6910864 0 0 0 0 0 0 0 0 0                 
point3 802.60100007057 -3963336.8570896 3352127.2748999 3693839.9827894 0 0 0 0 0 0 0 0 0                 
point3 802.80099987984 -3963337.6394707 3352127.153881 3693839.2600763 0 0 0 0 0 0 0 0 0                 
point3 803.00099992752 -3963338.4382757 3352127.028554 3693838.5312643 0 0 0 0 0 0 0 0 0                 
point3 803.2009999752 -3963339.2603117 3352126.900367 3693837.7767363 0 0 0 0 0 0 0 0 0                 
point3 803.40100002289 -3963340.1089337 3352126.7730489 3693836.9965103 0 0 0 0 0 0 0 0 0                 
point3 803.60100007057 -3963340.9814777 3352126.6435379 3693836.1949193 0 0 0 0 0 0 0 0 0                 
point3 803.80099987984 -3963341.8852277 3352126.508917 3693835.3685203 0 0 0 0 0 0 0 0 0                 
point3 804.00099992752 -3963342.8186947 3352126.37271 3693834.5024433 0 0 0 0 0 0 0 0 0                 
point3 804.2009999752 -3963343.7851326 3352126.234596 3693833.6047103 0 0 0 0 0 0 0 0 0                 
point3 804.40100002289 -3963344.7791848 3352126.0922719 3693832.6801502 0 0 0 0 0 0 0 0 0                 
point3 804.60100007057 -3963345.8045639 3352125.9464559 3693831.7208162 0 0 0 0 0 0 0 0 0                 
point3 804.80099987984 -3963346.8650026 3352125.7979421 3693830.7393944 0 0 0 0 0 0 0 0 0                 
point3 805.00099992752 -3963347.9508276 3352125.6455371 3693829.7290194 0 0 0 0 0 0 0 0 0                 
point3 805.2009999752 -3963349.0648666 3352125.4922151 3693828.6884394 0 0 0 0 0 0 0 0 0                 
point3 805.40100002289 -3963350.2022549 3352125.3346979 3693827.6320391 0 0 0 0 0 0 0 0 0                 
point3 805.60100007057 -3963351.360302 3352125.1727659 3693826.5531221 0 0 0 0 0 0 0 0 0                 
point3 805.80099987984 -3963352.5472096 3352125.0042411 3693825.4548234 0 0 0 0 0 0 0 0 0                 
point3 806.00099992752 -3963353.7533036 3352124.8305121 3693824.3324024 0 0 0 0 0 0 0 0 0                 
point3 806.2009999752 -3963354.9791856 3352124.6518941 3693823.1870144 0 0 0 0 0 0 0 0 0                 
point3 806.40100002289 -3963356.219652 3352124.4699858 3693822.026167 0 0 0 0 0 0 0 0 0                 
point3 806.60100007057 -3963357.473837 3352124.2858608 3693820.855203 0 0 0 0 0 0 0 0 0                 
point3 806.80099987984 -3963358.7460095 3352124.0970571 3693819.6733184 0 0 0 0 0 0 0 0 0                 
point3 807.00099992752 -3963360.0309755 3352123.9091621 3693818.4736514 0 0 0 0 0 0 0 0 0                 
point3 807.2009999752 -3963361.3288415 3352123.7231801 3693817.2599724 0 0 0 0 0 0 0 0 0                 
point3 807.40100002289 -3963362.6427691 3352123.5393608 3693816.029981 0 0 0 0 0 0 0 0 0                 
point3 807.60100007057 -3963363.9842061 3352123.3494208 3693814.781082 0 0 0 0 0 0 0 0 0                 
point3 807.80099987984 -3963365.3499885 3352123.1522021 3693813.5101555 0 0 0 0 0 0 0 0 0                 
point3 808.00099992752 -3963366.7323815 3352122.9516961 3693812.2195095 0 0 0 0 0 0 0 0 0                 
point3 808.2009999752 -3963368.1353245 3352122.7483641 3693810.9138815 0 0 0 0 0 0 0 0 0                 
point3 808.40100002289 -3963369.5679352 3352122.5395418 3693809.5869999 0 0 0 0 0 0 0 0 0                 
point3 808.60100007057 -3963371.0186162 3352122.3257088 3693808.2404659 0 0 0 0 0 0 0 0 0                 
point3 808.80099987984 -3963372.4862945 3352122.1062961 3693806.8699895 0 0 0 0 0 0 0 0 0                 
point3 809.00099992752 -3963373.9689905 3352121.8845691 3693805.4830175 0 0 0 0 0 0 0 0 0                 
point3 809.2009999752 -3963375.4725885 3352121.6566511 3693804.0818385 0 0 0 0 0 0 0 0 0                 
point3 809.40100002289 -3963376.9947683 3352121.4258308 3693802.6667658 0 0 0 0 0 0 0 0 0                 
point3 809.60100007057 -3963378.5317293 3352121.1915288 3693801.2348628 0 0 0 0 0 0 0 0 0                 
point3 809.80099987984 -3963380.0798694 3352120.9577381 3693799.7850065 0 0 0 0 0 0 0 0 0                 
point3 810.00099992752 -3963381.6367364 3352120.7256331 3693798.3250665 0 0 0 0 0 0 0 0 0                 
point3 810.2009999752 -3963383.2085094 3352120.4909131 3693796.8550185 0 0 0 0 0 0 0 0 0                 
point3 810.40100002289 -3963384.7914193 3352120.2533028 3693795.3785898 0 0 0 0 0 0 0 0 0                 
point3 810.60100007057 -3963386.3760383 3352120.0139088 3693793.8951598 0 0 0 0 0 0 0 0 0                 
point3 810.80099987984 -3963387.9642554 3352119.7748081 3693792.4064615 0 0 0 0 0 0 0 0 0                 
point3 811.00099992752 -3963389.5561834 3352119.5353951 3693790.9177405 0 0 0 0 0 0 0 0 0                 
point3 811.2009999752 -3963391.1543104 3352119.2942831 3693789.4237115 0 0 0 0 0 0 0 0 0                 
point3 811.40100002289 -3963392.7577343 3352119.0499618 3693787.9266948 0 0 0 0 0 0 0 0 0                 
point3 811.60100007057 -3963394.3663843 3352118.8021518 3693786.4237508 0 0 0 0 0 0 0 0 0                 
point3 811.80099987984 -3963395.9853284 3352118.5523561 3693784.9113035 0 0 0 0 0 0 0 0 0                 
point3 812.00099992752 -3963397.6146034 3352118.3032451 3693783.3890495 0 0 0 0 0 0 0 0 0                 
point3 812.2009999752 -3963399.2594854 3352118.0512211 3693781.8563976 0 0 0 0 0 0 0 0 0                 
point3 812.40100002289 -3963400.9196424 3352117.7947098 3693780.3122297 0 0 0 0 0 0 0 0 0                 
point3 812.60100007057 -3963402.5898914 3352117.5375118 3693778.7550587 0 0 0 0 0 0 0 0 0                 
point3 812.80099987984 -3963404.2707294 3352117.2808241 3693777.1841916 0 0 0 0 0 0 0 0 0                 
point3 813.00099992752 -3963405.9574324 3352117.0262511 3693775.6000646 0 0 0 0 0 0 0 0 0                 
point3 813.2009999752 -3963407.6434344 3352116.7776701 3693774.0124446 0 0 0 0 0 0 0 0 0                 
point3 813.40100002289 -3963409.3317644 3352116.5323748 3693772.4200287 0 0 0 0 0 0 0 0 0                 
point3 813.60100007057 -3963411.0255904 3352116.2864548 3693770.8259277 0 0 0 0 0 0 0 0 0                 
point3 813.80099987984 -3963412.7248224 3352116.0360211 3693769.2312146 0 0 0 0 0 0 0 0 0                 
point3 814.00099992752 -3963414.4313614 3352115.7792901 3693767.6326036 0 0 0 0 0 0 0 0 0                 
point3 814.2009999752 -3963416.1462274 3352115.5143091 3693766.0342276 0 0 0 0 0 0 0 0 0                 
point3 814.40100002289 -3963417.8757984 3352115.2321338 3693764.4401257 0 0 0 0 0 0 0 0 0                 
point3 814.60100007057 -3963419.6151844 3352114.9365988 3693762.8447247 0 0 0 0 0 0 0 0 0                 
point3 814.80099987984 -3963421.3507764 3352114.6346541 3693761.2509366 0 0 0 0 0 0 0 0 0                 
point3 815.00099992752 -3963423.0862784 3352114.3229891 3693759.6602876 0 0 0 0 0 0 0 0 0                 
point3 815.2009999752 -3963424.8228904 3352113.9938671 3693758.0828166 0 0 0 0 0 0 0 0 0                 
point3 815.40100002289 -3963426.5621274 3352113.6402087 3693756.5332397 0 0 0 0 0 0 0 0 0                 
point3 815.60100007057 -3963428.3078004 3352113.2564087 3693755.0091018 0 0 0 0 0 0 0 0 0                 
point3 815.80099987984 -3963430.0449694 3352112.8524752 3693753.5145925 0 0 0 0 0 0 0 0 0                 
point3 816.00099992752 -3963431.7784454 3352112.4202012 3693752.0401455 0 0 0 0 0 0 0 0 0                 
point3 816.2009999752 -3963433.5064264 3352111.9494752 3693750.6005995 0 0 0 0 0 0 0 0 0                 
point3 816.40100002289 -3963435.2319434 3352111.4338515 3693749.2156489 0 0 0 0 0 0 0 0 0                 
point3 816.60100007057 -3963436.9623554 3352110.8725325 3693747.8758499 0 0 0 0 0 0 0 0 0                 
point3 816.80099987984 -3963438.6891734 3352110.2702532 3693746.5749195 0 0 0 0 0 0 0 0 0                 
point3 817.00099992752 -3963440.4013324 3352109.6309522 3693745.3095514 0 0 0 0 0 0 0 0 0                 
point3 817.2009999752 -3963442.1068154 3352108.9506383 3693744.0929074 0 0 0 0 0 0 0 0 0                 
point3 817.40100002289 -3963443.8092964 3352108.2255934 3693742.9269701 0 0 0 0 0 0 0 0 0                 
point3 817.60100007057 -3963445.5055394 3352107.4517533 3693741.8163541 0 0 0 0 0 0 0 0 0                 
point3 817.80099987984 -3963447.1904834 3352106.6291093 3693740.7610304 0 0 0 0 0 0 0 0 0                 
point3 818.00099992752 -3963448.8635034 3352105.7584763 3693739.7614943 0 0 0 0 0 0 0 0 0                 
point3 818.2009999752 -3963450.5213514 3352104.8414353 3693738.8133633 0 0 0 0 0 0 0 0 0                 
point3 818.40100002289 -3963452.1684963 3352103.8775342 3693737.9197173 0 0 0 0 0 0 0 0 0                 
point3 818.60100007057 -3963453.8065883 3352102.8724951 3693737.0758473 0 0 0 0 0 0 0 0 0                 
point3 818.80099987984 -3963455.4425494 3352101.8212914 3693736.2778963 0 0 0 0 0 0 0 0 0                 
point3 819.00099992752 -3963457.0701064 3352100.7279664 3693735.5306413 0 0 0 0 0 0 0 0 0                 
point3 819.2009999752 -3963458.6896654 3352099.5906674 3693734.8313952 0 0 0 0 0 0 0 0 0                 
point3 819.40100002289 -3963460.3002153 3352098.412962 3693734.1833265 0 0 0 0 0 0 0 0 0                 
point3 819.60100007057 -3963461.9005613 3352097.196179 3693733.5812815 0 0 0 0 0 0 0 0 0                 
point3 819.80099987984 -3963463.4895064 3352095.9424995 3693733.0294232 0 0 0 0 0 0 0 0 0                 
point3 820.00099992752 -3963465.0680494 3352094.6532105 3693732.5257492 0 0 0 0 0 0 0 0 0                 
point3 820.2009999752 -3963466.6345794 3352093.3270595 3693732.0672742 0 0 0 0 0 0 0 0 0                 
point3 820.40100002289 -3963468.1866223 3352091.9706889 3693731.6527977 0 0 0 0 0 0 0 0 0                 
point3 820.60100007057 -3963469.7285673 3352090.5782968 3693731.2838197 0 0 0 0 0 0 0 0 0                 
point3 820.80099987984 -3963471.2573795 3352089.1506425 3693730.9603641 0 0 0 0 0 0 0 0 0                 
point3 821.00099992752 -3963472.7699145 3352087.6903785 3693730.6846921 0 0 0 0 0 0 0 0 0                 
point3 821.2009999752 -3963474.2695455 3352086.1987285 3693730.4553251 0 0 0 0 0 0 0 0 0                 
point3 821.40100002289 -3963475.7539522 3352084.6775067 3693730.2720669 0 0 0 0 0 0 0 0 0                 
point3 821.60100007057 -3963477.2192602 3352083.1324807 3693730.1369829 0 0 0 0 0 0 0 0 0                 
point3 821.80099987984 -3963478.6662545 3352081.5634716 3693730.045208 0 0 0 0 0 0 0 0 0                 
point3 822.00099992752 -3963480.0916425 3352079.9715666 3693729.998221 0 0 0 0 0 0 0 0 0                 
point3 822.2009999752 -3963481.4937175 3352078.3614836 3693729.994439 0 0 0 0 0 0 0 0 0                 
point3 822.40100002289 -3963482.8714011 3352076.7313626 3693730.0337561 0 0 0 0 0 0 0 0 0                 
point3 822.60100007057 -3963484.2232341 3352075.0782566 3693730.1162801 0 0 0 0 0 0 0 0 0                 
point3 822.80099987984 -3963485.5407615 3352073.4065986 3693730.2449099 0 0 0 0 0 0 0 0 0                 
point3 823.00099992752 -3963486.8259235 3352071.7225116 3693730.4181349 0 0 0 0 0 0 0 0 0                 
point3 823.2009999752 -3963488.0832716 3352070.0215746 3693730.6370649 0 0 0 0 0 0 0 0 0                 
point3 823.40100002289 -3963489.308089 3352068.3145126 3693730.9036333 0 0 0 0 0 0 0 0 0                 
point3 823.60100007057 -3963490.497526 3352066.5931526 3693731.2234803 0 0 0 0 0 0 0 0 0                 
point3 823.80099987984 -3963491.6538456 3352064.8641366 3693731.5895829 0 0 0 0 0 0 0 0 0                 
point3 824.00099992752 -3963492.7744786 3352063.1267566 3693731.9957758 0 0 0 0 0 0 0 0 0                 
point3 824.2009999752 -3963493.8605736 3352061.3795736 3693732.4431078 0 0 0 0 0 0 0 0 0                 
point3 824.40100002289 -3963494.9056918 3352059.6325436 3693732.9354324 0 0 0 0 0 0 0 0 0                 
point3 824.60100007057 -3963495.9155148 3352057.8790026 3693733.4724445 0 0 0 0 0 0 0 0 0                 
point3 824.80099987984 -3963496.8889177 3352056.1201366 3693734.0510248 0 0 0 0 0 0 0 0 0                 
point3 825.00099992752 -3963497.8216307 3352054.3667026 3693734.6656138 0 0 0 0 0 0 0 0 0                 
point3 825.2009999752 -3963498.7204817 3352052.6066296 3693735.3197228 0 0 0 0 0 0 0 0 0                 
point3 825.40100002289 -3963499.5869887 3352050.8538246 3693736.0139126 0 0 0 0 0 0 0 0 0                 
point3 825.60100007057 -3963500.4158137 3352049.0976146 3693736.7471186 0 0 0 0 0 0 0 0 0                 
point3 825.80099987984 -3963501.2081167 3352047.3419376 3693737.5207937 0 0 0 0 0 0 0 0 0                 
point3 826.00099992752 -3963501.9629567 3352045.5905646 3693738.3270387 0 0 0 0 0 0 0 0 0                 
point3 826.2009999752 -3963502.6892517 3352043.8480246 3693739.1614657 0 0 0 0 0 0 0 0 0                 
point3 826.40100002289 -3963503.3952516 3352042.1118826 3693740.0208057 0 0 0 0 0 0 0 0 0                 
point3 826.60100007057 -3963504.0795325 3352040.3697336 3693740.9073947 0 0 0 0 0 0 0 0 0                 
point3 826.80099987984 -3963504.7404358 3352038.6386436 3693741.8070337 0 0 0 0 0 0 0 0 0                 
point3 827.00099992752 -3963505.3880188 3352036.9060076 3693742.7147607 0 0 0 0 0 0 0 0 0                 
point3 827.2009999752 -3963506.0298668 3352035.1671986 3693743.6278947 0 0 0 0 0 0 0 0 0                 
point3 827.40100002289 -3963506.6592055 3352033.4239516 3693744.5503688 0 0 0 0 0 0 0 0 0                 
point3 827.60100007057 -3963507.2785575 3352031.6720795 3693745.4870338 0 0 0 0 0 0 0 0 0                 
point3 827.80099987984 -3963507.8883378 3352029.9075006 3693746.4371917 0 0 0 0 0 0 0 0 0                 
point3 828.00099992752 -3963508.4946248 3352028.1446146 3693747.3984797 0 0 0 0 0 0 0 0 0                 
point3 828.2009999752 -3963509.1035838 3352026.3666106 3693748.3783376 0 0 0 0 0 0 0 0 0                 
point3 828.40100002289 -3963509.7227535 3352024.5850105 3693749.3660288 0 0 0 0 0 0 0 0 0                 
point3 828.60100007057 -3963510.3566005 3352022.7840625 3693750.3529578 0 0 0 0 0 0 0 0 0                 
point3 828.80099987984 -3963510.9988308 3352020.9762246 3693751.3448686 0 0 0 0 0 0 0 0 0                 
point3 829.00099992752 -3963511.6475598 3352019.1609047 3693752.3410136 0 0 0 0 0 0 0 0 0                 
point3 829.2009999752 -3963512.3000598 3352017.3361917 3693753.3432036 0 0 0 0 0 0 0 0 0                 
point3 829.40100002289 -3963512.9492195 3352015.4906935 3693754.3420578 0 0 0 0 0 0 0 0 0                 
point3 829.60100007057 -3963513.5927225 3352013.6529815 3693755.3302398 0 0 0 0 0 0 0 0 0                 
point3 829.80099987984 -3963514.2424188 3352011.8043997 3693756.3223076 0 0 0 0 0 0 0 0 0                 
point3 830.00099992752 -3963514.9085588 3352009.9409217 3693757.3240006 0 0 0 0 0 0 0 0 0                 
point3 830.2009999752 -3963515.5839288 3352008.0616757 3693758.3217666 0 0 0 0 0 0 0 0 0                 
point3 830.40100002289 -3963516.2727046 3352006.1725014 3693759.3156778 0 0 0 0 0 0 0 0 0                 
point3 830.60100007057 -3963516.9779916 3352004.2704714 3693760.3100568 0 0 0 0 0 0 0 0 0                 
point3 830.80099987984 -3963517.7009787 3352002.3632117 3693761.2997316 0 0 0 0 0 0 0 0 0                 
point3 831.00099992752 -3963518.4406467 3352000.4403427 3693762.2854216 0 0 0 0 0 0 0 0 0                 
point3 831.2009999752 -3963519.1907687 3351998.5065007 3693763.2685966 0 0 0 0 0 0 0 0 0                 
point3 831.40100002289 -3963519.9458026 3351996.5645624 3693764.2484168 0 0 0 0 0 0 0 0 0                 
point3 831.60100007057 -3963520.7077266 3351994.6147134 3693765.2331498 0 0 0 0 0 0 0 0 0                 
point3 831.80099987984 -3963521.4730247 3351992.6559847 3693766.2245646 0 0 0 0 0 0 0 0 0                 
point3 832.00099992752 -3963522.2382187 3351990.6920587 3693767.2167626 0 0 0 0 0 0 0 0 0                 
point3 832.2009999752 -3963523.0027227 3351988.7219247 3693768.2092606 0 0 0 0 0 0 0 0 0                 
point3 832.40100002289 -3963523.7670116 3351986.7457264 3693769.2010718 0 0 0 0 0 0 0 0 0                 
point3 832.60100007057 -3963524.5287116 3351984.7714274 3693770.1957898 0 0 0 0 0 0 0 0 0                 
point3 832.80099987984 -3963525.2906057 3351982.7966147 3693771.1961296 0 0 0 0 0 0 0 0 0                 
point3 833.00099992752 -3963526.0517007 3351980.8193197 3693772.2032476 0 0 0 0 0 0 0 0 0                 
point3 833.2009999752 -3963526.8111947 3351978.8427087 3693773.2132556 0 0 0 0 0 0 0 0 0                 
point3 833.40100002289 -3963527.5698826 3351976.8637914 3693774.2260848 0 0 0 0 0 0 0 0 0                 
point3 833.60100007057 -3963528.3259676 3351974.8817874 3693775.2424868 0 0 0 0 0 0 0 0 0                 
point3 833.80099987984 -3963529.0790487 3351972.9010917 3693776.2602036 0 0 0 0 0 0 0 0 0                 
point3 834.00099992752 -3963529.8284337 3351970.9173627 3693777.2835416 0 0 0 0 0 0 0 0 0                 
point3 834.2009999752 -3963530.5740147 3351968.9295847 3693778.3116446 0 0 0 0 0 0 0 0 0                 
point3 834.40100002289 -3963531.3155996 3351966.9466864 3693779.3415869 0 0 0 0 0 0 0 0 0                 
point3 834.60100007057 -3963532.0543836 3351964.9635844 3693780.3819469 0 0 0 0 0 0 0 0 0                 
point3 834.80099987984 -3963532.7895637 3351962.9798657 3693781.4324536 0 0 0 0 0 0 0 0 0                 
point3 835.00099992752 -3963533.5209417 3351960.9908327 3693782.4823426 0 0 0 0 0 0 0 0 0                 
point3 835.2009999752 -3963534.2479087 3351958.9973227 3693783.5310486 0 0 0 0 0 0 0 0 0                 
point3 835.40100002289 -3963534.9685846 3351957.0019254 3693784.5822799 0 0 0 0 0 0 0 0 0                 
point3 835.60100007057 -3963535.6852766 3351955.0078434 3693785.6391099 0 0 0 0 0 0 0 0 0                 
point3 835.80099987984 -3963536.3996657 3351953.0175487 3693786.7045636 0 0 0 0 0 0 0 0 0                 
point3 836.00099992752 -3963537.1116467 3351951.0259387 3693787.7804066 0 0 0 0 0 0 0 0 0                 
point3 836.2009999752 -3963537.8199237 3351949.0338187 3693788.8624036 0 0 0 0 0 0 0 0 0                 
point3 836.40100002289 -3963538.5239066 3351947.0376204 3693789.9442229 0 0 0 0 0 0 0 0 0                 
point3 836.60100007057 -3963539.2237816 3351945.0405964 3693791.0297449 0 0 0 0 0 0 0 0 0                 
point3 836.80099987984 -3963539.9191628 3351943.0394997 3693792.1189546 0 0 0 0 0 0 0 0 0                 
point3 837.00099992752 -3963540.6118568 3351941.0421277 3693793.2090586 0 0 0 0 0 0 0 0 0                 
point3 837.2009999752 -3963541.3025478 3351939.0460247 3693794.3027826 0 0 0 0 0 0 0 0 0                 
point3 837.40100002289 -3963541.9901096 3351937.0530564 3693795.4005889 0 0 0 0 0 0 0 0 0                 
point3 837.60100007057 -3963542.6718096 3351935.0662774 3693796.4980799 0 0 0 0 0 0 0 0 0                 
point3 837.80099987984 -3963543.3531988 3351933.0831947 3693797.5950956 0 0 0 0 0 0 0 0 0                 
point3 838.00099992752 -3963544.0317628 3351931.1011907 3693798.6937916 0 0 0 0 0 0 0 0 0                 
point3 838.2009999752 -3963544.7026258 3351929.1208177 3693799.7917746 0 0 0 0 0 0 0 0 0                 
point3 838.40100002289 -3963545.3667075 3351927.1461404 3693800.8871869 0 0 0 0 0 0 0 0 0                 
point3 838.60100007057 -3963546.0268955 3351925.1741714 3693801.9840829 0 0 0 0 0 0 0 0 0                 
point3 838.80099987984 -3963546.6834578 3351923.2125447 3693803.0804906 0 0 0 0 0 0 0 0 0                 
point3 839.00099992752 -3963547.3340358 3351921.2623557 3693804.1794036 0 0 0 0 0 0 0 0 0                 
point3 839.2009999752 -3963547.9798098 3351919.3174297 3693805.2800816 0 0 0 0 0 0 0 0 0                 
point3 839.40100002289 -3963548.6192785 3351917.3810134 3693806.3740499 0 0 0 0 0 0 0 0 0                 
point3 839.60100007057 -3963549.2539405 3351915.4482744 3693807.4628429 0 0 0 0 0 0 0 0 0                 
point3 839.80099987984 -3963549.8794108 3351913.5216197 3693808.5529586 0 0 0 0 0 0 0 0 0                 
point3 840.00099992752 -3963550.4995708 3351911.5862557 3693809.6445366 0 0 0 0 0 0 0 0 0                 
point3 840.2009999752 -3963551.1127488 3351909.6593587 3693810.7303216 0 0 0 0 0 0 0 0 0                 
point3 840.40100002289 -3963551.7234495 3351907.7312774 3693811.8172699 0 0 0 0 0 0 0 0 0                 
point3 840.60100007057 -3963552.3332325 3351905.8072614 3693812.9112789 0 0 0 0 0 0 0 0 0                 
point3 840.80099987984 -3963552.9386208 3351903.8786747 3693814.0067606 0 0 0 0 0 0 0 0 0                 
point3 841.00099992752 -3963553.5413918 3351901.9544957 3693815.0959176 0 0 0 0 0 0 0 0 0                 
point3 841.2009999752 -3963554.1385738 3351900.0357417 3693816.1776706 0 0 0 0 0 0 0 0 0                 
point3 841.40100002289 -3963554.7314435 3351898.1257654 3693817.2496119 0 0 0 0 0 0 0 0 0                 
point3 841.60100007057 -3963555.3180215 3351896.2227694 3693818.3083359 0 0 0 0 0 0 0 0 0                 
point3 841.80099987984 -3963555.9004018 3351894.3419397 3693819.3522846 0 0 0 0 0 0 0 0 0                 
point3 842.00099992752 -3963556.4814048 3351892.4708647 3693820.3893836 0 0 0 0 0 0 0 0 0                 
point3 842.2009999752 -3963557.0622988 3351890.6066977 3693821.4248416 0 0 0 0 0 0 0 0 0                 
point3 842.40100002289 -3963557.6430205 3351888.7459075 3693822.4508978 0 0 0 0 0 0 0 0 0                 
point3 842.60100007057 -3963558.2278315 3351886.8898445 3693823.4672378 0 0 0 0 0 0 0 0 0                 
point3 842.80099987984 -3963558.8146418 3351885.0421927 3693824.4725956 0 0 0 0 0 0 0 0 0                 
point3 843.00099992752 -3963559.4041598 3351883.2017047 3693825.4694496 0 0 0 0 0 0 0 0 0                 
point3 843.2009999752 -3963559.9958448 3351881.3635257 3693826.4575176 0 0 0 0 0 0 0 0 0                 
point3 843.40100002289 -3963560.5831055 3351879.5279165 3693827.4385888 0 0 0 0 0 0 0 0 0                 
point3 843.60100007057 -3963561.1624805 3351877.6935715 3693828.4148558 0 0 0 0 0 0 0 0 0                 
point3 843.80099987984 -3963561.7389968 3351875.8710097 3693829.3834187 0 0 0 0 0 0 0 0 0                 
point3 844.00099992752 -3963562.3209298 3351874.0530077 3693830.3463087 0 0 0 0 0 0 0 0 0                 
point3 844.2009999752 -3963562.9065148 3351872.2343356 3693831.3073977 0 0 0 0 0 0 0 0 0                 
point3 844.40100002289 -3963563.4885925 3351870.4231615 3693832.2642628 0 0 0 0 0 0 0 0 0                 
point3 844.60100007057 -3963564.0660715 3351868.6152625 3693833.2167628 0 0 0 0 0 0 0 0 0                 
point3 844.80099987984 -3963564.6397368 3351866.8105936 3693834.1673327 0 0 0 0 0 0 0 0 0                 
point3 845.00099992752 -3963565.2061308 3351865.0103426 3693835.1122997 0 0 0 0 0 0 0 0 0                 
point3 845.2009999752 -3963565.7733448 3351863.2215786 3693836.0499707 0 0 0 0 0 0 0 0 0                 
point3 845.40100002289 -3963566.3433535 3351861.4382005 3693836.9846848 0 0 0 0 0 0 0 0 0                 
point3 845.60100007057 -3963566.9137355 3351859.6604315 3693837.9209728 0 0 0 0 0 0 0 0 0                 
point3 845.80099987984 -3963567.4806438 3351857.8906146 3693838.8539427 0 0 0 0 0 0 0 0 0                 
point3 846.00099992752 -3963568.0500498 3351856.1347186 3693839.7807247 0 0 0 0 0 0 0 0 0                 
point3 846.2009999752 -3963568.6202458 3351854.3816066 3693840.7060077 0 0 0 0 0 0 0 0 0                 
point3 846.40100002289 -3963569.1873175 3351852.6452606 3693841.6234247 0 0 0 0 0 0 0 0 0                 
point3 846.60100007057 -3963569.7513095 3351850.9229656 3693842.5236297 0 0 0 0 0 0 0 0 0                 
point3 846.80099987984 -3963570.3110608 3351849.2241096 3693843.4055467 0 0 0 0 0 0 0 0 0                 
point3 847.00099992752 -3963570.8600048 3351847.5559286 3693844.2711647 0 0 0 0 0 0 0 0 0                 
point3 847.2009999752 -3963571.3982488 3351845.9327996 3693845.1193637 0 0 0 0 0 0 0 0 0                 
point3 847.40100002289 -3963571.9254994 3351844.3391577 3693845.9475767 0 0 0 0 0 0 0 0 0                 
point3 847.60100007057 -3963572.4407054 3351842.7819687 3693846.7574617 0 0 0 0 0 0 0 0 0                 
point3 847.80099987984 -3963572.9376388 3351841.2652485 3693847.5449677 0 0 0 0 0 0 0 0 0                 
point3 848.00099992752 -3963573.4234778 3351839.7849205 3693848.3149977 0 0 0 0 0 0 0 0 0                 
point3 848.2009999752 -3963573.8943878 3351838.3364895 3693849.0703257 0 0 0 0 0 0 0 0 0                 
point3 848.40100002289 -3963574.3483094 3351836.9244939 3693849.8103306 0 0 0 0 0 0 0 0 0                 
point3 848.60100007057 -3963574.7865444 3351835.5533689 3693850.5311356 0 0 0 0 0 0 0 0 0                 
point3 848.80099987984 -3963575.2116889 3351834.2161555 3693851.2352638 0 0 0 0 0 0 0 0 0                 
point3 849.00099992752 -3963575.6260169 3351832.9165535 3693851.9233678 0 0 0 0 0 0 0 0 0                 
point3 849.2009999752 -3963576.0261479 3351831.6571484 3693852.5906588 0 0 0 0 0 0 0 0 0                 
point3 849.40100002289 -3963576.4135033 3351830.439075 3693853.2365405 0 0 0 0 0 0 0 0 0                 
point3 849.60100007057 -3963576.7906423 3351829.2629321 3693853.8593435 0 0 0 0 0 0 0 0 0                 
point3 849.80099987984 -3963577.1579129 3351828.1163744 3693854.4636718 0 0 0 0 0 0 0 0 0                 
point3 850.00099992752 -3963577.5174599 3351826.9978184 3693855.0541848 0 0 0 0 0 0 0 0 0                 
point3 850.2009999752 -3963577.8669249 3351825.9084794 3693855.6262908 0 0 0 0 0 0 0 0 0                 
point3 850.40100002289 -3963578.2104883 3351824.8535281 3693856.1800904 0 0 0 0 0 0 0 0 0                 
point3 850.60100007057 -3963578.5451433 3351823.8272892 3693856.7140104 0 0 0 0 0 0 0 0 0                 
point3 850.80099987984 -3963578.8723039 3351822.8318273 3693857.2318238 0 0 0 0 0 0 0 0 0                 
point3 851.00099992752 -3963579.1902489 3351821.8675263 3693857.7319318 0 0 0 0 0 0 0 0 0                 
point3 851.2009999752 -3963579.4970849 3351820.9394723 3693858.2131338 0 0 0 0 0 0 0 0 0                 
point3 851.40100002289 -3963579.7908382 3351820.0432563 3693858.6753434 0 0 0 0 0 0 0 0 0                 
point3 851.60100007057 -3963580.0757812 3351819.1827373 3693859.1191534 0 0 0 0 0 0 0 0 0                 
point3 851.80099987984 -3963580.3479089 3351818.3598203 3693859.5443419 0 0 0 0 0 0 0 0 0                 
point3 852.00099992752 -3963580.6070399 3351817.5740313 3693859.9477589 0 0 0 0 0 0 0 0 0                 
point3 852.2009999752 -3963580.8508569 3351816.8302483 3693860.3342509 0 0 0 0 0 0 0 0 0                 
point3 852.40100002289 -3963581.0787862 3351816.1335135 3693860.6961923 0 0 0 0 0 0 0 0 0                 
point3 852.60100007057 -3963581.2918082 3351815.4886835 3693861.0271633 0 0 0 0 0 0 0 0 0                 
point3 852.80099987984 -3963581.4874969 3351814.8973132 3693861.3343509 0 0 0 0 0 0 0 0 0                 
point3 853.00099992752 -3963581.6637339 3351814.3543562 3693861.6179179 0 0 0 0 0 0 0 0 0                 
point3 853.2009999752 -3963581.8282849 3351813.8558562 3693861.8749969 0 0 0 0 0 0 0 0 0                 
point3 853.40100002289 -3963581.9813101 3351813.3974516 3693862.1098082 0 0 0 0 0 0 0 0 0                 
point3 853.60100007057 -3963582.1201481 3351812.9778657 3693862.3263922 0 0 0 0 0 0 0 0 0                 
point3 853.80099987984 -3963582.245682 3351812.6010871 3693862.5185789 0 0 0 0 0 0 0 0 0                 
point3 854.00099992752 -3963582.359306 3351812.2701621 3693862.6906849 0 0 0 0 0 0 0 0 0                 
point3 854.2009999752 -3963582.456542 3351811.9725731 3693862.841874 0 0 0 0 0 0 0 0 0                 
point3 854.40100002289 -3963582.5423881 3351811.7170628 3693862.9712751 0 0 0 0 0 0 0 0 0                 
point3 854.60100007057 -3963582.6177451 3351811.4967838 3693863.0825101 0 0 0 0 0 0 0 0 0                 
point3 854.80099987984 -3963582.684603 3351811.2987911 3693863.181957 0 0 0 0 0 0 0 0 0                 
point3 855.00099992752 -3963582.743267 3351811.1230051 3693863.270098 0 0 0 0 0 0 0 0 0                 
point3 855.2009999752 -3963582.794731 3351810.969412 3693863.347452 0 0 0 0 0 0 0 0 0                 
point3 855.40100002289 -3963582.839202 3351810.8371039 3693863.414999 0 0 0 0 0 0 0 0 0                 
point3 855.60100007057 -3963582.878276 3351810.7214759 3693863.47276 0 0 0 0 0 0 0 0 0                 
point3 855.80099987984 -3963582.912151 3351810.620548 3693863.523228 0 0 0 0 0 0 0 0 0                 
point3 856.00099992752 -3963582.941128 3351810.53382 3693863.566788 0 0 0 0 0 0 0 0 0                 
point3 856.2009999752 -3963582.965403 3351810.461594 3693863.602753 0 0 0 0 0 0 0 0 0                 
point3 856.40100002289 -3963582.984677 3351810.404678 3693863.631209 0 0 0 0 0 0 0 0 0                 
point3 856.60100007057 -3963582.998343 3351810.364871 3693863.650864 0 0 0 0 0 0 0 0 0                 
point3 856.80099987984 -3963583.004398 3351810.346598 3693863.659999 0 0 0 0 0 0 0 0 0                 
point3 857.00099992752 -3963583.004619 3351810.346715 3693863.660317 0 0 0 0 0 0 0 0 0                 
point3 857.2009999752 -3963583.007793 3351810.349294 3693863.663294 0 0 0 0 0 0 0 0 0                 
point3 857.40100002289 -3963583.0065 3351810.3482 3693863.661902 0 0 0 0 0 0 0 0 0                 
point3 857.60100007057 -3963583.006702 3351810.348401 3693863.662202 0 0 0 0 0 0 0 0 0                 
point3 857.80099987984 -3963583.0067 3351810.3484 3693863.6622 0 0 0 0 0 0 0 0 0                 
point3 858.00099992752 -3963583.006701 3351810.348401 3693863.662301 0 0 0 0 0 0 0 0 0                 
point3 858.2009999752 -3963583.0067 3351810.3484 3693863.6622 0 0 0 0 0 0 0 0 0                 
point3 858.40100002289 -3963583.006701 3351810.3484 3693863.6623 0 0 0 0 0 0 0 0 0                 
point3 858.60100007057 -3963583.0067 3351810.3484 3693863.662299 0 0 0 0 0 0 0 0 0                 
point3 858.80099987984 -3963583.0067 3351810.3484 3693863.6623 0 0 0 0 0 0 0 0 0                 
point3 859.00099992752 -3963583.0067 3351810.3484 3693863.6623 0 0 0 0 0 0 0 0 0                 
point3 859.2009999752 -3963583.0067 3351810.3484 3693863.6623 0 0 0 0 0 0 0 0 0                 
point3 859.40100002289 -3963583.0067 3351810.3484 3693863.6623 0 0 0 0 0 0 0 0 0                 
point3 859.60100007057 -3963583.0067 3351810.3484 3693863.6623 0 0 0 0 0 0 0 0 0                 
point3 859.80099987984 -3963583.0067 3351810.3484 3693863.6623 0 0 0 0 0 0 0 0 0                 
point3 860.00099992752 -3963583.0067 3351810.3484 3693863.6623 0 0 0 0 0 0 0 0 0                 
point3 860.2009999752 -3963583.0067 3351810.3484 3693863.662299 0 0 0 0 0 0 0 0 0                 
point3 860.40100002289 -3963583.0067 3351810.3484 3693863.6623 0 0 0 0 0 0 0 0 0                 
point3 860.60100007057 -3963583.0067 3351810.3484 3693863.6623 0 0 0 0 0 0 0 0 0                 
point3 860.80099987984 -3963583.0067 3351810.3484 3693863.662201 0 0 0 0 0 0 0 0 0                 
point3 861.00099992752 -3963583.0067 3351810.3484 3693863.6623 0 0 0 0 0 0 0 0 0                 
point3 861.2009999752 -3963583.0067 3351810.3484 3693863.6623 0 0 0 0 0 0 0 0 0                 
point3 861.40100002289 -3963583.0067 3351810.3484 3693863.6623 0 0 0 0 0 0 0 0 0                 
point3 861.60100007057 -3963583.0067 3351810.3484 3693863.6623 0 0 0 0 0 0 0 0 0                 
point3 861.80099987984 -3963583.0067 3351810.3484 3693863.6623 0 0 0 0 0 0 0 0 0                 
point3 862.00099992752 -3963583.0067 3351810.3484 3693863.6623 0 0 0 0 0 0 0 0 0                 
point3 862.2009999752 -3963583.0067 3351810.3484 3693863.6623 0 0 0 0 0 0 0 0 0                 
point3 862.40100002289 -3963583.0067 3351810.3484 3693863.6623 0 0 0 0 0 0 0 0 0                 
point3 862.60100007057 -3963583.0067 3351810.3484 3693863.6623 0 0 0 0 0 0 0 0 0                 
point3 862.80099987984 -3963583.0067 3351810.3484 3693863.6623 0 0 0 0 0 0 0 0 0                 
point3 863.00099992752 -3963583.0067 3351810.3484 3693863.6623 0 0 0 0 0 0 0 0 0                 
point3 863.2009999752 -3963583.0067 3351810.3484 3693863.6623 0 0 0 0 0 0 0 0 0                 
point3 863.40100002289 -3963583.0067 3351810.3484 3693863.662201 0 0 0 0 0 0 0 0 0                 
point3 863.60100007057 -3963583.0067 3351810.3484 3693863.6623 0 0 0 0 0 0 0 0 0                 
point3 863.80099987984 -3963583.0067 3351810.3484 3693863.6623 0 0 0 0 0 0 0 0 0                 
point3 864.00099992752 -3963583.0067 3351810.3484 3693863.6623 0 0 0 0 0 0 0 0 0                 
point3 864.2009999752 -3963583.0067 3351810.3484 3693863.6623 0 0 0 0 0 0 0 0 0                 
point3 864.40100002289 -3963583.0067 3351810.3484 3693863.6623 0 0 0 0 0 0 0 0 0                 
point3 864.60100007057 -3963583.0067 3351810.3484 3693863.6623 0 0 0 0 0 0 0 0 0                 
point3 864.80099987984 -3963583.0067 3351810.3484 3693863.6623 0 0 0 0 0 0 0 0 0                 
point3 865.00099992752 -3963583.0067 3351810.3484 3693863.6623 0 0 0 0 0 0 0 0 0                 
point3 865.2009999752 -3963583.0067 3351810.3484 3693863.6623 0 0 0 0 0 0 0 0 0                 
point3 865.40100002289 -3963583.0067 3351810.3484 3693863.6623 0 0 0 0 0 0 0 0 0                 
point3 865.60100007057 -3963583.0067 3351810.3484 3693863.6623 0 0 0 0 0 0 0 0 0                 
point3 865.80099987984 -3963583.006799 3351810.3484 3693863.6623 0 0 0 0 0 0 0 0 0                 
point3 866.00099992752 -3963583.0068 3351810.3484 3693863.6623 0 0 0 0 0 0 0 0 0                 
point3 866.2009999752 -3963583.006799 3351810.3484 3693863.6623 0 0 0 0 0 0 0 0 0                 
point3 866.40100002289 -3963583.0068 3351810.3484 3693863.6623 0 0 0 0 0 0 0 0 0                 
point3 866.60100007057 -3963583.0068 3351810.3484 3693863.6623 0 0 0 0 0 0 0 0 0                 
point3 866.80099987984 -3963583.0068 3351810.3484 3693863.6623 0 0 0 0 0 0 0 0 0                 
point3 867.00099992752 -3963583.0068 3351810.3484 3693863.6623 0 0 0 0 0 0 0 0 0                 
point3 867.2009999752 -3963583.0068 3351810.3484 3693863.6623 0 0 0 0 0 0 0 0 0                 
point3 867.40100002289 -3963583.0068 3351810.3484 3693863.6623 0 0 0 0 0 0 0 0 0                 
point3 867.60100007057 -3963583.0068 3351810.3484 3693863.6623 0 0 0 0 0 0 0 0 0                 
point3 867.80099987984 -3963583.0068 3351810.3484 3693863.6623 0 0 0 0 0 0 0 0 0                 
point3 868.00099992752 -3963583.0068 3351810.3484 3693863.6623 0 0 0 0 0 0 0 0 0                 
point3 868.2009999752 -3963583.0068 3351810.3484 3693863.6623 0 0 0 0 0 0 0 0 0                 
point3 868.40100002289 -3963583.006799 3351810.3484 3693863.6623 0 0 0 0 0 0 0 0 0                 
point3 868.60100007057 -3963583.0068 3351810.3484 3693863.6623 0 0 0 0 0 0 0 0 0                 
point3 868.80099987984 -3963583.0068 3351810.3484 3693863.6623 0 0 0 0 0 0 0 0 0                 
point3 869.00099992752 -3963583.0068 3351810.3484 3693863.6623 0 0 0 0 0 0 0 0 0                 
point3 869.2009999752 -3963583.0068 3351810.3484 3693863.6623 0 0 0 0 0 0 0 0 0                 
point3 869.40100002289 -3963583.0068 3351810.3484 3693863.6623 0 0 0 0 0 0 0 0 0                 
point3 869.60100007057 -3963583.006799 3351810.3484 3693863.6623 0 0 0 0 0 0 0 0 0                 
point3 869.80099987984 -3963583.006701 3351810.3484 3693863.6622 0 0 0 0 0 0 0 0 0                 
point3 870.00099992752 -3963583.0068 3351810.3484 3693863.662201 0 0 0 0 0 0 0 0 0                 
point3 870.2009999752 -3963583.0068 3351810.3484 3693863.6623 0 0 0 0 0 0 0 0 0                 
point3 870.40100002289 -3963583.0068 3351810.3484 3693863.6623 0 0 0 0 0 0 0 0 0                 
point3 870.60100007057 -3963583.0068 3351810.3484 3693863.6623 0 0 0 0 0 0 0 0 0                 
point3 870.80099987984 -3963583.0068 3351810.3484 3693863.6623 0 0 0 0 0 0 0 0 0                 
point3 871.00099992752 -3963583.0068 3351810.3484 3693863.6623 0 0 0 0 0 0 0 0 0                 
point3 871.2009999752 -3963583.0068 3351810.3484 3693863.6623 0 0 0 0 0 0 0 0 0                 
point3 871.40100002289 -3963583.0068 3351810.3484 3693863.6623 0 0 0 0 0 0 0 0 0                 
point3 871.60100007057 -3963583.0068 3351810.3485 3693863.6623 0 0 0 0 0 0 0 0 0                 
point3 871.80099987984 -3963583.0068 3351810.3484 3693863.6623 0 0 0 0 0 0 0 0 0                 
point3 872.00099992752 -3963583.0068 3351810.348499 3693863.6623 0 0 0 0 0 0 0 0 0                 
point3 872.2009999752 -3963583.0068 3351810.3484 3693863.6623 0 0 0 0 0 0 0 0 0                 
point3 872.40100002289 -3963583.0068 3351810.3484 3693863.6623 0 0 0 0 0 0 0 0 0                 
point3 872.60100007057 -3963583.0068 3351810.3484 3693863.6623 0 0 0 0 0 0 0 0 0                 
point3 872.80099987984 -3963583.0068 3351810.3484 3693863.6623 0 0 0 0 0 0 0 0 0                 
point3 873.00099992752 -3963583.0068 3351810.3484 3693863.6623 0 0 0 0 0 0 0 0 0                 
point3 873.2009999752 -3963583.0068 3351810.3484 3693863.6623 0 0 0 0 0 0 0 0 0                 
point3 873.40100002289 -3963583.0068 3351810.3484 3693863.6623 0 0 0 0 0 0 0 0 0                 
point3 873.60100007057 -3963583.0068 3351810.3484 3693863.6623 0 0 0 0 0 0 0 0 0                 
point3 873.80099987984 -3963583.0068 3351810.3484 3693863.6623 0 0 0 0 0 0 0 0 0                 
point3 874.00099992752 -3963583.0068 3351810.3484 3693863.6623 0 0 0 0 0 0 0 0 0                 
point3 874.2009999752 -3963583.0068 3351810.3484 3693863.6623 0 0 0 0 0 0 0 0 0                 
point3 874.40100002289 -3963583.0068 3351810.3484 3693863.6623 0 0 0 0 0 0 0 0 0                 
point3 874.60100007057 -3963583.0068 3351810.3484 3693863.6623 0 0 0 0 0 0 0 0 0                 
point3 874.80099987984 -3963583.0068 3351810.3484 3693863.6623 0 0 0 0 0 0 0 0 0                 
point3 875.00099992752 -3963583.0068 3351810.348499 3693863.6623 0 0 0 0 0 0 0 0 0                 
point3 875.2009999752 -3963583.0068 3351810.3484 3693863.6623 0 0 0 0 0 0 0 0 0                 
point3 875.40100002289 -3963583.0068 3351810.348401 3693863.6623 0 0 0 0 0 0 0 0 0                 
point3 875.60100007057 -3963583.0068 3351810.348401 3693863.6623 0 0 0 0 0 0 0 0 0                 
point3 875.80099987984 -3963583.0068 3351810.348401 3693863.6623 0 0 0 0 0 0 0 0 0                 
point3 876.00099992752 -3963583.0068 3351810.348499 3693863.6623 0 0 0 0 0 0 0 0 0                 
point3 876.2009999752 -3963583.0068 3351810.3484 3693863.6623 0 0 0 0 0 0 0 0 0                 
point3 876.40100002289 -3963583.0068 3351810.348499 3693863.6623 0 0 0 0 0 0 0 0 0                 
point3 876.60100007057 -3963583.0068 3351810.348499 3693863.6623 0 0 0 0 0 0 0 0 0                 
point3 876.80099987984 -3963583.0068 3351810.348499 3693863.6623 0 0 0 0 0 0 0 0 0                 
point3 877.00099992752 -3963583.0068 3351810.348499 3693863.6623 0 0 0 0 0 0 0 0 0                 
point3 877.2009999752 -3963583.0068 3351810.348499 3693863.6623 0 0 0 0 0 0 0 0 0                 
point3 877.40100002289 -3963583.0068 3351810.348499 3693863.6623 0 0 0 0 0 0 0 0 0                 
point3 877.60100007057 -3963583.0068 3351810.3484 3693863.6623 0 0 0 0 0 0 0 0 0                 
point3 877.80099987984 -3963583.0068 3351810.3484 3693863.6623 0 0 0 0 0 0 0 0 0                 
point3 878.00099992752 -3963583.0068 3351810.3484 3693863.6623 0 0 0 0 0 0 0 0 0                 
point3 878.2009999752 -3963583.0068 3351810.3484 3693863.6623 0 0 0 0 0 0 0 0 0                 
point3 878.40100002289 -3963583.0068 3351810.3484 3693863.6623 0 0 0 0 0 0 0 0 0                 
point3 878.60100007057 -3963583.0068 3351810.3484 3693863.6623 0 0 0 0 0 0 0 0 0                 
point3 878.80099987984 -3963583.0068 3351810.3484 3693863.6623 0 0 0 0 0 0 0 0 0                 
point3 879.00099992752 -3963583.0068 3351810.3484 3693863.6623 0 0 0 0 0 0 0 0 0                 
point3 879.2009999752 -3963583.0068 3351810.3484 3693863.6623 0 0 0 0 0 0 0 0 0                 
point3 879.40100002289 -3963583.0068 3351810.3484 3693863.6623 0 0 0 0 0 0 0 0 0                 
point3 879.60100007057 -3963583.006701 3351810.3484 3693863.662201 0 0 0 0 0 0 0 0 0                 
point3 879.80099987984 -3963583.0068 3351810.3484 3693863.6623 0 0 0 0 0 0 0 0 0                 
point3 880.00099992752 -3963583.0068 3351810.3484 3693863.6623 0 0 0 0 0 0 0 0 0                 
point3 880.2009999752 -3963583.0068 3351810.3484 3693863.6623 0 0 0 0 0 0 0 0 0                 
point3 880.40100002289 -3963583.0068 3351810.3484 3693863.6623 0 0 0 0 0 0 0 0 0                 
point3 880.60100007057 -3963583.0068 3351810.3484 3693863.6623 0 0 0 0 0 0 0 0 0                 
point3 880.80099987984 -3963583.0068 3351810.3484 3693863.6623 0 0 0 0 0 0 0 0 0                 
point3 881.00099992752 -3963583.0068 3351810.3484 3693863.6623 0 0 0 0 0 0 0 0 0                 
point3 881.2009999752 -3963583.0068 3351810.3484 3693863.6623 0 0 0 0 0 0 0 0 0                 
point3 881.40100002289 -3963583.0068 3351810.3484 3693863.6623 0 0 0 0 0 0 0 0 0                 
point3 881.60100007057 -3963583.0068 3351810.3484 3693863.662299 0 0 0 0 0 0 0 0 0                 
point3 881.80099987984 -3963583.0068 3351810.3484 3693863.6623 0 0 0 0 0 0 0 0 0                 
point3 882.00099992752 -3963583.0068 3351810.3484 3693863.6623 0 0 0 0 0 0 0 0 0                 
point3 882.2009999752 -3963583.006799 3351810.3484 3693863.6622 0 0 0 0 0 0 0 0 0                 
point3 882.40100002289 -3963583.0068 3351810.3484 3693863.6623 0 0 0 0 0 0 0 0 0                 
point3 882.60100007057 -3963583.006701 3351810.3484 3693863.662201 0 0 0 0 0 0 0 0 0                 
point3 882.80099987984 -3963583.0068 3351810.3484 3693863.6623 0 0 0 0 0 0 0 0 0                 
point3 883.00099992752 -3963583.0068 3351810.3484 3693863.662299 0 0 0 0 0 0 0 0 0                 
point3 883.2009999752 -3963583.0068 3351810.3484 3693863.6623 0 0 0 0 0 0 0 0 0                 
point3 883.40100002289 -3963583.006799 3351810.3484 3693863.662299 0 0 0 0 0 0 0 0 0                 
point3 883.60100007057 -3963583.0068 3351810.3484 3693863.6623 0 0 0 0 0 0 0 0 0                 
point3 883.80099987984 -3963583.0068 3351810.3484 3693863.6623 0 0 0 0 0 0 0 0 0                 
point3 884.00099992752 -3963583.0068 3351810.3484 3693863.662201 0 0 0 0 0 0 0 0 0                 
point3 884.2009999752 -3963583.0068 3351810.3484 3693863.662299 0 0 0 0 0 0 0 0 0                 
point3 884.40100002289 -3963583.0068 3351810.3484 3693863.6623 0 0 0 0 0 0 0 0 0                 
point3 884.60100007057 -3963583.006799 3351810.3484 3693863.6622 0 0 0 0 0 0 0 0 0                 
point3 884.80099987984 -3963583.0068 3351810.3484 3693863.6623 0 0 0 0 0 0 0 0 0                 
point3 885.00099992752 -3963583.0068 3351810.3484 3693863.662299 0 0 0 0 0 0 0 0 0                 
point3 885.2009999752 -3963583.0068 3351810.3484 3693863.6622 0 0 0 0 0 0 0 0 0                 
point3 885.40100002289 -3963583.0068 3351810.3484 3693863.6622 0 0 0 0 0 0 0 0 0                 
point3 885.60100007057 -3963583.0068 3351810.3484 3693863.6623 0 0 0 0 0 0 0 0 0                 
point3 885.80099987984 -3963583.0068 3351810.3484 3693863.6623 0 0 0 0 0 0 0 0 0                 
point3 886.00099992752 -3963583.0068 3351810.3484 3693863.6623 0 0 0 0 0 0 0 0 0                 
point3 886.2009999752 -3963583.0068 3351810.3484 3693863.662201 0 0 0 0 0 0 0 0 0                 
point3 886.40100002289 -3963583.0068 3351810.3484 3693863.662299 0 0 0 0 0 0 0 0 0                 
point3 886.60100007057 -3963583.0068 3351810.3484 3693863.6622 0 0 0 0 0 0 0 0 0                 
point3 886.80099987984 -3963583.0068 3351810.3484 3693863.6622 0 0 0 0 0 0 0 0 0                 
point3 887.00099992752 -3963583.0068 3351810.3484 3693863.662201 0 0 0 0 0 0 0 0 0                 
point3 887.2009999752 -3963583.0068 3351810.3484 3693863.662299 0 0 0 0 0 0 0 0 0                 
point3 887.40100002289 -3963583.006701 3351810.3484 3693863.662201 0 0 0 0 0 0 0 0 0                 
point3 887.60100007057 -3963583.0068 3351810.3484 3693863.662299 0 0 0 0 0 0 0 0 0                 
point3 887.80099987984 -3963583.0068 3351810.3484 3693863.662201 0 0 0 0 0 0 0 0 0                 
point3 888.00099992752 -3963583.0068 3351810.3484 3693863.662299 0 0 0 0 0 0 0 0 0                 
point3 888.2009999752 -3963583.0068 3351810.3484 3693863.6622 0 0 0 0 0 0 0 0 0                 
point3 888.40100002289 -3963583.0068 3351810.3484 3693863.6622 0 0 0 0 0 0 0 0 0                 
point3 888.60100007057 -3963583.0068 3351810.3484 3693863.6622 0 0 0 0 0 0 0 0 0                 
point3 888.80099987984 -3963583.0068 3351810.3484 3693863.6622 0 0 0 0 0 0 0 0 0                 
point3 889.00099992752 -3963583.0068 3351810.3484 3693863.6622 0 0 0 0 0 0 0 0 0                 
point3 889.2009999752 -3963583.0068 3351810.3484 3693863.6622 0 0 0 0 0 0 0 0 0                 
point3 889.40100002289 -3963583.0068 3351810.3484 3693863.662201 0 0 0 0 0 0 0 0 0                 
point3 889.60100007057 -3963583.0068 3351810.3484 3693863.6623 0 0 0 0 0 0 0 0 0                 
point3 889.80099987984 -3963583.0068 3351810.3484 3693863.6623 0 0 0 0 0 0 0 0 0                 
point3 890.00099992752 -3963583.0068 3351810.3484 3693863.6623 0 0 0 0 0 0 0 0 0                 
point3 890.2009999752 -3963583.0068 3351810.3484 3693863.6623 0 0 0 0 0 0 0 0 0                 
point3 890.40100002289 -3963583.0068 3351810.3484 3693863.662299 0 0 0 0 0 0 0 0 0                 
point3 890.60100007057 -3963583.0068 3351810.3484 3693863.662201 0 0 0 0 0 0 0 0 0                 
point3 890.80099987984 -3963583.0068 3351810.3484 3693863.6622 0 0 0 0 0 0 0 0 0                 
point3 891.00099992752 -3963583.0068 3351810.3484 3693863.6622 0 0 0 0 0 0 0 0 0                 
point3 891.2009999752 -3963583.0068 3351810.3484 3693863.6622 0 0 0 0 0 0 0 0 0                 
point3 891.40100002289 -3963583.0068 3351810.3484 3693863.6623 0 0 0 0 0 0 0 0 0                 
point3 891.60100007057 -3963583.0068 3351810.3484 3693863.662201 0 0 0 0 0 0 0 0 0                 
point3 891.80099987984 -3963583.0068 3351810.3484 3693863.6623 0 0 0 0 0 0 0 0 0                 
point3 892.00099992752 -3963583.0068 3351810.3484 3693863.6623 0 0 0 0 0 0 0 0 0                 
point3 892.2009999752 -3963583.0068 3351810.3484 3693863.6623 0 0 0 0 0 0 0 0 0                 
point3 892.40100002289 -3963583.0068 3351810.3484 3693863.6623 0 0 0 0 0 0 0 0 0                 
point3 892.60100007057 -3963583.0068 3351810.3484 3693863.6623 0 0 0 0 0 0 0 0 0                 
point3 892.80099987984 -3963583.0068 3351810.3484 3693863.6623 0 0 0 0 0 0 0 0 0                 
point3 893.00099992752 -3963583.0068 3351810.3484 3693863.662299 0 0 0 0 0 0 0 0 0                 
point3 893.2009999752 -3963583.0068 3351810.3484 3693863.6622 0 0 0 0 0 0 0 0 0                 
point3 893.40100002289 -3963583.0068 3351810.3484 3693863.6622 0 0 0 0 0 0 0 0 0                 
point3 893.60100007057 -3963583.0068 3351810.3484 3693863.6622 0 0 0 0 0 0 0 0 0                 
point3 893.80099987984 -3963583.0068 3351810.3484 3693863.6622 0 0 0 0 0 0 0 0 0                 
point3 894.00099992752 -3963583.0068 3351810.3484 3693863.6622 0 0 0 0 0 0 0 0 0                 
point3 894.2009999752 -3963583.0068 3351810.3484 3693863.662201 0 0 0 0 0 0 0 0 0                 
point3 894.40100002289 -3963583.0068 3351810.3484 3693863.6623 0 0 0 0 0 0 0 0 0                 
point3 894.60100007057 -3963583.0068 3351810.3484 3693863.6623 0 0 0 0 0 0 0 0 0                 
point3 894.80099987984 -3963583.0068 3351810.3484 3693863.6623 0 0 0 0 0 0 0 0 0                 
point3 895.00099992752 -3963583.0068 3351810.3484 3693863.6623 0 0 0 0 0 0 0 0 0                 
point3 895.2009999752 -3963583.0068 3351810.3484 3693863.6623 0 0 0 0 0 0 0 0 0                 
point3 895.40100002289 -3963583.0068 3351810.3484 3693863.6623 0 0 0 0 0 0 0 0 0                 
point3 895.60100007057 -3963583.0068 3351810.3484 3693863.6623 0 0 0 0 0 0 0 0 0                 
point3 895.80099987984 -3963583.0068 3351810.3484 3693863.6623 0 0 0 0 0 0 0 0 0                 
point3 896.00099992752 -3963583.0068 3351810.3484 3693863.662201 0 0 0 0 0 0 0 0 0                 
point3 896.2009999752 -3963583.0068 3351810.3484 3693863.6623 0 0 0 0 0 0 0 0 0                 
point3 896.40100002289 -3963583.0068 3351810.3484 3693863.6623 0 0 0 0 0 0 0 0 0                 
point3 896.60100007057 -3963583.0068 3351810.3484 3693863.6623 0 0 0 0 0 0 0 0 0                 
point3 896.80099987984 -3963583.0068 3351810.3484 3693863.662299 0 0 0 0 0 0 0 0 0                 
point3 897.00099992752 -3963583.0068 3351810.3484 3693863.662299 0 0 0 0 0 0 0 0 0                 
point3 897.2009999752 -3963583.0068 3351810.348499 3693863.6623 0 0 0 0 0 0 0 0 0                 
point3 897.40100002289 -3963583.0068 3351810.3484 3693863.662201 0 0 0 0 0 0 0 0 0                 
point3 897.60100007057 -3963583.0068 3351810.348401 3693863.6623 0 0 0 0 0 0 0 0 0                 
point3 897.80099987984 -3963583.0068 3351810.3484 3693863.662201 0 0 0 0 0 0 0 0 0                 
point3 898.00099992752 -3963583.0068 3351810.3484 3693863.6623 0 0 0 0 0 0 0 0 0                 
point3 898.2009999752 -3963583.0068 3351810.3484 3693863.662201 0 0 0 0 0 0 0 0 0                 
point3 898.40100002289 -3963583.0068 3351810.348401 3693863.6623 0 0 0 0 0 0 0 0 0                 
point3 898.60100007057 -3963583.0068 3351810.3484 3693863.6622 0 0 0 0 0 0 0 0 0                 
point3 898.80099987984 -3963583.0068 3351810.3484 3693863.662299 0 0 0 0 0 0 0 0 0                 
point3 899.00099992752 -3963583.0068 3351810.3484 3693863.662299 0 0 0 0 0 0 0 0 0                 
point3 899.2009999752 -3963583.0068 3351810.3484 3693863.6623 0 0 0 0 0 0 0 0 0                 
point3 899.40100002289 -3963583.0068 3351810.3484 3693863.662299 0 0 0 0 0 0 0 0 0                 
point3 899.60100007057 -3963583.0068 3351810.348401 3693863.662201 0 0 0 0 0 0 0 0 0                 
point3 899.80099987984 -3963583.0068 3351810.3484 3693863.6622 0 0 0 0 0 0 0 0 0                 
point3 900.00099992752 -3963583.0068 3351810.3484 3693863.662299 0 0 0 0 0 0 0 0 0                 
point3 900.2009999752 -3963583.0068 3351810.3484 3693863.662299 0 0 0 0 0 0 0 0 0                 
point3 900.40100002289 -3963583.0068 3351810.3484 3693863.662201 0 0 0 0 0 0 0 0 0                 
point3 900.60100007057 -3963583.0068 3351810.3484 3693863.662201 0 0 0 0 0 0 0 0 0                 
point3 900.80099987984 -3963583.0068 3351810.3484 3693863.6622 0 0 0 0 0 0 0 0 0                 
point3 901.00099992752 -3963583.006701 3351810.3484 3693863.662201 0 0 0 0 0 0 0 0 0                 
point3 901.2009999752 -3963583.006899 3351810.348499 3693863.662299 0 0 0 0 0 0 0 0 0                 
point3 901.40100002289 -3963583.0068 3351810.3484 3693863.662201 0 0 0 0 0 0 0 0 0                 
point3 901.60100007057 -3963583.0068 3351810.348499 3693863.6623 0 0 0 0 0 0 0 0 0                 
point3 901.80099987984 -3963583.0068 3351810.3484 3693863.6622 0 0 0 0 0 0 0 0 0                 
point3 902.00099992752 -3963583.0068 3351810.348499 3693863.6623 0 0 0 0 0 0 0 0 0                 
point3 902.2009999752 -3963583.0068 3351810.3484 3693863.662201 0 0 0 0 0 0 0 0 0                 
point3 902.40100002289 -3963583.0068 3351810.3484 3693863.662299 0 0 0 0 0 0 0 0 0                 
point3 902.60100007057 -3963583.0068 3351810.3484 3693863.662201 0 0 0 0 0 0 0 0 0                 
point3 902.80099987984 -3963583.0068 3351810.3484 3693863.662299 0 0 0 0 0 0 0 0 0                 
point3 903.00099992752 -3963583.0068 3351810.3484 3693863.6623 0 0 0 0 0 0 0 0 0                 
point3 903.2009999752 -3963583.0068 3351810.3484 3693863.662201 0 0 0 0 0 0 0 0 0                 
point3 903.40100002289 -3963583.0068 3351810.348499 3693863.662299 0 0 0 0 0 0 0 0 0                 
point3 903.60100007057 -3963583.0068 3351810.348401 3693863.662201 0 0 0 0 0 0 0 0 0                 
point3 903.80099987984 -3963583.0068 3351810.3484 3693863.662299 0 0 0 0 0 0 0 0 0                 
point3 904.00099992752 -3963583.0068 3351810.3484 3693863.662201 0 0 0 0 0 0 0 0 0                 
point3 904.2009999752 -3963583.0068 3351810.3484 3693863.662201 0 0 0 0 0 0 0 0 0                 
point3 904.40100002289 -3963583.0068 3351810.3484 3693863.662201 0 0 0 0 0 0 0 0 0                 
point3 904.60100007057 -3963583.0068 3351810.3484 3693863.662299 0 0 0 0 0 0 0 0 0                 
point3 904.80099987984 -3963583.0068 3351810.3484 3693863.662201 0 0 0 0 0 0 0 0 0                 
point3 905.00099992752 -3963583.0068 3351810.3484 3693863.662201 0 0 0 0 0 0 0 0 0                 
point3 905.2009999752 -3963583.0068 3351810.3484 3693863.662299 0 0 0 0 0 0 0 0 0                 
point3 905.40100002289 -3963583.0068 3351810.3484 3693863.6622 0 0 0 0 0 0 0 0 0                 
point3 905.60100007057 -3963583.0068 3351810.3484 3693863.6622 0 0 0 0 0 0 0 0 0                 
point3 905.80099987984 -3963583.0068 3351810.3484 3693863.6622 0 0 0 0 0 0 0 0 0                 
point3 906.00099992752 -3963583.0068 3351810.3484 3693863.662299 0 0 0 0 0 0 0 0 0                 
point3 906.2009999752 -3963583.0068 3351810.3484 3693863.6622 0 0 0 0 0 0 0 0 0                 
point3 906.40100002289 -3963583.0068 3351810.3484 3693863.662299 0 0 0 0 0 0 0 0 0                 
point3 906.60100007057 -3963583.0068 3351810.3484 3693863.6622 0 0 0 0 0 0 0 0 0                 
point3 906.80099987984 -3963583.0068 3351810.3484 3693863.6622 0 0 0 0 0 0 0 0 0                 
point3 907.00099992752 -3963583.0068 3351810.3484 3693863.6622 0 0 0 0 0 0 0 0 0                 
point3 907.2009999752 -3963583.0068 3351810.3484 3693863.6622 0 0 0 0 0 0 0 0 0                 
point3 907.40100002289 -3963583.0068 3351810.3484 3693863.6622 0 0 0 0 0 0 0 0 0                 
point3 907.60100007057 -3963583.0068 3351810.3484 3693863.6622 0 0 0 0 0 0 0 0 0                 
point3 907.80099987984 -3963583.0068 3351810.3484 3693863.6622 0 0 0 0 0 0 0 0 0                 
point3 908.00099992752 -3963583.0068 3351810.3484 3693863.6622 0 0 0 0 0 0 0 0 0                 
point3 908.2009999752 -3963583.0068 3351810.3484 3693863.6622 0 0 0 0 0 0 0 0 0                 
point3 908.40100002289 -3963583.0068 3351810.3484 3693863.6622 0 0 0 0 0 0 0 0 0                 
point3 908.60100007057 -3963583.0068 3351810.3484 3693863.6622 0 0 0 0 0 0 0 0 0                 
point3 908.80099987984 -3963583.0068 3351810.3484 3693863.6622 0 0 0 0 0 0 0 0 0                 
point3 909.00099992752 -3963583.0068 3351810.3484 3693863.6622 0 0 0 0 0 0 0 0 0                 
point3 909.2009999752 -3963583.0068 3351810.3484 3693863.6622 0 0 0 0 0 0 0 0 0                 
point3 909.40100002289 -3963583.0068 3351810.3484 3693863.662201 0 0 0 0 0 0 0 0 0                 
point3 909.60100007057 -3963583.0068 3351810.3484 3693863.6623 0 0 0 0 0 0 0 0 0                 
point3 909.80099987984 -3963583.0068 3351810.3484 3693863.662201 0 0 0 0 0 0 0 0 0                 
point3 910.00099992752 -3963583.0068 3351810.3484 3693863.6622 0 0 0 0 0 0 0 0 0                 
point3 910.2009999752 -3963583.0068 3351810.3484 3693863.6622 0 0 0 0 0 0 0 0 0                 
point3 910.40100002289 -3963583.0068 3351810.3484 3693863.6622 0 0 0 0 0 0 0 0 0                 
point3 910.60100007057 -3963583.0068 3351810.3484 3693863.6622 0 0 0 0 0 0 0 0 0                 
point3 910.80099987984 -3963583.0068 3351810.3484 3693863.6622 0 0 0 0 0 0 0 0 0                 
point3 911.00099992752 -3963583.0068 3351810.3484 3693863.6622 0 0 0 0 0 0 0 0 0                 
point3 911.2009999752 -3963583.0068 3351810.3484 3693863.6622 0 0 0 0 0 0 0 0 0                 
point3 911.40100002289 -3963583.0068 3351810.3484 3693863.6622 0 0 0 0 0 0 0 0 0                 
point3 911.60100007057 -3963583.0068 3351810.3484 3693863.6622 0 0 0 0 0 0 0 0 0                 
point3 911.80099987984 -3963583.0068 3351810.3484 3693863.6623 0 0 0 0 0 0 0 0 0                 
point3 912.00099992752 -3963583.0068 3351810.3484 3693863.6622 0 0 0 0 0 0 0 0 0                 
point3 912.2009999752 -3963583.0068 3351810.3484 3693863.6622 0 0 0 0 0 0 0 0 0                 
point3 912.40100002289 -3963583.0068 3351810.3484 3693863.6622 0 0 0 0 0 0 0 0 0                 
point3 912.60100007057 -3963583.0068 3351810.3484 3693863.6622 0 0 0 0 0 0 0 0 0                 
point3 912.80099987984 -3963583.0068 3351810.3484 3693863.6622 0 0 0 0 0 0 0 0 0                 
point3 913.00099992752 -3963583.0068 3351810.3484 3693863.6622 0 0 0 0 0 0 0 0 0                 
point3 913.2009999752 -3963583.0068 3351810.3484 3693863.6622 0 0 0 0 0 0 0 0 0                 
point3 913.40100002289 -3963583.0068 3351810.3484 3693863.6622 0 0 0 0 0 0 0 0 0                 
point3 913.60100007057 -3963583.0068 3351810.3484 3693863.6622 0 0 0 0 0 0 0 0 0                 
point3 913.80099987984 -3963583.0068 3351810.3484 3693863.6622 0 0 0 0 0 0 0 0 0                 
point3 914.00099992752 -3963583.0068 3351810.3484 3693863.662299 0 0 0 0 0 0 0 0 0                 
point3 914.2009999752 -3963583.0068 3351810.3484 3693863.6622 0 0 0 0 0 0 0 0 0                 
point3 914.40100002289 -3963583.0068 3351810.3484 3693863.6622 0 0 0 0 0 0 0 0 0                 
point3 914.60100007057 -3963583.0068 3351810.3484 3693863.6622 0 0 0 0 0 0 0 0 0                 
point3 914.80099987984 -3963583.0068 3351810.3484 3693863.6622 0 0 0 0 0 0 0 0 0                 
point3 915.00099992752 -3963583.0068 3351810.3484 3693863.6622 0 0 0 0 0 0 0 0 0                 
point3 915.2009999752 -3963583.0068 3351810.3484 3693863.6622 0 0 0 0 0 0 0 0 0                 
point3 915.40100002289 -3963583.0068 3351810.3484 3693863.6622 0 0 0 0 0 0 0 0 0                 
point3 915.60100007057 -3963583.0068 3351810.3484 3693863.6622 0 0 0 0 0 0 0 0 0                 
point3 915.80099987984 -3963583.0068 3351810.3484 3693863.6622 0 0 0 0 0 0 0 0 0                 
point3 916.00099992752 -3963583.0068 3351810.3484 3693863.6622 0 0 0 0 0 0 0 0 0                 
point3 916.2009999752 -3963583.0068 3351810.3484 3693863.6622 0 0 0 0 0 0 0 0 0                 
point3 916.40100002289 -3963583.0068 3351810.3484 3693863.6622 0 0 0 0 0 0 0 0 0                 
point3 916.60100007057 -3963583.0068 3351810.3484 3693863.6622 0 0 0 0 0 0 0 0 0                 
point3 916.80099987984 -3963583.0068 3351810.3484 3693863.6622 0 0 0 0 0 0 0 0 0                 
point3 917.00099992752 -3963583.0068 3351810.3484 3693863.662299 0 0 0 0 0 0 0 0 0                 
point3 917.2009999752 -3963583.0068 3351810.3484 3693863.6622 0 0 0 0 0 0 0 0 0                 
point3 917.40100002289 -3963583.0068 3351810.3484 3693863.662201 0 0 0 0 0 0 0 0 0                 
point3 917.60100007057 -3963583.0068 3351810.3484 3693863.662201 0 0 0 0 0 0 0 0 0                 
point3 917.80099987984 -3963583.0068 3351810.3484 3693863.662201 0 0 0 0 0 0 0 0 0                 
point3 918.00099992752 -3963583.0068 3351810.3484 3693863.662201 0 0 0 0 0 0 0 0 0                 
point3 918.2009999752 -3963583.0068 3351810.3484 3693863.662201 0 0 0 0 0 0 0 0 0                 
point3 918.40100002289 -3963583.0068 3351810.3484 3693863.662201 0 0 0 0 0 0 0 0 0                 
point3 918.60100007057 -3963583.0068 3351810.348401 3693863.662201 0 0 0 0 0 0 0 0 0                 
point3 918.80099987984 -3963583.0068 3351810.3484 3693863.6622 0 0 0 0 0 0 0 0 0                 
point3 919.00099992752 -3963583.0068 3351810.3484 3693863.662201 0 0 0 0 0 0 0 0 0                 
point3 919.2009999752 -3963583.0068 3351810.3484 3693863.6622 0 0 0 0 0 0 0 0 0                 
point3 919.40100002289 -3963583.0068 3351810.3484 3693863.662299 0 0 0 0 0 0 0 0 0                 
point3 919.60100007057 -3963583.0068 3351810.3484 3693863.662201 0 0 0 0 0 0 0 0 0                 
point3 919.80099987984 -3963583.0068 3351810.3484 3693863.662201 0 0 0 0 0 0 0 0 0                 
point3 920.00099992752 -3963583.0068 3351810.3484 3693863.662201 0 0 0 0 0 0 0 0 0                 
point3 920.2009999752 -3963583.0068 3351810.3484 3693863.662299 0 0 0 0 0 0 0 0 0                 
point3 920.40100002289 -3963583.0068 3351810.3484 3693863.6622 0 0 0 0 0 0 0 0 0                 
point3 920.60100007057 -3963583.0068 3351810.3484 3693863.6623 0 0 0 0 0 0 0 0 0                 
point3 920.80099987984 -3963583.0068 3351810.3484 3693863.662299 0 0 0 0 0 0 0 0 0                 
point3 921.00099992752 -3963583.0068 3351810.3484 3693863.6622 0 0 0 0 0 0 0 0 0                 
point3 921.2009999752 -3963583.0068 3351810.3484 3693863.6622 0 0 0 0 0 0 0 0 0                 
point3 921.40100002289 -3963583.0068 3351810.3484 3693863.6622 0 0 0 0 0 0 0 0 0                 
point3 921.60100007057 -3963583.0068 3351810.348499 3693863.662299 0 0 0 0 0 0 0 0 0                 
point3 921.80099987984 -3963583.0068 3351810.348401 3693863.662201 0 0 0 0 0 0 0 0 0                 
point3 922.00099992752 -3963583.0068 3351810.3484 3693863.6622 0 0 0 0 0 0 0 0 0                 
point3 922.2009999752 -3963583.0068 3351810.348499 3693863.662299 0 0 0 0 0 0 0 0 0                 
point3 922.40100002289 -3963583.007003 3351810.3484 3693863.662299 0 0 0 0 0 0 0 0 0                 
point3 922.60100007057 -3963583.007503 3351810.348399 3693863.662099 0 0 0 0 0 0 0 0 0                 
point3 922.80099987984 -3963583.008516 3351810.346953 3693863.662823 0 0 0 0 0 0 0 0 0                 
point3 923.00099992752 -3963583.013143 3351810.334193 3693863.668954 0 0 0 0 0 0 0 0 0                 
point3 923.2009999752 -3963583.022561 3351810.31004 3693863.681082 0 0 0 0 0 0 0 0 0                 
point3 923.40100002289 -3963583.03568 3351810.274878 3693863.699216 0 0 0 0 0 0 0 0 0                 
point3 923.60100007057 -3963583.052708 3351810.227405 3693863.72385 0 0 0 0 0 0 0 0 0                 
point3 923.80099987984 -3963583.077178 3351810.161325 3693863.757543 0 0 0 0 0 0 0 0 0                 
point3 924.00099992752 -3963583.118185 3351810.0509971 3693863.81401 0 0 0 0 0 0 0 0 0                 
point3 924.2009999752 -3963583.180996 3351809.8710281 3693863.905903 0 0 0 0 0 0 0 0 0                 
point3 924.40100002289 -3963583.2657011 3351809.6199208 3693864.0347521 0 0 0 0 0 0 0 0 0                 
point3 924.60100007057 -3963583.3710911 3351809.3113897 3693864.1905511 0 0 0 0 0 0 0 0 0                 
point3 924.80099987984 -3963583.492348 3351808.9594971 3693864.3657559 0 0 0 0 0 0 0 0 0                 
point3 925.00099992752 -3963583.6250139 3351808.5687002 3693864.5638819 0 0 0 0 0 0 0 0 0                 
point3 925.2009999752 -3963583.7717929 3351808.1383762 3693864.7858929 0 0 0 0 0 0 0 0 0                 
point3 925.40100002289 -3963583.9348781 3351807.6613276 3693865.0307132 0 0 0 0 0 0 0 0 0                 
point3 925.60100007057 -3963584.1148572 3351807.1348945 3693865.2994312 0 0 0 0 0 0 0 0 0                 
point3 925.80099987984 -3963584.3098249 3351806.5625862 3693865.5919549 0 0 0 0 0 0 0 0 0                 
point3 926.00099992752 -3963584.5177879 3351805.9492842 3693865.9087589 0 0 0 0 0 0 0 0 0                 
point3 926.2009999752 -3963584.7393629 3351805.2960932 3693866.2449389 0 0 0 0 0 0 0 0 0                 
point3 926.40100002289 -3963584.9749222 3351804.6057184 3693866.5975413 0 0 0 0 0 0 0 0 0                 
point3 926.60100007057 -3963585.2211702 3351803.8797324 3693866.9711393 0 0 0 0 0 0 0 0 0                 
point3 926.80099987984 -3963585.4783269 3351803.1168403 3693867.3635349 0 0 0 0 0 0 0 0 0                 
point3 927.00099992752 -3963585.7470919 3351802.3161733 3693867.7754158 0 0 0 0 0 0 0 0 0                 
point3 927.2009999752 -3963586.0293549 3351801.4828053 3693868.2009728 0 0 0 0 0 0 0 0 0                 
point3 927.40100002289 -3963586.3220782 3351800.6156673 3693868.6393464 0 0 0 0 0 0 0 0 0                 
point3 927.60100007057 -3963586.6190102 3351799.7248823 3693869.0909874 0 0 0 0 0 0 0 0 0                 
point3 927.80099987984 -3963586.9235549 3351798.8177113 3693869.5495088 0 0 0 0 0 0 0 0 0                 
point3 928.00099992752 -3963587.2369949 3351797.8950923 3693870.0132618 0 0 0 0 0 0 0 0 0                 
point3 928.2009999752 -3963587.5565129 3351796.9488363 3693870.4896108 0 0 0 0 0 0 0 0 0                 
point3 928.40100002289 -3963587.8809413 3351795.9942902 3693870.9722334 0 0 0 0 0 0 0 0 0                 
point3 928.60100007057 -3963588.2105673 3351795.0313542 3693871.4610724 0 0 0 0 0 0 0 0 0                 
point3 928.80099987984 -3963588.5455909 3351794.0593024 3693871.9559938 0 0 0 0 0 0 0 0 0                 
point3 929.00099992752 -3963588.8831799 3351793.0770494 3693872.4574558 0 0 0 0 0 0 0 0 0                 
point3 929.2009999752 -3963589.2182409 3351792.0844974 3693872.9719498 0 0 0 0 0 0 0 0 0                 
point3 929.40100002289 -3963589.5421593 3351791.0794582 3693873.5067565 0 0 0 0 0 0 0 0 0                 
point3 929.60100007057 -3963589.8509012 3351790.0723922 3693874.0622285 0 0 0 0 0 0 0 0 0                 
point3 929.80099987984 -3963590.1462869 3351789.0741374 3693874.6296808 0 0 0 0 0 0 0 0 0                 
point3 930.00099992752 -3963590.4170689 3351788.0837934 3693875.2125118 0 0 0 0 0 0 0 0 0                 
point3 930.2009999752 -3963590.6648499 3351787.1052543 3693875.8202048 0 0 0 0 0 0 0 0 0                 
point3 930.40100002289 -3963590.8863762 3351786.1372812 3693876.4455905 0 0 0 0 0 0 0 0 0                 
point3 930.60100007057 -3963591.0733141 3351785.1801182 3693877.0890095 0 0 0 0 0 0 0 0 0                 
point3 930.80099987984 -3963591.227114 3351784.2488503 3693877.7578958 0 0 0 0 0 0 0 0 0                 
point3 931.00099992752 -3963591.340728 3351783.3287533 3693878.4426407 0 0 0 0 0 0 0 0 0                 
point3 931.2009999752 -3963591.414098 3351782.4456973 3693879.1616987 0 0 0 0 0 0 0 0 0                 
point3 931.40100002289 -3963591.439797 3351781.5912163 3693879.9062556 0 0 0 0 0 0 0 0 0                 
point3 931.60100007057 -3963591.4045519 3351780.7652293 3693880.6867897 0 0 0 0 0 0 0 0 0                 
point3 931.80099987984 -3963591.322391 3351779.9796543 3693881.4889857 0 0 0 0 0 0 0 0 0                 
point3 932.00099992752 -3963591.1888801 3351779.2400333 3693882.3056007 0 0 0 0 0 0 0 0 0                 
point3 932.2009999752 -3963591.0106991 3351778.5324692 3693883.1326487 0 0 0 0 0 0 0 0 0                 
point3 932.40100002289 -3963590.7726758 3351777.8559765 3693883.9927237 0 0 0 0 0 0 0 0 0                 
point3 932.60100007057 -3963590.4737967 3351777.2211855 3693884.8821867 0 0 0 0 0 0 0 0 0                 
point3 932.80099987984 -3963590.1168031 3351776.6324532 3693885.7827557 0 0 0 0 0 0 0 0 0                 
point3 933.00099992752 -3963589.7051192 3351776.0960942 3693886.6987617 0 0 0 0 0 0 0 0 0                 
point3 933.2009999752 -3963589.2284532 3351775.6026692 3693887.6362767 0 0 0 0 0 0 0 0 0                 
point3 933.40100002289 -3963588.6872685 3351775.1727197 3693888.5983108 0 0 0 0 0 0 0 0 0                 
point3 933.60100007057 -3963588.0830075 3351774.7913777 3693889.5842618 0 0 0 0 0 0 0 0 0                 
point3 933.80099987984 -3963587.4029063 3351774.4652451 3693890.5828926 0 0 0 0 0 0 0 0 0                 
point3 934.00099992752 -3963586.6536223 3351774.2135921 3693891.6055626 0 0 0 0 0 0 0 0 0                 
point3 934.2009999752 -3963585.8343353 3351774.0200931 3693892.6394846 0 0 0 0 0 0 0 0 0                 
point3 934.40100002289 -3963584.9525763 3351773.8740149 3693893.6796229 0 0 0 0 0 0 0 0 0                 
point3 934.60100007057 -3963584.0342002 3351773.790417 3693894.7207909 0 0 0 0 0 0 0 0 0                 
point3 934.80099987984 -3963583.0606634 3351773.737722 3693895.7673676 0 0 0 0 0 0 0 0 0                 
point3 935.00099992752 -3963582.0440664 3351773.709264 3693896.8443066 0 0 0 0 0 0 0 0 0                 
point3 935.2009999752 -3963580.9880854 3351773.708389 3693897.9267526 0 0 0 0 0 0 0 0 0                 
point3 935.40100002289 -3963579.8943621 3351773.733218 3693899.0239839 0 0 0 0 0 0 0 0 0                 
point3 935.60100007057 -3963578.756351 3351773.7834551 3693900.1464919 0 0 0 0 0 0 0 0 0                 
point3 935.80099987984 -3963577.5763484 3351773.85871 3693901.2892816 0 0 0 0 0 0 0 0 0                 
point3 936.00099992752 -3963576.3588264 3351773.942215 3693902.4513976 0 0 0 0 0 0 0 0 0                 
point3 936.2009999752 -3963575.1172955 3351774.025335 3693903.6375316 0 0 0 0 0 0 0 0 0                 
point3 936.40100002289 -3963573.8489659 3351774.1144871 3693904.851882 0 0 0 0 0 0 0 0 0                 
point3 936.60100007057 -3963572.5571519 3351774.2141381 3693906.094293 0 0 0 0 0 0 0 0 0                 
point3 936.80099987984 -3963571.2409055 3351774.322758 3693907.3575835 0 0 0 0 0 0 0 0 0                 
point3 937.00099992752 -3963569.8978385 3351774.437114 3693908.6379525 0 0 0 0 0 0 0 0 0                 
point3 937.2009999752 -3963568.5360865 3351774.562357 3693909.9311335 0 0 0 0 0 0 0 0 0                 
point3 937.40100002289 -3963567.1467888 3351774.6944681 3693911.2445491 0 0 0 0 0 0 0 0 0                 
point3 937.60100007057 -3963565.7401858 3351774.8281421 3693912.5791661 0 0 0 0 0 0 0 0 0                 
point3 937.80099987984 -3963564.3096495 3351774.955937 3693913.9402255 0 0 0 0 0 0 0 0 0                 
point3 938.00099992752 -3963562.8545525 3351775.086892 3693915.3314365 0 0 0 0 0 0 0 0 0                 
point3 938.2009999752 -3963561.3779045 3351775.2267319 3693916.7448675 0 0 0 0 0 0 0 0 0                 
point3 938.40100002289 -3963559.8703527 3351775.3762661 3693918.1859032 0 0 0 0 0 0 0 0 0                 
point3 938.60100007057 -3963558.3359707 3351775.5302921 3693919.6506892 0 0 0 0 0 0 0 0 0                 
point3 938.80099987984 -3963556.7828266 3351775.6894049 3693921.1343245 0 0 0 0 0 0 0 0 0                 
point3 939.00099992752 -3963555.2030046 3351775.8526179 3693922.6475605 0 0 0 0 0 0 0 0 0                 
point3 939.2009999752 -3963553.5975966 3351776.0170339 3693924.1853614 0 0 0 0 0 0 0 0 0                 
point3 939.40100002289 -3963551.9717937 3351776.1867771 3693925.7425673 0 0 0 0 0 0 0 0 0                 
point3 939.60100007057 -3963550.3271186 3351776.3647071 3693927.3226043 0 0 0 0 0 0 0 0 0                 
point3 939.80099987984 -3963548.6635686 3351776.5460979 3693928.9306474 0 0 0 0 0 0 0 0 0                 
point3 940.00099992752 -3963546.9727816 3351776.7247759 3693930.5654334 0 0 0 0 0 0 0 0 0                 
point3 940.2009999752 -3963545.2633906 3351776.8991789 3693932.2168394 0 0 0 0 0 0 0 0 0                 
point3 940.40100002289 -3963543.5385476 3351777.0760691 3693933.8912704 0 0 0 0 0 0 0 0 0                 
point3 940.60100007057 -3963541.8059776 3351777.2473121 3693935.5926224 0 0 0 0 0 0 0 0 0                 
point3 940.80099987984 -3963540.0553826 3351777.4069509 3693937.3235314 0 0 0 0 0 0 0 0 0                 
point3 941.00099992752 -3963538.2898626 3351777.5564459 3693939.0724934 0 0 0 0 0 0 0 0 0                 
point3 941.2009999752 -3963536.5180476 3351777.7051209 3693940.8384524 0 0 0 0 0 0 0 0 0                 
point3 941.40100002289 -3963534.7237085 3351777.8479851 3693942.6357535 0 0 0 0 0 0 0 0 0                 
point3 941.60100007057 -3963532.9215365 3351777.9815511 3693944.4494405 0 0 0 0 0 0 0 0 0                 
point3 941.80099987984 -3963531.1054647 3351778.111041 3693946.2835643 0 0 0 0 0 0 0 0 0                 
point3 942.00099992752 -3963529.2731597 3351778.239835 3693948.1418543 0 0 0 0 0 0 0 0 0                 
point3 942.2009999752 -3963527.4240587 3351778.36491 3693950.0142763 0 0 0 0 0 0 0 0 0                 
point3 942.40100002289 -3963525.5736115 3351778.4856981 3693951.8930606 0 0 0 0 0 0 0 0 0                 
point3 942.60100007057 -3963523.7152955 3351778.6059121 3693953.7883206 0 0 0 0 0 0 0 0 0                 
point3 942.80099987984 -3963521.8528337 3351778.728092 3693955.6953913 0 0 0 0 0 0 0 0 0                 
point3 943.00099992752 -3963519.9740377 3351778.844455 3693957.6181623 0 0 0 0 0 0 0 0 0                 
point3 943.2009999752 -3963518.0798047 3351778.952513 3693959.5526023 0 0 0 0 0 0 0 0 0                 
point3 943.40100002289 -3963516.1783544 3351779.0555101 3693961.4971996 0 0 0 0 0 0 0 0 0                 
point3 943.60100007057 -3963514.2638754 3351779.1567861 3693963.4629046 0 0 0 0 0 0 0 0 0                 
point3 943.80099987984 -3963512.3405647 3351779.252354 3693965.4462753 0 0 0 0 0 0 0 0 0                 
point3 944.00099992752 -3963510.4076867 3351779.341937 3693967.4485013 0 0 0 0 0 0 0 0 0                 
point3 944.2009999752 -3963508.4636427 3351779.428208 3693969.4723713 0 0 0 0 0 0 0 0 0                 
point3 944.40100002289 -3963506.5073684 3351779.5070561 3693971.5117697 0 0 0 0 0 0 0 0 0                 
point3 944.60100007057 -3963504.5379004 3351779.5767301 3693973.5686367 0 0 0 0 0 0 0 0 0                 
point3 944.80099987984 -3963502.5537857 3351779.642213 3693975.6397063 0 0 0 0 0 0 0 0 0                 
point3 945.00099992752 -3963500.5500947 3351779.704306 3693977.7232453 0 0 0 0 0 0 0 0 0                 
point3 945.2009999752 -3963498.5455307 3351779.763273 3693979.8182772 0 0 0 0 0 0 0 0 0                 
point3 945.40100002289 -3963496.5293663 3351779.816954 3693981.9394698 0 0 0 0 0 0 0 0 0                 
point3 945.60100007057 -3963494.4977733 3351779.866022 3693984.0752068 0 0 0 0 0 0 0 0 0                 
point3 945.80099987984 -3963492.4507607 3351779.909102 3693986.2173362 0 0 0 0 0 0 0 0 0                 
point3 946.00099992752 -3963490.4012177 3351779.948587 3693988.3693462 0 0 0 0 0 0 0 0 0                 
point3 946.2009999752 -3963488.3397447 3351779.984671 3693990.5442232 0 0 0 0 0 0 0 0 0                 
point3 946.40100002289 -3963486.2720623 3351780.017957 3693992.7291628 0 0 0 0 0 0 0 0 0                 
point3 946.60100007057 -3963484.1974473 3351780.043849 3693994.9299058 0 0 0 0 0 0 0 0 0                 
point3 946.80099987984 -3963482.1046148 3351780.050996 3693997.1507892 0 0 0 0 0 0 0 0 0                 
point3 947.00099992752 -3963480.0083497 3351780.046957 3693999.3698592 0 0 0 0 0 0 0 0 0                 
point3 947.2009999752 -3963477.9166708 3351780.038633 3694001.6104252 0 0 0 0 0 0 0 0 0                 
point3 947.40100002289 -3963475.8079213 3351780.022481 3694003.8772099 0 0 0 0 0 0 0 0 0                 
point3 947.60100007057 -3963473.6910063 3351779.993877 3694006.1358839 0 0 0 0 0 0 0 0 0                 
point3 947.80099987984 -3963471.5776658 3351779.946128 3694008.3952622 0 0 0 0 0 0 0 0 0                 
point3 948.00099992752 -3963469.4697998 3351779.889292 3694010.6739452 0 0 0 0 0 0 0 0 0                 
point3 948.2009999752 -3963467.3696818 3351779.826144 3694012.9650942 0 0 0 0 0 0 0 0 0                 
point3 948.40100002289 -3963465.2634493 3351779.7523209 3694015.2658139 0 0 0 0 0 0 0 0 0                 
point3 948.60100007057 -3963463.1556703 3351779.6746899 3694017.5680299 0 0 0 0 0 0 0 0 0                 
point3 948.80099987984 -3963461.0510738 3351779.591544 3694019.8778142 0 0 0 0 0 0 0 0 0                 
point3 949.00099992752 -3963458.9443568 3351779.499337 3694022.2037442 0 0 0 0 0 0 0 0 0                 
point3 949.2009999752 -3963456.8358358 3351779.405928 3694024.5327622 0 0 0 0 0 0 0 0 0                 
point3 949.40100002289 -3963454.7187603 3351779.3099799 3694026.8693309 0 0 0 0 0 0 0 0 0                 
point3 949.60100007057 -3963452.5912462 3351779.2035379 3694029.2164529 0 0 0 0 0 0 0 0 0                 
point3 949.80099987984 -3963450.4577028 3351779.090033 3694031.5698152 0 0 0 0 0 0 0 0 0                 
point3 950.00099992752 -3963448.3165078 3351778.976928 3694033.9358702 0 0 0 0 0 0 0 0 0                 
point3 950.2009999752 -3963446.1755438 3351778.860798 3694036.3142641 0 0 0 0 0 0 0 0 0                 
point3 950.40100002289 -3963444.0193692 3351778.7387899 3694038.709788 0 0 0 0 0 0 0 0 0                 
point3 950.60100007057 -3963441.8519202 3351778.6168759 3694041.106403 0 0 0 0 0 0 0 0 0                 
point3 950.80099987984 -3963439.6757138 3351778.491761 3694043.5102721 0 0 0 0 0 0 0 0 0                 
point3 951.00099992752 -3963437.4975128 3351778.363047 3694045.9286351 0 0 0 0 0 0 0 0 0                 
point3 951.2009999752 -3963435.3194848 3351778.232025 3694048.3584931 0 0 0 0 0 0 0 0 0                 
point3 951.40100002289 -3963433.1358742 3351778.0945579 3694050.798821 0 0 0 0 0 0 0 0 0                 
point3 951.60100007057 -3963430.9499952 3351777.9417839 3694053.243542 0 0 0 0 0 0 0 0 0                 
point3 951.80099987984 -3963428.7716998 3351777.7765241 3694055.6942151 0 0 0 0 0 0 0 0 0                 
point3 952.00099992752 -3963426.5933618 3351777.5989771 3694058.1607651 0 0 0 0 0 0 0 0 0                 
point3 952.2009999752 -3963424.4257338 3351777.4098911 3694060.6368381 0 0 0 0 0 0 0 0 0                 
point3 952.40100002289 -3963422.2509252 3351777.2052508 3694063.126247 0 0 0 0 0 0 0 0 0                 
point3 952.60100007057 -3963420.0777152 3351776.9959558 3694065.6147671 0 0 0 0 0 0 0 0 0                 
point3 952.80099987984 -3963417.8997698 3351776.7881511 3694068.1112151 0 0 0 0 0 0 0 0 0                 
point3 953.00099992752 -3963415.7148158 3351776.5775411 3694070.6137971 0 0 0 0 0 0 0 0 0                 
point3 953.2009999752 -3963413.5373038 3351776.3635911 3694073.1163751 0 0 0 0 0 0 0 0 0                 
point3 953.40100002289 -3963411.3572862 3351776.1390358 3694075.6344991 0 0 0 0 0 0 0 0 0                 
point3 953.60100007057 -3963409.1776272 3351775.9049098 3694078.1504371 0 0 0 0 0 0 0 0 0                 
point3 953.80099987984 -3963407.0071948 3351775.6659791 3694080.6565301 0 0 0 0 0 0 0 0 0                 
point3 954.00099992752 -3963404.8463328 3351775.4182271 3694083.1646461 0 0 0 0 0 0 0 0 0                 
point3 954.2009999752 -3963402.6934418 3351775.1626021 3694085.6746641 0 0 0 0 0 0 0 0 0                 
point3 954.40100002289 -3963400.5446622 3351774.9022788 3694088.1896241 0 0 0 0 0 0 0 0 0                 
point3 954.60100007057 -3963398.3941282 3351774.6359528 3694090.7172591 0 0 0 0 0 0 0 0 0                 
point3 954.80099987984 -3963396.2396798 3351774.3657891 3694093.2475461 0 0 0 0 0 0 0 0 0                 
point3 955.00099992752 -3963394.0750408 3351774.0811011 3694095.7769251 0 0 0 0 0 0 0 0 0                 
point3 955.2009999752 -3963391.9215138 3351773.8008041 3694098.3060021 0 0 0 0 0 0 0 0 0                 
point3 955.40100002289 -3963389.7673652 3351773.5232148 3694100.8459801 0 0 0 0 0 0 0 0 0                 
point3 955.60100007057 -3963387.6224562 3351773.2450578 3694103.3807761 0 0 0 0 0 0 0 0 0                 
point3 955.80099987984 -3963385.4742228 3351772.9552301 3694105.9134961 0 0 0 0 0 0 0 0 0                 
point3 956.00099992752 -3963383.3420608 3351772.6608071 3694108.4288561 0 0 0 0 0 0 0 0 0                 
point3 956.2009999752 -3963381.2130978 3351772.3619241 3694110.9405181 0 0 0 0 0 0 0 0 0                 
point3 956.40100002289 -3963379.0981693 3351772.0675048 3694113.438742 0 0 0 0 0 0 0 0 0                 
point3 956.60100007057 -3963376.9956413 3351771.7678098 3694115.925607 0 0 0 0 0 0 0 0 0                 
point3 956.80099987984 -3963374.9089477 3351771.4717531 3694118.4028321 0 0 0 0 0 0 0 0 0                 
point3 957.00099992752 -3963372.8462837 3351771.1834091 3694120.8677341 0 0 0 0 0 0 0 0 0                 
point3 957.2009999752 -3963370.8074677 3351770.8743611 3694123.3374671 0 0 0 0 0 0 0 0 0                 
point3 957.40100002289 -3963368.7864543 3351770.5176967 3694125.808108 0 0 0 0 0 0 0 0 0                 
point3 957.60100007057 -3963366.7812344 3351770.1325547 3694128.267477 0 0 0 0 0 0 0 0 0                 
point3 957.80099987984 -3963364.7926257 3351769.7451111 3694130.7224761 0 0 0 0 0 0 0 0 0                 
point3 958.00099992752 -3963362.8192677 3351769.3693301 3694133.1779661 0 0 0 0 0 0 0 0 0                 
point3 958.2009999752 -3963360.8562517 3351768.9927611 3694135.6280931 0 0 0 0 0 0 0 0 0                 
point3 958.40100002289 -3963358.9092884 3351768.6024347 3694138.06415 0 0 0 0 0 0 0 0 0                 
point3 958.60100007057 -3963356.9699124 3351768.2153497 3694140.490485 0 0 0 0 0 0 0 0 0                 
point3 958.80099987984 -3963355.0299597 3351767.8496241 3694142.9042081 0 0 0 0 0 0 0 0 0                 
point3 959.00099992752 -3963353.0850637 3351767.4962561 3694145.2991752 0 0 0 0 0 0 0 0 0                 
point3 959.2009999752 -3963351.1624187 3351767.1482661 3694147.6730881 0 0 0 0 0 0 0 0 0                 
point3 959.40100002289 -3963349.2474704 3351766.7981927 3694150.052061 0 0 0 0 0 0 0 0 0                 
point3 959.60100007057 -3963347.3495055 3351766.4356697 3694152.4166509 0 0 0 0 0 0 0 0 0                 
point3 959.80099987984 -3963345.4724287 3351766.0691751 3694154.7675752 0 0 0 0 0 0 0 0 0                 
point3 960.00099992752 -3963343.6012057 3351765.7054911 3694157.1201942 0 0 0 0 0 0 0 0 0                 
point3 960.2009999752 -3963341.7455517 3351765.3415591 3694159.4547342 0 0 0 0 0 0 0 0 0                 
point3 960.40100002289 -3963339.8963875 3351764.9738787 3694161.7800889 0 0 0 0 0 0 0 0 0                 
point3 960.60100007057 -3963338.0560045 3351764.6116017 3694164.0935159 0 0 0 0 0 0 0 0 0                 
point3 960.80099987984 -3963336.2207487 3351764.2522181 3694166.3928452 0 0 0 0 0 0 0 0 0                 
point3 961.00099992752 -3963334.3905797 3351763.8988661 3694168.6792832 0 0 0 0 0 0 0 0 0                 
point3 961.2009999752 -3963332.5697316 3351763.5530841 3694170.9520282 0 0 0 0 0 0 0 0 0                 
point3 961.40100002289 -3963330.7535135 3351763.2083867 3694173.2166859 0 0 0 0 0 0 0 0 0                 
point3 961.60100007057 -3963328.9407705 3351762.8716817 3694175.4664678 0 0 0 0 0 0 0 0 0                 
point3 961.80099987984 -3963327.1348816 3351762.5506141 3694177.6985472 0 0 0 0 0 0 0 0 0                 
point3 962.00099992752 -3963325.3346576 3351762.2308411 3694179.9253852 0 0 0 0 0 0 0 0 0                 
point3 962.2009999752 -3963323.5517786 3351761.8958011 3694182.1393302 0 0 0 0 0 0 0 0 0                 
point3 962.40100002289 -3963321.7898226 3351761.5545847 3694184.3460498 0 0 0 0 0 0 0 0 0                 
point3 962.60100007057 -3963320.0360716 3351761.2114747 3694186.5537908 0 0 0 0 0 0 0 0 0                 
point3 962.80099987984 -3963318.2946446 3351760.8634241 3694188.7473232 0 0 0 0 0 0 0 0 0                 
point3 963.00099992752 -3963316.5676286 3351760.5080211 3694190.9308012 0 0 0 0 0 0 0 0 0                 
point3 963.2009999752 -3963314.8553216 3351760.1497251 3694193.1107892 0 0 0 0 0 0 0 0 0                 
point3 963.40100002289 -3963313.1430376 3351759.7711967 3694195.2847788 0 0 0 0 0 0 0 0 0                 
point3 963.60100007057 -3963311.4530716 3351759.3913147 3694197.4363578 0 0 0 0 0 0 0 0 0                 
point3 963.80099987984 -3963309.7697166 3351759.0176531 3694199.5884512 0 0 0 0 0 0 0 0 0                 
point3 964.00099992752 -3963308.0959596 3351758.6461131 3694201.7357852 0 0 0 0 0 0 0 0 0                 
point3 964.2009999752 -3963306.4313126 3351758.2697121 3694203.8698342 0 0 0 0 0 0 0 0 0                 
point3 964.40100002289 -3963304.7742526 3351757.8901887 3694205.9961077 0 0 0 0 0 0 0 0 0                 
point3 964.60100007057 -3963303.1282866 3351757.5065827 3694208.1142527 0 0 0 0 0 0 0 0 0                 
point3 964.80099987984 -3963301.4857836 3351757.1263241 3694210.2224092 0 0 0 0 0 0 0 0 0                 
point3 965.00099992752 -3963299.8417946 3351756.7545961 3694212.3212383 0 0 0 0 0 0 0 0 0                 
point3 965.2009999752 -3963298.2038356 3351756.3953391 3694214.4048763 0 0 0 0 0 0 0 0 0                 
point3 965.40100002289 -3963296.5702287 3351756.0455797 3694216.4801667 0 0 0 0 0 0 0 0 0                 
point3 965.60100007057 -3963294.9356307 3351755.7031097 3694218.5497857 0 0 0 0 0 0 0 0 0                 
point3 965.80099987984 -3963293.3033476 3351755.3679641 3694220.6020103 0 0 0 0 0 0 0 0 0                 
point3 966.00099992752 -3963291.6749926 3351755.0416141 3694222.6425763 0 0 0 0 0 0 0 0 0                 
point3 966.2009999752 -3963290.0537896 3351754.7255491 3694224.6765453 0 0 0 0 0 0 0 0 0                 
point3 966.40100002289 -3963288.4304967 3351754.4185978 3694226.7024757 0 0 0 0 0 0 0 0 0                 
point3 966.60100007057 -3963286.8115127 3351754.1196258 3694228.7128146 0 0 0 0 0 0 0 0 0                 
point3 966.80099987984 -3963285.1953436 3351753.8238351 3694230.7137713 0 0 0 0 0 0 0 0 0                 
point3 967.00099992752 -3963283.5843446 3351753.5369121 3694232.7047123 0 0 0 0 0 0 0 0 0                 
point3 967.2009999752 -3963281.9727476 3351753.2618801 3694234.6847583 0 0 0 0 0 0 0 0 0                 
point3 967.40100002289 -3963280.3633577 3351752.9997028 3694236.6531016 0 0 0 0 0 0 0 0 0                 
point3 967.60100007057 -3963278.7550687 3351752.7428608 3694238.6107476 0 0 0 0 0 0 0 0 0                 
point3 967.80099987984 -3963277.1514166 3351752.4961061 3694240.5565853 0 0 0 0 0 0 0 0 0                 
point3 968.00099992752 -3963275.5542916 3351752.2605461 3694242.4923653 0 0 0 0 0 0 0 0 0                 
point3 968.2009999752 -3963273.9516856 3351752.0315731 3694244.4230883 0 0 0 0 0 0 0 0 0                 
point3 968.40100002289 -3963272.3543597 3351751.8108448 3694246.3347946 0 0 0 0 0 0 0 0 0                 
point3 968.60100007057 -3963270.7647497 3351751.5997758 3694248.2342066 0 0 0 0 0 0 0 0 0                 
point3 968.80099987984 -3963269.1753406 3351751.3987131 3694250.1327353 0 0 0 0 0 0 0 0 0                 
point3 969.00099992752 -3963267.5864996 3351751.2036601 3694252.0149383 0 0 0 0 0 0 0 0 0                 
point3 969.2009999752 -3963266.0072946 3351751.0157471 3694253.8817353 0 0 0 0 0 0 0 0 0                 
point3 969.40100002289 -3963264.4247757 3351750.8233118 3694255.7481885 0 0 0 0 0 0 0 0 0                 
point3 969.60100007057 -3963262.8450907 3351750.6257168 3694257.5994745 0 0 0 0 0 0 0 0 0                 
point3 969.80099987984 -3963261.2861776 3351750.4313741 3694259.4338043 0 0 0 0 0 0 0 0 0                 
point3 970.00099992752 -3963259.7157496 3351750.2483071 3694261.2771843 0 0 0 0 0 0 0 0 0                 
point3 970.2009999752 -3963258.1561056 3351750.0707101 3694263.1042374 0 0 0 0 0 0 0 0 0                 
point3 970.40100002289 -3963256.6140847 3351749.8879308 3694264.9167415 0 0 0 0 0 0 0 0 0                 
point3 970.60100007057 -3963255.0752627 3351749.6959788 3694266.7430645 0 0 0 0 0 0 0 0 0                 
point3 970.80099987984 -3963253.5489665 3351749.5116611 3694268.5511134 0 0 0 0 0 0 0 0 0                 
point3 971.00099992752 -3963252.0239325 3351749.3242651 3694270.3540984 0 0 0 0 0 0 0 0 0                 
point3 971.2009999752 -3963250.5132535 3351749.1380511 3694272.1510574 0 0 0 0 0 0 0 0 0                 
point3 971.40100002289 -3963249.0040048 3351748.9470528 3694273.9413135 0 0 0 0 0 0 0 0 0                 
point3 971.60100007057 -3963247.5097358 3351748.7581358 3694275.7195565 0 0 0 0 0 0 0 0 0                 
point3 971.80099987984 -3963246.0182995 3351748.5633171 3694277.4906204 0 0 0 0 0 0 0 0 0                 
point3 972.00099992752 -3963244.5442845 3351748.3656901 3694279.2501414 0 0 0 0 0 0 0 0 0                 
point3 972.2009999752 -3963243.0851855 3351748.1614681 3694280.9967874 0 0 0 0 0 0 0 0 0                 
point3 972.40100002289 -3963241.6473808 3351747.9553568 3694282.7298014 0 0 0 0 0 0 0 0 0                 
point3 972.60100007057 -3963240.2295858 3351747.7462268 3694284.4449984 0 0 0 0 0 0 0 0 0                 
point3 972.80099987984 -3963238.8351595 3351747.5337481 3694286.1374314 0 0 0 0 0 0 0 0 0                 
point3 973.00099992752 -3963237.4791105 3351747.3244401 3694287.7922084 0 0 0 0 0 0 0 0 0                 
point3 973.2009999752 -3963236.1752965 3351747.1088531 3694289.4036114 0 0 0 0 0 0 0 0 0                 
point3 973.40100002289 -3963234.929592 3351746.8735618 3694290.9755983 0 0 0 0 0 0 0 0 0                 
point3 973.60100007057 -3963233.7436031 3351746.6210378 3694292.5024502 0 0 0 0 0 0 0 0 0                 
point3 973.80099987984 -3963232.6208774 3351746.3401801 3694293.9786725 0 0 0 0 0 0 0 0 0                 
point3 974.00099992752 -3963231.5832683 3351746.0276771 3694295.3981855 0 0 0 0 0 0 0 0 0                 
point3 974.2009999752 -3963230.6357343 3351745.6719741 3694296.7639905 0 0 0 0 0 0 0 0 0                 
point3 974.40100002289 -3963229.7600803 3351745.2797317 3694298.0918771 0 0 0 0 0 0 0 0 0                 
point3 974.60100007057 -3963228.9510334 3351744.8576456 3694299.376891 0 0 0 0 0 0 0 0 0                 
point3 974.80099987984 -3963228.1914403 3351744.3923772 3694300.6271546 0 0 0 0 0 0 0 0 0                 
point3 975.00099992752 -3963227.4969282 3351743.8784962 3694301.8490716 0 0 0 0 0 0 0 0 0                 
point3 975.2009999752 -3963226.8550912 3351743.3231932 3694303.0343276 0 0 0 0 0 0 0 0 0                 
point3 975.40100002289 -3963226.2702126 3351742.7325145 3694304.1934859 0 0 0 0 0 0 0 0 0                 
point3 975.60100007057 -3963225.7428396 3351742.1085495 3694305.3232439 0 0 0 0 0 0 0 0 0                 
point3 975.80099987984 -3963225.2615882 3351741.4504882 3694306.4280476 0 0 0 0 0 0 0 0 0                 
point3 976.00099992752 -3963224.8307081 3351740.7626713 3694307.5111226 0 0 0 0 0 0 0 0 0                 
point3 976.2009999752 -3963224.4444451 3351740.0478933 3694308.5692096 0 0 0 0 0 0 0 0 0                 
point3 976.40100002289 -3963224.1052818 3351739.2989864 3694309.6057118 0 0 0 0 0 0 0 0 0                 
point3 976.60100007057 -3963223.8130098 3351738.5293443 3694310.6221748 0 0 0 0 0 0 0 0 0                 
point3 976.80099987984 -3963223.5658051 3351737.7339373 3694311.6095517 0 0 0 0 0 0 0 0 0                 
point3 977.00099992752 -3963223.3567001 3351736.9177723 3694312.5747347 0 0 0 0 0 0 0 0 0                 
point3 977.2009999752 -3963223.1864991 3351736.0862543 3694313.5141747 0 0 0 0 0 0 0 0 0                 
point3 977.40100002289 -3963223.0562779 3351735.2341023 3694314.4211397 0 0 0 0 0 0 0 0 0                 
point3 977.60100007057 -3963222.9614849 3351734.3716523 3694315.3023957 0 0 0 0 0 0 0 0 0                 
point3 977.80099987984 -3963222.908181 3351733.4985453 3694316.1552567 0 0 0 0 0 0 0 0 0                 
point3 978.00099992752 -3963222.893535 3351732.6041493 3694316.9814667 0 0 0 0 0 0 0 0 0                 
point3 978.2009999752 -3963222.907034 3351731.6920023 3694317.7926237 0 0 0 0 0 0 0 0 0                 
point3 978.40100002289 -3963222.935687 3351730.7646592 3694318.5955787 0 0 0 0 0 0 0 0 0                 
point3 978.60100007057 -3963222.977661 3351729.8140142 3694319.3924337 0 0 0 0 0 0 0 0 0                 
point3 978.80099987984 -3963223.032633 3351728.8514724 3694320.2016567 0 0 0 0 0 0 0 0 0                 
point3 979.00099992752 -3963223.109019 3351727.8529164 3694321.0115617 0 0 0 0 0 0 0 0 0                 
point3 979.2009999752 -3963223.219433 3351726.8063364 3694321.8285397 0 0 0 0 0 0 0 0 0                 
point3 979.40100002289 -3963223.3509481 3351725.7239391 3694322.6576387 0 0 0 0 0 0 0 0 0                 
point3 979.60100007057 -3963223.5060671 3351724.6017461 3694323.4862637 0 0 0 0 0 0 0 0 0                 
point3 979.80099987984 -3963223.6869159 3351723.4416774 3694324.3206947 0 0 0 0 0 0 0 0 0                 
point3 980.00099992752 -3963223.8981629 3351722.2447334 3694325.1584977 0 0 0 0 0 0 0 0 0                 
point3 980.2009999752 -3963224.1390179 3351720.9997145 3694325.9997297 0 0 0 0 0 0 0 0 0                 
point3 980.40100002289 -3963224.4099482 3351719.7147479 3694326.8459277 0 0 0 0 0 0 0 0 0                 
point3 980.60100007057 -3963224.7052773 3351718.3960929 3694327.6926567 0 0 0 0 0 0 0 0 0                 
point3 980.80099987984 -3963225.0287169 3351717.0444785 3694328.5445687 0 0 0 0 0 0 0 0 0                 
point3 981.00099992752 -3963225.3773229 3351715.6536815 3694329.4022317 0 0 0 0 0 0 0 0 0                 
point3 981.2009999752 -3963225.7495449 3351714.2441025 3694330.2659097 0 0 0 0 0 0 0 0 0                 
point3 981.40100002289 -3963226.1441523 3351712.7898388 3694331.1310737 0 0 0 0 0 0 0 0 0                 
point3 981.60100007057 -3963226.5605103 3351711.2937708 3694332.0041567 0 0 0 0 0 0 0 0 0                 
point3 981.80099987984 -3963226.9834548 3351709.7822175 3694332.8762127 0 0 0 0 0 0 0 0 0                 
point3 982.00099992752 -3963227.4199818 3351708.2371946 3694333.7635757 0 0 0 0 0 0 0 0 0                 
point3 982.2009999752 -3963227.8835208 3351706.6738716 3694334.6583357 0 0 0 0 0 0 0 0 0                 
point3 982.40100002289 -3963228.3751574 3351705.0756637 3694335.5457727 0 0 0 0 0 0 0 0 0                 
point3 982.60100007057 -3963228.8835014 3351703.4453057 3694336.4510408 0 0 0 0 0 0 0 0 0                 
point3 982.80099987984 -3963229.3857248 3351701.8022476 3694337.3785927 0 0 0 0 0 0 0 0 0                 
point3 983.00099992752 -3963229.8936058 3351700.1471666 3694338.3179977 0 0 0 0 0 0 0 0 0                 
point3 983.2009999752 -3963230.4217998 3351698.4709206 3694339.2531867 0 0 0 0 0 0 0 0 0                 
point3 983.40100002289 -3963230.9646284 3351696.7722396 3694340.1930138 0 0 0 0 0 0 0 0 0                 
point3 983.60100007057 -3963231.5125625 3351695.0571726 3694341.1355308 0 0 0 0 0 0 0 0 0                 
point3 983.80099987984 -3963232.0687048 3351693.3265586 3694342.0801497 0 0 0 0 0 0 0 0 0                 
point3 984.00099992752 -3963232.6312328 3351691.5775356 3694343.0351117 0 0 0 0 0 0 0 0 0                 
point3 984.2009999752 -3963233.2006818 3351689.8208676 3694343.9961377 0 0 0 0 0 0 0 0 0                 
point3 984.40100002289 -3963233.7793285 3351688.0482485 3694344.9661658 0 0 0 0 0 0 0 0 0                 
point3 984.60100007057 -3963234.3668445 3351686.2571305 3694345.9389658 0 0 0 0 0 0 0 0 0                 
point3 984.80099987984 -3963234.9563818 3351684.4593756 3694346.9120926 0 0 0 0 0 0 0 0 0                 
point3 985.00099992752 -3963235.5546468 3351682.6506017 3694347.8924947 0 0 0 0 0 0 0 0 0                 
point3 985.2009999752 -3963236.1660708 3351680.8263387 3694348.8714186 0 0 0 0 0 0 0 0 0                 
point3 985.40100002289 -3963236.7823055 3351678.9907675 3694349.8543058 0 0 0 0 0 0 0 0 0                 
point3 985.60100007057 -3963237.4032795 3351677.1410185 3694350.8381928 0 0 0 0 0 0 0 0 0                 
point3 985.80099987984 -3963238.0181518 3351675.2839897 3694351.8383186 0 0 0 0 0 0 0 0 0                 
point3 986.00099992752 -3963238.6282378 3351673.4227047 3694352.8433406 0 0 0 0 0 0 0 0 0                 
point3 986.2009999752 -3963239.2368398 3351671.5633807 3694353.8516586 0 0 0 0 0 0 0 0 0                 
point3 986.40100002289 -3963239.8447555 3351669.6989925 3694354.8656578 0 0 0 0 0 0 0 0 0                 
point3 986.60100007057 -3963240.4559315 3351667.8381675 3694355.8757708 0 0 0 0 0 0 0 0 0                 
point3 986.80099987984 -3963241.0627318 3351665.9693617 3694356.8897466 0 0 0 0 0 0 0 0 0                 
point3 987.00099992752 -3963241.6644598 3351664.1046147 3694357.9009806 0 0 0 0 0 0 0 0 0                 
point3 987.2009999752 -3963242.2549408 3351662.2476127 3694358.9180926 0 0 0 0 0 0 0 0 0                 
point3 987.40100002289 -3963242.8416135 3351660.3911495 3694359.9383128 0 0 0 0 0 0 0 0 0                 
point3 987.60100007057 -3963243.4222945 3351658.5418545 3694360.9600838 0 0 0 0 0 0 0 0 0                 
point3 987.80099987984 -3963244.0017028 3351656.6956967 3694361.9759576 0 0 0 0 0 0 0 0 0                 
point3 988.00099992752 -3963244.5842078 3351654.8570267 3694362.9854556 0 0 0 0 0 0 0 0 0                 
point3 988.2009999752 -3963245.1653358 3351653.0248737 3694363.9981326 0 0 0 0 0 0 0 0 0                 
point3 988.40100002289 -3963245.7535735 3351651.1988285 3694365.0038228 0 0 0 0 0 0 0 0 0                 
point3 988.60100007057 -3963246.3520425 3351649.3630865 3694366.0055538 0 0 0 0 0 0 0 0 0                 
point3 988.80099987984 -3963246.9618578 3351647.5189347 3694366.9956576 0 0 0 0 0 0 0 0 0                 
point3 989.00099992752 -3963247.5758158 3351645.6632107 3694367.9875466 0 0 0 0 0 0 0 0 0                 
point3 989.2009999752 -3963248.1998558 3351643.8027677 3694368.9763486 0 0 0 0 0 0 0 0 0                 
point3 989.40100002289 -3963248.8338025 3351641.9343315 3694369.9664638 0 0 0 0 0 0 0 0 0                 
point3 989.60100007057 -3963249.4769325 3351640.0587594 3694370.9594698 0 0 0 0 0 0 0 0 0                 
point3 989.80099987984 -3963250.1248318 3351638.1678007 3694371.9531826 0 0 0 0 0 0 0 0 0                 
point3 990.00099992752 -3963250.7690888 3351636.2675017 3694372.9519306 0 0 0 0 0 0 0 0 0                 
point3 990.2009999752 -3963251.4066798 3351634.3653367 3694373.9592616 0 0 0 0 0 0 0 0 0                 
point3 990.40100002289 -3963252.0430795 3351632.4510344 3694374.9724768 0 0 0 0 0 0 0 0 0                 
point3 990.60100007057 -3963252.6771605 3351630.5371124 3694375.9879928 0 0 0 0 0 0 0 0 0                 
point3 990.80099987984 -3963253.3086398 3351628.6199197 3694377.0088386 0 0 0 0 0 0 0 0 0                 
point3 991.00099992752 -3963253.9335788 3351626.7045287 3694378.0399996 0 0 0 0 0 0 0 0 0                 
point3 991.2009999752 -3963254.5464248 3351624.7918677 3694379.0831686 0 0 0 0 0 0 0 0 0                 
point3 991.40100002289 -3963255.1478815 3351622.8828314 3694380.1402189 0 0 0 0 0 0 0 0 0                 
point3 991.60100007057 -3963255.7412175 3351620.9727904 3694381.2064749 0 0 0 0 0 0 0 0 0                 
point3 991.80099987984 -3963256.3214668 3351619.0684717 3694382.2828296 0 0 0 0 0 0 0 0 0                 
point3 992.00099992752 -3963256.8913058 3351617.1640847 3694383.3725766 0 0 0 0 0 0 0 0 0                 
point3 992.2009999752 -3963257.4499538 3351615.2602707 3694384.4684016 0 0 0 0 0 0 0 0 0                 
point3 992.40100002289 -3963257.9975874 3351613.3541034 3694385.5708539 0 0 0 0 0 0 0 0 0                 
point3 992.60100007057 -3963258.5336504 3351611.4579224 3694386.6820919 0 0 0 0 0 0 0 0 0                 
point3 992.80099987984 -3963259.0637478 3351609.5617287 3694387.8015206 0 0 0 0 0 0 0 0 0                 
point3 993.00099992752 -3963259.5919178 3351607.6677307 3694388.9259356 0 0 0 0 0 0 0 0 0                 
point3 993.2009999752 -3963260.1134908 3351605.7736567 3694390.0547666 0 0 0 0 0 0 0 0 0                 
point3 993.40100002289 -3963260.6296464 3351603.8855444 3694391.1900179 0 0 0 0 0 0 0 0 0                 
point3 993.60100007057 -3963261.1372284 3351601.9941815 3694392.3351209 0 0 0 0 0 0 0 0 0                 
point3 993.80099987984 -3963261.6400838 3351600.1134037 3694393.4796496 0 0 0 0 0 0 0 0 0                 
point3 994.00099992752 -3963262.1374858 3351598.2358307 3694394.6311616 0 0 0 0 0 0 0 0 0                 
point3 994.2009999752 -3963262.6322488 3351596.3618457 3694395.7857986 0 0 0 0 0 0 0 0 0                 
point3 994.40100002289 -3963263.1211444 3351594.4947775 3694396.946797 0 0 0 0 0 0 0 0 0                 
point3 994.60100007057 -3963263.6108684 3351592.6301725 3694398.106704 0 0 0 0 0 0 0 0 0                 
point3 994.80099987984 -3963264.1065878 3351590.7659867 3694399.2651796 0 0 0 0 0 0 0 0 0                 
point3 995.00099992752 -3963264.6059098 3351588.9021917 3694400.4214026 0 0 0 0 0 0 0 0 0                 
point3 995.2009999752 -3963265.1083008 3351587.0390657 3694401.5830496 0 0 0 0 0 0 0 0 0                 
point3 995.40100002289 -3963265.6092064 3351585.1732835 3694402.754575 0 0 0 0 0 0 0 0 0                 
point3 995.60100007057 -3963266.1106284 3351583.3075205 3694403.92999 0 0 0 0 0 0 0 0 0                 
point3 995.80099987984 -3963266.6177488 3351581.4279807 3694405.1069816 0 0 0 0 0 0 0 0 0                 
point3 996.00099992752 -3963267.1273538 3351579.5426587 3694406.2831846 0 0 0 0 0 0 0 0 0                 
point3 996.2009999752 -3963267.6386828 3351577.6542447 3694407.4626256 0 0 0 0 0 0 0 0 0                 
point3 996.40100002289 -3963268.1572274 3351575.7597614 3694408.649843 0 0 0 0 0 0 0 0 0                 
point3 996.60100007057 -3963268.6854704 3351573.8508184 3694409.838115 0 0 0 0 0 0 0 0 0                 
point3 996.80099987984 -3963269.2203798 3351571.9335787 3694411.0223486 0 0 0 0 0 0 0 0 0                 
point3 997.00099992752 -3963269.7579988 3351570.0061297 3694412.2145966 0 0 0 0 0 0 0 0 0                 
point3 997.2009999752 -3963270.3010488 3351568.0706887 3694413.4131956 0 0 0 0 0 0 0 0 0                 
point3 997.40100002289 -3963270.8548245 3351566.1252304 3694414.612796 0 0 0 0 0 0 0 0 0                 
point3 997.60100007057 -3963271.4208415 3351564.1664404 3694415.812216 0 0 0 0 0 0 0 0 0                 
point3 997.80099987984 -3963271.9908828 3351562.1932487 3694417.0131706 0 0 0 0 0 0 0 0 0                 
point3 998.00099992752 -3963272.5706618 3351560.2230977 3694418.2070726 0 0 0 0 0 0 0 0 0                 
point3 998.2009999752 -3963273.1674388 3351558.2365287 3694419.4033946 0 0 0 0 0 0 0 0 0                 
point3 998.40100002289 -3963273.7757445 3351556.2413864 3694420.600464 0 0 0 0 0 0 0 0 0                 
point3 998.60100007057 -3963274.3888295 3351554.2368473 3694421.789503 0 0 0 0 0 0 0 0 0                 
point3 998.80099987984 -3963275.0191988 3351552.2244227 3694422.9687996 0 0 0 0 0 0 0 0 0                 
point3 999.00099992752 -3963275.6598118 3351550.2079887 3694424.1505066 0 0 0 0 0 0 0 0 0                 
point3 999.2009999752 -3963276.3010118 3351548.1862207 3694425.3336126 0 0 0 0 0 0 0 0 0                 
point3 999.40100002289 -3963276.9456955 3351546.1694773 3694426.513431 0 0 0 0 0 0 0 0 0                 
point3 999.60100007057 -3963277.6089546 3351544.1445943 3694427.6745599 0 0 0 0 0 0 0 0 0                 
point3 999.80099987984 -3963278.2792488 3351542.1244937 3694428.8240146 0 0 0 0 0 0 0 0 0                 
point3 1000.0009999275 -3963278.9491438 3351540.1050227 3694429.9672186 0 0 0 0 0 0 0 0 0                 
point3 1000.2009999752 -3963279.6214858 3351538.0915677 3694431.1062856 0 0 0 0 0 0 0 0 0                 
point3 1000.4010000229 -3963280.3011286 3351536.0820023 3694432.2436939 0 0 0 0 0 0 0 0 0                 
point3 1000.6010000706 -3963280.9850666 3351534.0594983 3694433.3822279 0 0 0 0 0 0 0 0 0                 
point3 1000.8009998798 -3963281.6547368 3351532.0407047 3694434.5267036 0 0 0 0 0 0 0 0 0                 
point3 1001.0009999275 -3963282.3220538 3351530.0155327 3694435.6682166 0 0 0 0 0 0 0 0 0                 
point3 1001.2009999752 -3963282.9949708 3351527.9851747 3694436.8082776 0 0 0 0 0 0 0 0 0                 
point3 1001.4010000229 -3963283.6706016 3351525.9573263 3694437.9450259 0 0 0 0 0 0 0 0 0                 
point3 1001.6010000706 -3963284.3519336 3351523.9204873 3694439.0909059 0 0 0 0 0 0 0 0 0                 
point3 1001.8009998798 -3963285.0396618 3351521.8785687 3694440.2294576 0 0 0 0 0 0 0 0 0                 
point3 1002.0009999275 -3963285.7353217 3351519.8287917 3694441.3600286 0 0 0 0 0 0 0 0 0                 
point3 1002.2009999752 -3963286.4419677 3351517.7638597 3694442.4859106 0 0 0 0 0 0 0 0 0                 
point3 1002.4010000229 -3963287.1566996 3351515.6920453 3694443.6067869 0 0 0 0 0 0 0 0 0                 
point3 1002.6010000706 -3963287.8786306 3351513.5981963 3694444.7231539 0 0 0 0 0 0 0 0 0                 
point3 1002.8009998798 -3963288.6063797 3351511.4954568 3694445.8302926 0 0 0 0 0 0 0 0 0                 
point3 1003.0009999275 -3963289.3444427 3351509.3837018 3694446.9287566 0 0 0 0 0 0 0 0 0                 
point3 1003.2009999752 -3963290.0957807 3351507.2640858 3694448.0182176 0 0 0 0 0 0 0 0 0                 
point3 1003.4010000229 -3963290.8525016 3351505.1404053 3694449.1017039 0 0 0 0 0 0 0 0 0                 
point3 1003.6010000706 -3963291.6128976 3351503.0284773 3694450.1858049 0 0 0 0 0 0 0 0 0                 
point3 1003.8009998798 -3963292.3739117 3351500.9145228 3694451.2884246 0 0 0 0 0 0 0 0 0                 
point3 1004.0009999275 -3963293.1341677 3351498.7803538 3694452.3867516 0 0 0 0 0 0 0 0 0                 
point3 1004.2009999752 -3963293.8856547 3351496.6487208 3694453.4542516 0 0 0 0 0 0 0 0 0                 
point3 1004.4010000229 -3963294.6368536 3351494.5116772 3694454.5297269 0 0 0 0 0 0 0 0 0                 
point3 1004.6010000706 -3963295.3866446 3351492.3672982 3694455.6136849 0 0 0 0 0 0 0 0 0                 
point3 1004.8009998798 -3963296.1361767 3351490.2272878 3694456.6882726 0 0 0 0 0 0 0 0 0                 
point3 1005.0009999275 -3963296.8933007 3351488.0810248 3694457.7650066 0 0 0 0 0 0 0 0 0                 
point3 1005.2009999752 -3963297.6510557 3351485.9280598 3694458.8487236 0 0 0 0 0 0 0 0 0                 
point3 1005.4010000229 -3963298.4011526 3351483.7781122 3694459.9341439 0 0 0 0 0 0 0 0 0                 
point3 1005.6010000706 -3963299.1541796 3351481.6196772 3694461.0208109 0 0 0 0 0 0 0 0 0                 
point3 1005.8009998798 -3963299.9110927 3351479.4550918 3694462.1008856 0 0 0 0 0 0 0 0 0                 
point3 1006.0009999275 -3963300.6687857 3351477.2913388 3694463.1807356 0 0 0 0 0 0 0 0 0                 
point3 1006.2009999752 -3963301.4242597 3351475.1165298 3694464.2705656 0 0 0 0 0 0 0 0 0                 
point3 1006.4010000229 -3963302.1749506 3351472.9432192 3694465.3627599 0 0 0 0 0 0 0 0 0                 
point3 1006.6010000706 -3963302.9258686 3351470.7664222 3694466.4567059 0 0 0 0 0 0 0 0 0                 
point3 1006.8009998798 -3963303.6797667 3351468.5896038 3694467.5580376 0 0 0 0 0 0 0 0 0                 
point3 1007.0009999275 -3963304.4320417 3351466.4100808 3694468.6675686 0 0 0 0 0 0 0 0 0                 
point3 1007.2009999752 -3963305.1795207 3351464.2239708 3694469.7813796 0 0 0 0 0 0 0 0 0                 
point3 1007.4010000229 -3963305.9235136 3351462.0393642 3694470.8971909 0 0 0 0 0 0 0 0 0                 
point3 1007.6010000706 -3963306.6664146 3351459.8500532 3694472.0172289 0 0 0 0 0 0 0 0 0                 
point3 1007.8009998798 -3963307.4082037 3351457.6640558 3694473.1451446 0 0 0 0 0 0 0 0 0                 
point3 1008.0009999275 -3963308.1506217 3351455.4734388 3694474.2749596 0 0 0 0 0 0 0 0 0                 
point3 1008.2009999752 -3963308.8942817 3351453.2794788 3694475.4075816 0 0 0 0 0 0 0 0 0                 
point3 1008.4010000229 -3963309.6287486 3351451.0726952 3694476.5437779 0 0 0 0 0 0 0 0 0                 
point3 1008.6010000706 -3963310.3581796 3351448.8754282 3694477.6774629 0 0 0 0 0 0 0 0 0                 
point3 1008.8009998798 -3963311.0972297 3351446.6791788 3694478.8130196 0 0 0 0 0 0 0 0 0                 
point3 1009.0009999275 -3963311.8439347 3351444.4752838 3694479.9578916 0 0 0 0 0 0 0 0 0                 
point3 1009.2009999752 -3963312.5919717 3351442.2703478 3694481.0927196 0 0 0 0 0 0 0 0 0                 
point3 1009.4010000229 -3963313.3507536 3351440.0599512 3694482.2129619 0 0 0 0 0 0 0 0 0                 
point3 1009.6010000706 -3963314.1253326 3351437.8497372 3694483.3238379 0 0 0 0 0 0 0 0 0                 
point3 1009.8009998798 -3963314.9149977 3351435.6353758 3694484.4300916 0 0 0 0 0 0 0 0 0                 
point3 1010.0009999275 -3963315.7157287 3351433.4080708 3694485.5263306 0 0 0 0 0 0 0 0 0                 
point3 1010.2009999752 -3963316.5241047 3351431.1852968 3694486.6080556 0 0 0 0 0 0 0 0 0                 
point3 1010.4010000229 -3963317.3488747 3351428.9603772 3694487.6811989 0 0 0 0 0 0 0 0 0                 
point3 1010.6010000706 -3963318.1819167 3351426.7407172 3694488.7606249 0 0 0 0 0 0 0 0 0                 
point3 1010.8009998798 -3963319.0036937 3351424.5234248 3694489.8459156 0 0 0 0 0 0 0 0 0                 
point3 1011.0009999275 -3963319.8210627 3351422.3108768 3694490.9272926 0 0 0 0 0 0 0 0 0                 
point3 1011.2009999752 -3963320.6325477 3351420.1081228 3694492.0052916 0 0 0 0 0 0 0 0 0                 
point3 1011.4010000229 -3963321.4402167 3351417.9130322 3694493.0860199 0 0 0 0 0 0 0 0 0                 
point3 1011.6010000706 -3963322.2431017 3351415.7264282 3694494.1707229 0 0 0 0 0 0 0 0 0                 
point3 1011.8009998798 -3963323.0459427 3351413.5542708 3694495.2534086 0 0 0 0 0 0 0 0 0                 
point3 1012.0009999275 -3963323.8549577 3351411.3875968 3694496.3343836 0 0 0 0 0 0 0 0 0                 
point3 1012.2009999752 -3963324.6625957 3351409.2292748 3694497.4120106 0 0 0 0 0 0 0 0 0                 
point3 1012.4010000229 -3963325.4583426 3351407.0893502 3694498.4971729 0 0 0 0 0 0 0 0 0                 
point3 1012.6010000706 -3963326.2450106 3351404.9597392 3694499.5935879 0 0 0 0 0 0 0 0 0                 
point3 1012.8009998798 -3963327.0262757 3351402.8295108 3694500.6852946 0 0 0 0 0 0 0 0 0                 
point3 1013.0009999275 -3963327.7992637 3351400.7149728 3694501.7617586 0 0 0 0 0 0 0 0 0                 
point3 1013.2009999752 -3963328.5717577 3351398.6102287 3694502.8349976 0 0 0 0 0 0 0 0 0                 
point3 1013.4010000229 -3963329.3423356 3351396.5236423 3694503.9151969 0 0 0 0 0 0 0 0 0                 
point3 1013.6010000706 -3963330.1081236 3351394.4562323 3694504.9967629 0 0 0 0 0 0 0 0 0                 
point3 1013.8009998798 -3963330.8713837 3351392.3968477 3694506.0865316 0 0 0 0 0 0 0 0 0                 
point3 1014.0009999275 -3963331.6236917 3351390.3328677 3694507.1685116 0 0 0 0 0 0 0 0 0                 
point3 1014.2009999752 -3963332.3588467 3351388.2910637 3694508.2298476 0 0 0 0 0 0 0 0 0                 
point3 1014.4010000229 -3963333.0870266 3351386.2662933 3694509.3046189 0 0 0 0 0 0 0 0 0                 
point3 1014.6010000706 -3963333.8096766 3351384.2503764 3694510.3889869 0 0 0 0 0 0 0 0 0                 
point3 1014.8009998798 -3963334.5233497 3351382.2470857 3694511.4621106 0 0 0 0 0 0 0 0 0                 
point3 1015.0009999275 -3963335.2325167 3351380.2473557 3694512.5236016 0 0 0 0 0 0 0 0 0                 
point3 1015.2009999752 -3963335.9343927 3351378.2631627 3694513.5821776 0 0 0 0 0 0 0 0 0                 
point3 1015.4010000229 -3963336.6320866 3351376.2972574 3694514.6380719 0 0 0 0 0 0 0 0 0                 
point3 1015.6010000706 -3963337.3278286 3351374.3303084 3694515.6921709 0 0 0 0 0 0 0 0 0                 
point3 1015.8009998798 -3963338.0094748 3351372.3769097 3694516.7430126 0 0 0 0 0 0 0 0 0                 
point3 1016.0009999275 -3963338.6817608 3351370.4402427 3694517.7871276 0 0 0 0 0 0 0 0 0                 
point3 1016.2009999752 -3963339.3555768 3351368.5117217 3694518.8301776 0 0 0 0 0 0 0 0 0                 
point3 1016.4010000229 -3963340.0316936 3351366.6002714 3694519.8622138 0 0 0 0 0 0 0 0 0                 
point3 1016.6010000706 -3963340.7103836 3351364.6943774 3694520.8844068 0 0 0 0 0 0 0 0 0                 
point3 1016.8009998798 -3963341.3871588 3351362.7945677 3694521.9004366 0 0 0 0 0 0 0 0 0                 
point3 1017.0009999275 -3963342.0573578 3351360.9063847 3694522.9040886 0 0 0 0 0 0 0 0 0                 
point3 1017.2009999752 -3963342.7287348 3351359.0261137 3694523.8995526 0 0 0 0 0 0 0 0 0                 
point3 1017.4010000229 -3963343.3952115 3351357.1529035 3694524.8899478 0 0 0 0 0 0 0 0 0                 
point3 1017.6010000706 -3963344.0568305 3351355.2961455 3694525.8759778 0 0 0 0 0 0 0 0 0                 
point3 1017.8009998798 -3963344.7236458 3351353.4479987 3694526.8512607 0 0 0 0 0 0 0 0 0                 
point3 1018.0009999275 -3963345.3948538 3351351.6115477 3694527.8194087 0 0 0 0 0 0 0 0 0                 
point3 1018.2009999752 -3963346.0656578 3351349.7811887 3694528.7789687 0 0 0 0 0 0 0 0 0                 
point3 1018.4010000229 -3963346.7357275 3351347.9604865 3694529.7303108 0 0 0 0 0 0 0 0 0                 
point3 1018.6010000706 -3963347.4012125 3351346.1456095 3694530.6718878 0 0 0 0 0 0 0 0 0                 
point3 1018.8009998798 -3963348.0637288 3351344.3471376 3694531.6055567 0 0 0 0 0 0 0 0 0                 
point3 1019.0009999275 -3963348.7295178 3351342.5548496 3694532.5349217 0 0 0 0 0 0 0 0 0                 
point3 1019.2009999752 -3963349.3914698 3351340.7662176 3694533.4570057 0 0 0 0 0 0 0 0 0                 
point3 1019.4010000229 -3963350.0428345 3351338.9940565 3694534.3793028 0 0 0 0 0 0 0 0 0                 
point3 1019.6010000706 -3963350.6896395 3351337.2261106 3694535.2981728 0 0 0 0 0 0 0 0 0                 
point3 1019.8009998798 -3963351.3364118 3351335.4709766 3694536.2093467 0 0 0 0 0 0 0 0 0                 
point3 1020.0009999275 -3963351.9791178 3351333.7313316 3694537.1183217 0 0 0 0 0 0 0 0 0                 
point3 1020.2009999752 -3963352.6238088 3351331.9977346 3694538.0210097 0 0 0 0 0 0 0 0 0                 
point3 1020.4010000229 -3963353.2644665 3351330.2689006 3694538.9209657 0 0 0 0 0 0 0 0 0                 
point3 1020.6010000706 -3963353.8948195 3351328.5496376 3694539.8114477 0 0 0 0 0 0 0 0 0                 
point3 1020.8009998798 -3963354.5169938 3351326.8412126 3694540.7009427 0 0 0 0 0 0 0 0 0                 
point3 1021.0009999275 -3963355.1361968 3351325.1444316 3694541.5867987 0 0 0 0 0 0 0 0 0                 
point3 1021.2009999752 -3963355.7536398 3351323.4543906 3694542.4686347 0 0 0 0 0 0 0 0 0                 
point3 1021.4010000229 -3963356.3617245 3351321.7760336 3694543.3535987 0 0 0 0 0 0 0 0 0                 
point3 1021.6010000706 -3963356.9657045 3351320.1049626 3694544.2322797 0 0 0 0 0 0 0 0 0                 
point3 1021.8009998798 -3963357.5655568 3351318.4423526 3694545.1066917 0 0 0 0 0 0 0 0 0                 
point3 1022.0009999275 -3963358.1543118 3351316.7973186 3694545.9866517 0 0 0 0 0 0 0 0 0                 
point3 1022.2009999752 -3963358.7373498 3351315.1580686 3694546.8777537 0 0 0 0 0 0 0 0 0                 
point3 1022.4010000229 -3963359.3269405 3351313.5082556 3694547.7669267 0 0 0 0 0 0 0 0 0                 
point3 1022.6010000706 -3963359.9143375 3351311.8580116 3694548.6500107 0 0 0 0 0 0 0 0 0                 
point3 1022.8009998798 -3963360.5010458 3351310.1980736 3694549.5378947 0 0 0 0 0 0 0 0 0                 
point3 1023.0009999275 -3963361.0902518 3351308.5305366 3694550.4371957 0 0 0 0 0 0 0 0 0                 
point3 1023.2009999752 -3963361.6803588 3351306.8537376 3694551.3387207 0 0 0 0 0 0 0 0 0                 
point3 1023.4010000229 -3963362.2733735 3351305.1602246 3694552.2458698 0 0 0 0 0 0 0 0 0                 
point3 1023.6010000706 -3963362.8673885 3351303.4607416 3694553.1604928 0 0 0 0 0 0 0 0 0                 
point3 1023.8009998798 -3963363.4678308 3351301.7473886 3694554.0805147 0 0 0 0 0 0 0 0 0                 
point3 1024.0009999275 -3963364.0754488 3351300.0213276 3694555.0055727 0 0 0 0 0 0 0 0 0                 
point3 1024.2009999752 -3963364.6859588 3351298.2832586 3694555.9428217 0 0 0 0 0 0 0 0 0                 
point3 1024.4010000229 -3963365.2994975 3351296.5360346 3694556.8903508 0 0 0 0 0 0 0 0 0                 
point3 1024.6010000706 -3963365.9211485 3351294.7768055 3694557.8422768 0 0 0 0 0 0 0 0 0                 
point3 1024.8009998798 -3963366.5520658 3351292.9952646 3694558.7981757 0 0 0 0 0 0 0 0 0                 
point3 1025.0009999275 -3963367.1854838 3351291.2047936 3694559.7529787 0 0 0 0 0 0 0 0 0                 
point3 1025.2009999752 -3963367.8256418 3351289.4001376 3694560.7100097 0 0 0 0 0 0 0 0 0                 
point3 1025.4010000229 -3963368.4753765 3351287.5826755 3694561.6731408 0 0 0 0 0 0 0 0 0                 
point3 1025.6010000706 -3963369.1311895 3351285.7544085 3694562.6428838 0 0 0 0 0 0 0 0 0                 
point3 1025.8009998798 -3963369.7900938 3351283.9145657 3694563.6224536 0 0 0 0 0 0 0 0 0                 
point3 1026.0009999275 -3963370.4503248 3351282.0628877 3694564.6139616 0 0 0 0 0 0 0 0 0                 
point3 1026.2009999752 -3963371.1164548 3351280.1978337 3694565.6071696 0 0 0 0 0 0 0 0 0                 
point3 1026.4010000229 -3963371.7879866 3351278.3200724 3694566.6021958 0 0 0 0 0 0 0 0 0                 
point3 1026.6010000706 -3963372.4647866 3351276.4316394 3694567.6033538 0 0 0 0 0 0 0 0 0                 
point3 1026.8009998798 -3963373.1434068 3351274.5382867 3694568.6152746 0 0 0 0 0 0 0 0 0                 
point3 1027.0009999275 -3963373.8260168 3351272.6313487 3694569.6314976 0 0 0 0 0 0 0 0 0                 
point3 1027.2009999752 -3963374.5078888 3351270.7228677 3694570.6511936 0 0 0 0 0 0 0 0 0                 
point3 1027.4010000229 -3963375.1840576 3351268.8179734 3694571.6731488 0 0 0 0 0 0 0 0 0                 
point3 1027.6010000706 -3963375.8559556 3351266.9120584 3694572.7018228 0 0 0 0 0 0 0 0 0                 
point3 1027.8009998798 -3963376.5266398 3351265.0058967 3694573.7236846 0 0 0 0 0 0 0 0 0                 
point3 1028.0009999275 -3963377.1953408 3351263.1046917 3694574.7382826 0 0 0 0 0 0 0 0 0                 
point3 1028.2009999752 -3963377.8625138 3351261.2040257 3694575.7569226 0 0 0 0 0 0 0 0 0                 
point3 1028.4010000229 -3963378.5233875 3351259.3119774 3694576.7818328 0 0 0 0 0 0 0 0 0                 
point3 1028.6010000706 -3963379.1804905 3351257.4270825 3694577.8087508 0 0 0 0 0 0 0 0 0                 
point3 1028.8009998798 -3963379.8380698 3351255.5433647 3694578.8383316 0 0 0 0 0 0 0 0 0                 
point3 1029.0009999275 -3963380.4913518 3351253.6586197 3694579.8633936 0 0 0 0 0 0 0 0 0                 
point3 1029.2009999752 -3963381.1414528 3351251.7842507 3694580.8813856 0 0 0 0 0 0 0 0 0                 
point3 1029.4010000229 -3963381.7923565 3351249.9156705 3694581.8998028 0 0 0 0 0 0 0 0 0                 
point3 1029.6010000706 -3963382.4420355 3351248.0488525 3694582.9205878 0 0 0 0 0 0 0 0 0                 
point3 1029.8009998798 -3963383.0879118 3351246.1816937 3694583.9365546 0 0 0 0 0 0 0 0 0                 
point3 1030.0009999275 -3963383.7293108 3351244.3211037 3694584.9474456 0 0 0 0 0 0 0 0 0                 
point3 1030.2009999752 -3963384.3721078 3351242.4618957 3694585.9560456 0 0 0 0 0 0 0 0 0                 
point3 1030.4010000229 -3963385.0132055 3351240.6020095 3694586.9657228 0 0 0 0 0 0 0 0 0                 
point3 1030.6010000706 -3963385.6529875 3351238.7443125 3694587.9696278 0 0 0 0 0 0 0 0 0                 
point3 1030.8009998798 -3963386.2932428 3351236.8929037 3694588.9739066 0 0 0 0 0 0 0 0 0                 
point3 1031.0009999275 -3963386.9418588 3351235.0465057 3694589.9769586 0 0 0 0 0 0 0 0 0                 
point3 1031.2009999752 -3963387.5936338 3351233.1876427 3694590.9858306 0 0 0 0 0 0 0 0 0                 
point3 1031.4010000229 -3963388.2402545 3351231.3352305 3694591.9894118 0 0 0 0 0 0 0 0 0                 
point3 1031.6010000706 -3963388.8929905 3351229.4786725 3694592.9932338 0 0 0 0 0 0 0 0 0                 
point3 1031.8009998798 -3963389.5533338 3351227.6125167 3694593.9969956 0 0 0 0 0 0 0 0 0                 
point3 1032.0009999275 -3963390.2203408 3351225.7506887 3694594.9952076 0 0 0 0 0 0 0 0 0                 
point3 1032.2009999752 -3963390.8907278 3351223.8713807 3694596.0005926 0 0 0 0 0 0 0 0 0                 
point3 1032.4010000229 -3963391.5549456 3351222.0012424 3694597.0230578 0 0 0 0 0 0 0 0 0                 
point3 1032.6010000706 -3963392.2272066 3351220.1082014 3694598.0561608 0 0 0 0 0 0 0 0 0                 
point3 1032.8009998798 -3963392.9098338 3351218.2047047 3694599.0886896 0 0 0 0 0 0 0 0 0                 
point3 1033.0009999275 -3963393.5972478 3351216.2816737 3694600.1302486 0 0 0 0 0 0 0 0 0                 
point3 1033.2009999752 -3963394.2876598 3351214.3575637 3694601.1803696 0 0 0 0 0 0 0 0 0                 
point3 1033.4010000229 -3963394.9818996 3351212.4254634 3694602.2361049 0 0 0 0 0 0 0 0 0                 
point3 1033.6010000706 -3963395.6819926 3351210.4729444 3694603.2948919 0 0 0 0 0 0 0 0 0                 
point3 1033.8009998798 -3963396.3787818 3351208.5240207 3694604.3522996 0 0 0 0 0 0 0 0 0                 
point3 1034.0009999275 -3963397.0755748 3351206.5608007 3694605.4164706 0 0 0 0 0 0 0 0 0                 
point3 1034.2009999752 -3963397.7674398 3351204.5790737 3694606.4897916 0 0 0 0 0 0 0 0 0                 
point3 1034.4010000229 -3963398.4549356 3351202.5966594 3694607.5492309 0 0 0 0 0 0 0 0 0                 
point3 1034.6010000706 -3963399.1448656 3351200.6076794 3694608.6208109 0 0 0 0 0 0 0 0 0                 
point3 1034.8009998798 -3963399.8371478 3351198.5999497 3694609.7034096 0 0 0 0 0 0 0 0 0                 
point3 1035.0009999275 -3963400.5265608 3351196.5887107 3694610.7822916 0 0 0 0 0 0 0 0 0                 
point3 1035.2009999752 -3963401.2198678 3351194.5673277 3694611.8657896 0 0 0 0 0 0 0 0 0                 
point3 1035.4010000229 -3963401.9120356 3351192.5324333 3694612.9677389 0 0 0 0 0 0 0 0 0                 
point3 1035.6010000706 -3963402.5989416 3351190.4983553 3694614.0746409 0 0 0 0 0 0 0 0 0                 
point3 1035.8009998798 -3963403.2907077 3351188.4475437 3694615.1842146 0 0 0 0 0 0 0 0 0                 
point3 1036.0009999275 -3963403.9931107 3351186.3952907 3694616.2876566 0 0 0 0 0 0 0 0 0                 
point3 1036.2009999752 -3963404.6962177 3351184.3256137 3694617.3986626 0 0 0 0 0 0 0 0 0                 
point3 1036.4010000229 -3963405.3980166 3351182.2561833 3694618.5145859 0 0 0 0 0 0 0 0 0                 
point3 1036.6010000706 -3963406.1053076 3351180.1902073 3694619.6371609 0 0 0 0 0 0 0 0 0                 
point3 1036.8009998798 -3963406.8295517 3351178.1092587 3694620.7709626 0 0 0 0 0 0 0 0 0                 
point3 1037.0009999275 -3963407.5615807 3351176.0157668 3694621.9012496 0 0 0 0 0 0 0 0 0                 
point3 1037.2009999752 -3963408.2988967 3351173.9070298 3694623.0349146 0 0 0 0 0 0 0 0 0                 
point3 1037.4010000229 -3963409.0399286 3351171.7914663 3694624.1809639 0 0 0 0 0 0 0 0 0                 
point3 1037.6010000706 -3963409.7882716 3351169.6601912 3694625.3338699 0 0 0 0 0 0 0 0 0                 
point3 1037.8009998798 -3963410.5444067 3351167.5180628 3694626.4879826 0 0 0 0 0 0 0 0 0                 
point3 1038.0009999275 -3963411.3074507 3351165.3656908 3694627.6466206 0 0 0 0 0 0 0 0 0                 
point3 1038.2009999752 -3963412.0795907 3351163.2031748 3694628.8125436 0 0 0 0 0 0 0 0 0                 
point3 1038.4010000229 -3963412.8614426 3351161.0364092 3694629.982079 0 0 0 0 0 0 0 0 0                 
point3 1038.6010000706 -3963413.6524867 3351158.8578312 3694631.159509 0 0 0 0 0 0 0 0 0                 
point3 1038.8009998798 -3963414.4510237 3351156.6837998 3694632.3433516 0 0 0 0 0 0 0 0 0                 
point3 1039.0009999275 -3963415.2587717 3351154.5023788 3694633.5360806 0 0 0 0 0 0 0 0 0                 
point3 1039.2009999752 -3963416.0745047 3351152.3182938 3694634.7328896 0 0 0 0 0 0 0 0 0                 
point3 1039.4010000229 -3963416.8975597 3351150.1370892 3694635.931715 0 0 0 0 0 0 0 0 0                 
point3 1039.6010000706 -3963417.7305867 3351147.9531642 3694637.136856 0 0 0 0 0 0 0 0 0                 
point3 1039.8009998798 -3963418.5681937 3351145.7676778 3694638.3483606 0 0 0 0 0 0 0 0 0                 
point3 1040.0009999275 -3963419.4093427 3351143.5845028 3694639.5616706 0 0 0 0 0 0 0 0 0                 
point3 1040.2009999752 -3963420.2605887 3351141.4050078 3694640.7771956 0 0 0 0 0 0 0 0 0                 
point3 1040.4010000229 -3963421.1188957 3351139.2259162 3694641.997003 0 0 0 0 0 0 0 0 0                 
point3 1040.6010000706 -3963421.9783037 3351137.0525612 3694643.216602 0 0 0 0 0 0 0 0 0                 
point3 1040.8009998798 -3963422.8398167 3351134.8837528 3694644.4384266 0 0 0 0 0 0 0 0 0                 
point3 1041.0009999275 -3963423.7024957 3351132.7145828 3694645.6638216 0 0 0 0 0 0 0 0 0                 
point3 1041.2009999752 -3963424.5615067 3351130.5535248 3694646.8877156 0 0 0 0 0 0 0 0 0                 
point3 1041.4010000229 -3963425.4242327 3351128.3997522 3694648.111538 0 0 0 0 0 0 0 0 0                 
point3 1041.6010000706 -3963426.2905167 3351126.2508832 3694649.339757 0 0 0 0 0 0 0 0 0                 
point3 1041.8009998798 -3963427.1519837 3351124.1105198 3694650.5715676 0 0 0 0 0 0 0 0 0                 
point3 1042.0009999275 -3963428.0077617 3351121.9750258 3694651.8062856 0 0 0 0 0 0 0 0 0                 
point3 1042.2009999752 -3963428.8583237 3351119.8404458 3694653.0424686 0 0 0 0 0 0 0 0 0                 
point3 1042.4010000229 -3963429.7015027 3351117.7111552 3694654.275142 0 0 0 0 0 0 0 0 0                 
point3 1042.6010000706 -3963430.5412787 3351115.5830693 3694655.502825 0 0 0 0 0 0 0 0 0                 
point3 1042.8009998798 -3963431.3753437 3351113.4613428 3694656.7258846 0 0 0 0 0 0 0 0 0                 
point3 1043.0009999275 -3963432.2026187 3351111.3495538 3694657.9410526 0 0 0 0 0 0 0 0 0                 
point3 1043.2009999752 -3963433.0251887 3351109.2413758 3694659.1494196 0 0 0 0 0 0 0 0 0                 
point3 1043.4010000229 -3963433.8415677 3351107.1366763 3694660.352306 0 0 0 0 0 0 0 0 0                 
point3 1043.6010000706 -3963434.6542437 3351105.0310513 3694661.553007 0 0 0 0 0 0 0 0 0                 
point3 1043.8009998798 -3963435.4604997 3351102.9201378 3694662.7535936 0 0 0 0 0 0 0 0 0                 
point3 1044.0009999275 -3963436.2598887 3351100.8092438 3694663.9517826 0 0 0 0 0 0 0 0 0                 
point3 1044.2009999752 -3963437.0589087 3351098.6958008 3694665.1489886 0 0 0 0 0 0 0 0 0                 
point3 1044.4010000229 -3963437.8603957 3351096.5735683 3694666.346589 0 0 0 0 0 0 0 0 0                 
point3 1044.6010000706 -3963438.6578697 3351094.4464372 3694667.544491 0 0 0 0 0 0 0 0 0                 
point3 1044.8009998798 -3963439.4509587 3351092.3121008 3694668.7429956 0 0 0 0 0 0 0 0 0                 
point3 1045.0009999275 -3963440.2424527 3351090.1691578 3694669.9413816 0 0 0 0 0 0 0 0 0                 
point3 1045.2009999752 -3963441.0326547 3351088.0192258 3694671.1375806 0 0 0 0 0 0 0 0 0                 
point3 1045.4010000229 -3963441.8227506 3351085.8620832 3694672.335299 0 0 0 0 0 0 0 0 0                 
point3 1045.6010000706 -3963442.6122336 3351083.6966222 3694673.535914 0 0 0 0 0 0 0 0 0                 
point3 1045.8009998798 -3963443.3983157 3351081.5194738 3694674.7382016 0 0 0 0 0 0 0 0 0                 
point3 1046.0009999275 -3963444.1814077 3351079.3323328 3694675.9390036 0 0 0 0 0 0 0 0 0                 
point3 1046.2009999752 -3963444.9623027 3351077.1369028 3694677.1413206 0 0 0 0 0 0 0 0 0                 
point3 1046.4010000229 -3963445.7422916 3351074.9353632 3694678.345832 0 0 0 0 0 0 0 0 0                 
point3 1046.6010000706 -3963446.5200786 3351072.7267372 3694679.551118 0 0 0 0 0 0 0 0 0                 
point3 1046.8009998798 -3963447.2950657 3351070.5134238 3694680.7530946 0 0 0 0 0 0 0 0 0                 
point3 1047.0009999275 -3963448.0676607 3351068.2971898 3694681.9525946 0 0 0 0 0 0 0 0 0                 
point3 1047.2009999752 -3963448.8383287 3351066.0738918 3694683.1526106 0 0 0 0 0 0 0 0 0                 
point3 1047.4010000229 -3963449.6037186 3351063.8528622 3694684.353796 0 0 0 0 0 0 0 0 0                 
point3 1047.6010000706 -3963450.3672176 3351061.6233522 3694685.552685 0 0 0 0 0 0 0 0 0                 
point3 1047.8009998798 -3963451.1299057 3351059.3930108 3694686.7470376 0 0 0 0 0 0 0 0 0                 
point3 1048.0009999275 -3963451.8905947 3351057.1547238 3694687.9341166 0 0 0 0 0 0 0 0 0                 
point3 1048.2009999752 -3963452.6484777 3351054.9187168 3694689.1160046 0 0 0 0 0 0 0 0 0                 
point3 1048.4010000229 -3963453.4037666 3351052.6817982 3694690.296697 0 0 0 0 0 0 0 0 0                 
point3 1048.6010000706 -3963454.1558446 3351050.4399852 3694691.474773 0 0 0 0 0 0 0 0 0                 
point3 1048.8009998798 -3963454.9038287 3351048.1984828 3694692.6472396 0 0 0 0 0 0 0 0 0                 
point3 1049.0009999275 -3963455.6500297 3351045.9536618 3694693.8154316 0 0 0 0 0 0 0 0 0                 
point3 1049.2009999752 -3963456.3955117 3351043.7061628 3694694.9806066 0 0 0 0 0 0 0 0 0                 
point3 1049.4010000229 -3963457.1370916 3351041.4587592 3694696.141192 0 0 0 0 0 0 0 0 0                 
point3 1049.6010000706 -3963457.8743726 3351039.2114672 3694697.2986699 0 0 0 0 0 0 0 0 0                 
point3 1049.8009998798 -3963458.6080587 3351036.9640588 3694698.4507426 0 0 0 0 0 0 0 0 0                 
point3 1050.0009999275 -3963459.3389437 3351034.7148548 3694699.5978216 0 0 0 0 0 0 0 0 0                 
point3 1050.2009999752 -3963460.0664327 3351032.4653558 3694700.7413966 0 0 0 0 0 0 0 0 0                 
point3 1050.4010000229 -3963460.7922216 3351030.2156411 3694701.8799859 0 0 0 0 0 0 0 0 0                 
point3 1050.6010000706 -3963461.5162056 3351027.9641311 3694703.0157709 0 0 0 0 0 0 0 0 0                 
point3 1050.8009998798 -3963462.2361837 3351025.7106148 3694704.1493526 0 0 0 0 0 0 0 0 0                 
point3 1051.0009999275 -3963462.9526827 3351023.4531098 3694705.2788246 0 0 0 0 0 0 0 0 0                 
point3 1051.2009999752 -3963463.6694827 3351021.1928668 3694706.4032146 0 0 0 0 0 0 0 0 0                 
point3 1051.4010000229 -3963464.3863696 3351018.9254391 3694707.5257079 0 0 0 0 0 0 0 0 0                 
point3 1051.6010000706 -3963465.0994536 3351016.6520021 3694708.6468969 0 0 0 0 0 0 0 0 0                 
point3 1051.8009998798 -3963465.8093467 3351014.3718898 3694709.7662896 0 0 0 0 0 0 0 0 0                 
point3 1052.0009999275 -3963466.5180317 3351012.0871598 3694710.8832776 0 0 0 0 0 0 0 0 0                 
point3 1052.2009999752 -3963467.2236107 3351009.7994608 3694711.9969406 0 0 0 0 0 0 0 0 0                 
point3 1052.4010000229 -3963467.9244946 3351007.5117611 3694713.1045239 0 0 0 0 0 0 0 0 0                 
point3 1052.6010000706 -3963468.6227866 3351005.2244571 3694714.2081099 0 0 0 0 0 0 0 0 0                 
point3 1052.8009998798 -3963469.3201788 3351002.9363678 3694715.3089976 0 0 0 0 0 0 0 0 0                 
point3 1053.0009999275 -3963470.0156788 3351000.6501688 3694716.4087896 0 0 0 0 0 0 0 0 0                 
point3 1053.2009999752 -3963470.7113778 3350998.3642888 3694717.5071916 0 0 0 0 0 0 0 0 0                 
point3 1053.4010000229 -3963471.4066676 3350996.0823881 3694718.6058079 0 0 0 0 0 0 0 0 0                 
point3 1053.6010000706 -3963472.0996526 3350993.8021381 3694719.7078309 0 0 0 0 0 0 0 0 0                 
point3 1053.8009998798 -3963472.7886368 3350991.5291398 3694720.8145476 0 0 0 0 0 0 0 0 0                 
point3 1054.0009999275 -3963473.4754278 3350989.2599068 3694721.9243406 0 0 0 0 0 0 0 0 0                 
point3 1054.2009999752 -3963474.1612298 3350987.0052748 3694723.0321316 0 0 0 0 0 0 0 0 0                 
point3 1054.4010000229 -3963474.8476256 3350984.7639782 3694724.1363979 0 0 0 0 0 0 0 0 0                 
point3 1054.6010000706 -3963475.5316056 3350982.5458782 3694725.2332449 0 0 0 0 0 0 0 0 0                 
point3 1054.8009998798 -3963476.2121948 3350980.3475018 3694726.3196946 0 0 0 0 0 0 0 0 0                 
point3 1055.0009999275 -3963476.8907918 3350978.1732198 3694727.3952286 0 0 0 0 0 0 0 0 0                 
point3 1055.2009999752 -3963477.5692838 3350976.0241718 3694728.4582966 0 0 0 0 0 0 0 0 0                 
point3 1055.4010000229 -3963478.2468796 3350973.9084013 3694729.5169709 0 0 0 0 0 0 0 0 0                 
point3 1055.6010000706 -3963478.9221676 3350971.8141363 3694730.5720579 0 0 0 0 0 0 0 0 0                 
point3 1055.8009998798 -3963479.5937378 3350969.7488527 3694731.6180576 0 0 0 0 0 0 0 0 0                 
point3 1056.0009999275 -3963480.2603088 3350967.7037327 3694732.6473116 0 0 0 0 0 0 0 0 0                 
point3 1056.2009999752 -3963480.9192468 3350965.6757337 3694733.6693886 0 0 0 0 0 0 0 0 0                 
point3 1056.4010000229 -3963481.5666175 3350963.6661104 3694734.6842358 0 0 0 0 0 0 0 0 0                 
point3 1056.6010000706 -3963482.2089035 3350961.6726994 3694735.6898118 0 0 0 0 0 0 0 0 0                 
point3 1056.8009998798 -3963482.8484798 3350959.6968857 3694736.6905906 0 0 0 0 0 0 0 0 0                 
point3 1057.0009999275 -3963483.4838608 3350957.7397807 3694737.6879736 0 0 0 0 0 0 0 0 0                 
point3 1057.2009999752 -3963484.1155468 3350955.7997547 3694738.6820666 0 0 0 0 0 0 0 0 0                 
point3 1057.4010000229 -3963484.7453425 3350953.8744154 3694739.6739428 0 0 0 0 0 0 0 0 0                 
point3 1057.6010000706 -3963485.3736355 3350951.9614854 3694740.6605108 0 0 0 0 0 0 0 0 0                 
point3 1057.8009998798 -3963485.9995148 3350950.0633727 3694741.6415946 0 0 0 0 0 0 0 0 0                 
point3 1058.0009999275 -3963486.6209898 3350948.1814567 3694742.6193837 0 0 0 0 0 0 0 0 0                 
point3 1058.2009999752 -3963487.2374618 3350946.3169257 3694743.5959657 0 0 0 0 0 0 0 0 0                 
point3 1058.4010000229 -3963487.8479325 3350944.4661145 3694744.5686438 0 0 0 0 0 0 0 0 0                 
point3 1058.6010000706 -3963488.4523025 3350942.6325955 3694745.5348068 0 0 0 0 0 0 0 0 0                 
point3 1058.8009998798 -3963489.0514938 3350940.8178246 3694746.4948697 0 0 0 0 0 0 0 0 0                 
point3 1059.0009999275 -3963489.6517078 3350939.0317586 3694747.4470477 0 0 0 0 0 0 0 0 0                 
point3 1059.2009999752 -3963490.2541128 3350937.2653736 3694748.3967507 0 0 0 0 0 0 0 0 0                 
point3 1059.4010000229 -3963490.8542555 3350935.5027526 3694749.3440668 0 0 0 0 0 0 0 0 0                 
point3 1059.6010000706 -3963491.4405025 3350933.7577046 3694750.2716628 0 0 0 0 0 0 0 0 0                 
point3 1059.8009998798 -3963492.0221388 3350932.0190116 3694751.1820207 0 0 0 0 0 0 0 0 0                 
point3 1060.0009999275 -3963492.6115818 3350930.2827286 3694752.0850597 0 0 0 0 0 0 0 0 0                 
point3 1060.2009999752 -3963493.2095178 3350928.5480266 3694752.9728787 0 0 0 0 0 0 0 0 0                 
point3 1060.4010000229 -3963493.8142455 3350926.8137416 3694753.8462377 0 0 0 0 0 0 0 0 0                 
point3 1060.6010000706 -3963494.4237625 3350925.0828546 3694754.7120077 0 0 0 0 0 0 0 0 0                 
point3 1060.8009998798 -3963495.0384018 3350923.3542726 3694755.5701557 0 0 0 0 0 0 0 0 0                 
point3 1061.0009999275 -3963495.6603348 3350921.6297796 3694756.4199267 0 0 0 0 0 0 0 0 0                 
point3 1061.2009999752 -3963496.2905808 3350919.9057726 3694757.2643267 0 0 0 0 0 0 0 0 0                 
point3 1061.4010000229 -3963496.9270705 3350918.1786486 3694758.1112747 0 0 0 0 0 0 0 0 0                 
point3 1061.6010000706 -3963497.5582115 3350916.4507846 3694758.9709557 0 0 0 0 0 0 0 0 0                 
point3 1061.8009998798 -3963498.1785718 3350914.7295056 3694759.8444017 0 0 0 0 0 0 0 0 0                 
point3 1062.0009999275 -3963498.7916308 3350913.0117346 3694760.7257317 0 0 0 0 0 0 0 0 0                 
point3 1062.2009999752 -3963499.3955848 3350911.3015706 3694761.6136677 0 0 0 0 0 0 0 0 0                 
point3 1062.4010000229 -3963499.9939125 3350909.5942256 3694762.5067687 0 0 0 0 0 0 0 0 0                 
point3 1062.6010000706 -3963500.5997605 3350907.8756336 3694763.3984537 0 0 0 0 0 0 0 0 0                 
point3 1062.8009998798 -3963501.2149068 3350906.1394626 3694764.2898797 0 0 0 0 0 0 0 0 0                 
point3 1063.0009999275 -3963501.8380348 3350904.3872766 3694765.1882437 0 0 0 0 0 0 0 0 0                 
point3 1063.2009999752 -3963502.4672778 3350902.6194026 3694766.0983527 0 0 0 0 0 0 0 0 0                 
point3 1063.4010000229 -3963503.1037015 3350900.8320445 3694767.0093517 0 0 0 0 0 0 0 0 0                 
point3 1063.6010000706 -3963503.7451235 3350899.0203855 3694767.9186397 0 0 0 0 0 0 0 0 0                 
point3 1063.8009998798 -3963504.3897398 3350897.2162677 3694768.8297337 0 0 0 0 0 0 0 0 0                 
point3 1064.0009999275 -3963505.0382328 3350895.3843367 3694769.7645337 0 0 0 0 0 0 0 0 0                 
point3 1064.2009999752 -3963505.6817948 3350893.5528537 3694770.7091027 0 0 0 0 0 0 0 0 0                 
point3 1064.4010000229 -3963506.3216045 3350891.7243845 3694771.6519808 0 0 0 0 0 0 0 0 0                 
point3 1064.6010000706 -3963506.9603655 3350889.9007555 3694772.6123378 0 0 0 0 0 0 0 0 0                 
point3 1064.8009998798 -3963507.5908998 3350888.0724727 3694773.5785017 0 0 0 0 0 0 0 0 0                 
point3 1065.0009999275 -3963508.2086728 3350886.2535706 3694774.5373627 0 0 0 0 0 0 0 0 0                 
point3 1065.2009999752 -3963508.8232668 3350884.4460216 3694775.4910097 0 0 0 0 0 0 0 0 0                 
point3 1065.4010000229 -3963509.4358405 3350882.6331925 3694776.4553068 0 0 0 0 0 0 0 0 0                 
point3 1065.6010000706 -3963510.0404855 3350880.8337275 3694777.4129738 0 0 0 0 0 0 0 0 0                 
point3 1065.8009998798 -3963510.6385558 3350879.0450646 3694778.3650767 0 0 0 0 0 0 0 0 0                 
point3 1066.0009999275 -3963511.2264838 3350877.2817646 3694779.3193527 0 0 0 0 0 0 0 0 0                 
point3 1066.2009999752 -3963511.7986968 3350875.5460046 3694780.2667677 0 0 0 0 0 0 0 0 0                 
point3 1066.4010000229 -3963512.3530004 3350873.8562956 3694781.1936648 0 0 0 0 0 0 0 0 0                 
point3 1066.6010000706 -3963512.8897074 3350872.2070297 3694782.1011467 0 0 0 0 0 0 0 0 0                 
point3 1066.8009998798 -3963513.4050698 3350870.6083246 3694782.9832187 0 0 0 0 0 0 0 0 0                 
point3 1067.0009999275 -3963513.8930858 3350869.0671265 3694783.8388537 0 0 0 0 0 0 0 0 0                 
point3 1067.2009999752 -3963514.3630598 3350867.5859235 3694784.6627267 0 0 0 0 0 0 0 0 0                 
point3 1067.4010000229 -3963514.8088534 3350866.1644059 3694785.4619696 0 0 0 0 0 0 0 0 0                 
point3 1067.6010000706 -3963515.2351703 3350864.8032199 3694786.2259646 0 0 0 0 0 0 0 0 0                 
point3 1067.8009998798 -3963515.6456009 3350863.5026354 3694786.9468418 0 0 0 0 0 0 0 0 0                 
point3 1068.0009999275 -3963516.0412969 3350862.2658464 3694787.6266808 0 0 0 0 0 0 0 0 0                 
point3 1068.2009999752 -3963516.4151049 3350861.0890254 3694788.2740928 0 0 0 0 0 0 0 0 0                 
point3 1068.4010000229 -3963516.7718323 3350859.9709671 3694788.8830845 0 0 0 0 0 0 0 0 0                 
point3 1068.6010000706 -3963517.1128333 3350858.9205812 3694789.4493794 0 0 0 0 0 0 0 0 0                 
point3 1068.8009998798 -3963517.4343389 3350857.9313503 3694789.9759058 0 0 0 0 0 0 0 0 0                 
point3 1069.0009999275 -3963517.7384609 3350856.9994903 3694790.4693338 0 0 0 0 0 0 0 0 0                 
point3 1069.2009999752 -3963518.0240189 3350856.1316803 3694790.9277688 0 0 0 0 0 0 0 0 0                 
point3 1069.4010000229 -3963518.2825492 3350855.3258324 3694791.3515783 0 0 0 0 0 0 0 0 0                 
point3 1069.6010000706 -3963518.5280572 3350854.5864134 3694791.7396193 0 0 0 0 0 0 0 0 0                 
point3 1069.8009998798 -3963518.7529259 3350853.9066312 3694792.0958669 0 0 0 0 0 0 0 0 0                 
point3 1070.0009999275 -3963518.9535529 3350853.2877272 3694792.4212089 0 0 0 0 0 0 0 0 0                 
point3 1070.2009999752 -3963519.1402519 3350852.7297782 3694792.7135339 0 0 0 0 0 0 0 0 0                 
point3 1070.4010000229 -3963519.3020091 3350852.2430326 3694792.9734602 0 0 0 0 0 0 0 0 0                 
point3 1070.6010000706 -3963519.4387001 3350851.8299147 3694793.1936172 0 0 0 0 0 0 0 0 0                 
point3 1070.8009998798 -3963519.551666 3350851.4934071 3694793.3664209 0 0 0 0 0 0 0 0 0                 
point3 1071.0009999275 -3963519.639065 3350851.2321071 3694793.503091 0 0 0 0 0 0 0 0 0                 
point3 1071.2009999752 -3963519.7087 3350851.0230851 3694793.615787 0 0 0 0 0 0 0 0 0                 
point3 1071.4010000229 -3963519.765944 3350850.8499819 3694793.7072731 0 0 0 0 0 0 0 0 0                 
point3 1071.6010000706 -3963519.811582 3350850.7154569 3694793.77678 0 0 0 0 0 0 0 0 0                 
point3 1071.8009998798 -3963519.845024 3350850.615416 3694793.829108 0 0 0 0 0 0 0 0 0                 
point3 1072.0009999275 -3963519.86728 3350850.545752 3694793.866836 0 0 0 0 0 0 0 0 0                 
point3 1072.2009999752 -3963519.881446 3350850.501658 3694793.890876 0 0 0 0 0 0 0 0 0                 
point3 1072.4010000229 -3963519.889418 3350850.478153 3694793.903021 0 0 0 0 0 0 0 0 0                 
point3 1072.6010000706 -3963519.891504 3350850.473403 3694793.905602 0 0 0 0 0 0 0 0 0                 
point3 1072.8009998798 -3963519.89261 3350850.474309 3694793.906511 0 0 0 0 0 0 0 0 0                 
point3 1073.0009999275 -3963519.893796 3350850.475396 3694793.907796 0 0 0 0 0 0 0 0 0                 
point3 1073.2009999752 -3963519.8934 3350850.475 3694793.907301 0 0 0 0 0 0 0 0 0                 
point3 1073.4010000229 -3963519.8935 3350850.4751 3694793.9075 0 0 0 0 0 0 0 0 0                 
point3 1073.6010000706 -3963519.8935 3350850.475 3694793.9074 0 0 0 0 0 0 0 0 0                 
point3 1073.8009998798 -3963519.8935 3350850.4751 3694793.9074 0 0 0 0 0 0 0 0 0                 
point3 1074.0009999275 -3963519.8934 3350850.475 3694793.9074 0 0 0 0 0 0 0 0 0                 
point3 1074.2009999752 -3963519.8935 3350850.4751 3694793.9074 0 0 0 0 0 0 0 0 0                 
point3 1074.4010000229 -3963519.893499 3350850.475 3694793.9074 0 0 0 0 0 0 0 0 0                 
point3 1074.6010000706 -3963519.893499 3350850.475099 3694793.907499 0 0 0 0 0 0 0 0 0                 
point3 1074.8009998798 -3963519.893401 3350850.475001 3694793.907401 0 0 0 0 0 0 0 0 0                 
point3 1075.0009999275 -3963519.893499 3350850.475099 3694793.907499 0 0 0 0 0 0 0 0 0                 
point3 1075.2009999752 -3963519.893401 3350850.475001 3694793.907401 0 0 0 0 0 0 0 0 0                 
point3 1075.4010000229 -3963519.8935 3350850.4751 3694793.907499 0 0 0 0 0 0 0 0 0                 
point3 1075.6010000706 -3963519.8935 3350850.4751 3694793.907401 0 0 0 0 0 0 0 0 0                 
point3 1075.8009998798 -3963519.8935 3350850.4751 3694793.907499 0 0 0 0 0 0 0 0 0                 
point3 1076.0009999275 -3963519.8935 3350850.4751 3694793.907401 0 0 0 0 0 0 0 0 0                 
point3 1076.2009999752 -3963519.8935 3350850.4751 3694793.9074 0 0 0 0 0 0 0 0 0                 
point3 1076.4010000229 -3963519.8935 3350850.4751 3694793.907401 0 0 0 0 0 0 0 0 0                 
point3 1076.6010000706 -3963519.893601 3350850.475099 3694793.907399 0 0 0 0 0 0 0 0 0                 
point3 1076.8009998798 -3963519.893902 3350850.475001 3694793.906998 0 0 0 0 0 0 0 0 0                 
point3 1077.0009999275 -3963519.894713 3350850.474067 3694793.906911 0 0 0 0 0 0 0 0 0                 
point3 1077.2009999752 -3963519.897925 3350850.464817 3694793.910545 0 0 0 0 0 0 0 0 0                 
point3 1077.4010000229 -3963519.903536 3350850.445869 3694793.921377 0 0 0 0 0 0 0 0 0                 
point3 1077.6010000706 -3963519.911245 3350850.416916 3694793.938614 0 0 0 0 0 0 0 0 0                 
point3 1077.8009998798 -3963519.920446 3350850.377467 3694793.96366 0 0 0 0 0 0 0 0 0                 
point3 1078.0009999275 -3963519.929342 3350850.328523 3694793.998103 0 0 0 0 0 0 0 0 0                 
point3 1078.2009999752 -3963519.937536 3350850.270784 3694794.040542 0 0 0 0 0 0 0 0 0                 
point3 1078.4010000229 -3963519.944123 3350850.2053449 3694794.090888 0 0 0 0 0 0 0 0 0                 
point3 1078.6010000706 -3963519.948208 3350850.1328139 3694794.1505311 0 0 0 0 0 0 0 0 0                 
point3 1078.8009998798 -3963519.948381 3350850.054596 3694794.21938 0 0 0 0 0 0 0 0 0                 
point3 1079.0009999275 -3963519.943363 3350849.972058 3694794.29823 0 0 0 0 0 0 0 0 0                 
point3 1079.2009999752 -3963519.935347 3350849.88152 3694794.38597 0 0 0 0 0 0 0 0 0                 
point3 1079.4010000229 -3963519.92352 3350849.7840969 3694794.4826211 0 0 0 0 0 0 0 0 0                 
point3 1079.6010000706 -3963519.906098 3350849.6826889 3694794.5890541 0 0 0 0 0 0 0 0 0                 
point3 1079.8009998798 -3963519.884577 3350849.581009 3694794.700249 0 0 0 0 0 0 0 0 0                 
point3 1080.0009999275 -3963519.859481 3350849.485364 3694794.807583 0 0 0 0 0 0 0 0 0                 
point3 1080.2009999752 -3963519.837618 3350849.401645 3694794.898981 0 0 0 0 0 0 0 0 0                 
point3 1080.4010000229 -3963519.822441 3350849.33646 3694794.969468 0 0 0 0 0 0 0 0 0                 
point3 1080.6010000706 -3963519.811546 3350849.291786 3694795.019139 0 0 0 0 0 0 0 0 0                 
point3 1080.8009998798 -3963519.800432 3350849.246744 3694795.06939 0 0 0 0 0 0 0 0 0                 
point3 1081.0009999275 -3963519.785818 3350849.196168 3694795.128995 0 0 0 0 0 0 0 0 0                 
point3 1081.2009999752 -3963519.769631 3350849.152216 3694795.185533 0 0 0 0 0 0 0 0 0                 
point3 1081.4010000229 -3963519.757768 3350849.119398 3694795.226825 0 0 0 0 0 0 0 0 0                 
point3 1081.6010000706 -3963519.752999 3350849.10318 3694795.24632 0 0 0 0 0 0 0 0 0                 
point3 1081.8009998798 -3963519.754116 3350849.102724 3694795.245866 0 0 0 0 0 0 0 0 0                 
point3 1082.0009999275 -3963519.757007 3350849.105484 3694795.241208 0 0 0 0 0 0 0 0 0                 
point3 1082.2009999752 -3963519.756988 3350849.101868 3694795.244848 0 0 0 0 0 0 0 0 0                 
point3 1082.4010000229 -3963519.754181 3350849.093023 3694795.256692 0 0 0 0 0 0 0 0 0                 
point3 1082.6010000706 -3963519.749875 3350849.076707 3694795.276714 0 0 0 0 0 0 0 0 0                 
point3 1082.8009998798 -3963519.743856 3350849.05646 3694795.301974 0 0 0 0 0 0 0 0 0                 
point3 1083.0009999275 -3963519.73454 3350849.025202 3694795.340449 0 0 0 0 0 0 0 0 0                 
point3 1083.2009999752 -3963519.72142 3350848.983254 3694795.393611 0 0 0 0 0 0 0 0 0                 
point3 1083.4010000229 -3963519.7044 3350848.9307819 3694795.4594841 0 0 0 0 0 0 0 0 0                 
point3 1083.6010000706 -3963519.683988 3350848.8630019 3694795.5398551 0 0 0 0 0 0 0 0 0                 
point3 1083.8009998798 -3963519.660565 3350848.779227 3694795.634836 0 0 0 0 0 0 0 0 0                 
point3 1084.0009999275 -3963519.632035 3350848.681155 3694795.746527 0 0 0 0 0 0 0 0 0                 
point3 1084.2009999752 -3963519.598325 3350848.5694 3694795.8762029 0 0 0 0 0 0 0 0 0                 
point3 1084.4010000229 -3963519.563018 3350848.4464259 3694796.0202741 0 0 0 0 0 0 0 0 0                 
point3 1084.6010000706 -3963519.526214 3350848.3055799 3694796.1806031 0 0 0 0 0 0 0 0 0                 
point3 1084.8009998798 -3963519.48901 3350848.1293231 3694796.3719329 0 0 0 0 0 0 0 0 0                 
point3 1085.0009999275 -3963519.450392 3350847.9002501 3694796.6117689 0 0 0 0 0 0 0 0 0                 
point3 1085.2009999752 -3963519.410046 3350847.6186651 3694796.8906339 0 0 0 0 0 0 0 0 0                 
point3 1085.4010000229 -3963519.384551 3350847.3071977 3694797.1788562 0 0 0 0 0 0 0 0 0                 
point3 1085.6010000706 -3963519.381694 3350846.9826067 3694797.4659542 0 0 0 0 0 0 0 0 0                 
point3 1085.8009998798 -3963519.406609 3350846.6404421 3694797.7327879 0 0 0 0 0 0 0 0 0                 
point3 1086.0009999275 -3963519.452981 3350846.2870931 3694797.9894769 0 0 0 0 0 0 0 0 0                 
point3 1086.2009999752 -3963519.512453 3350845.9218231 3694798.2437449 0 0 0 0 0 0 0 0 0                 
point3 1086.4010000229 -3963519.5874361 3350845.5443877 3694798.4903932 0 0 0 0 0 0 0 0 0                 
point3 1086.6010000706 -3963519.6778971 3350845.1587237 3694798.7255462 0 0 0 0 0 0 0 0 0                 
point3 1086.8009998798 -3963519.779324 3350844.7611861 3694798.9555789 0 0 0 0 0 0 0 0 0                 
point3 1087.0009999275 -3963519.885345 3350844.3577791 3694799.1921819 0 0 0 0 0 0 0 0 0                 
point3 1087.2009999752 -3963519.995266 3350843.9526551 3694799.4278749 0 0 0 0 0 0 0 0 0                 
point3 1087.4010000229 -3963520.1091691 3350843.5421247 3694799.6628862 0 0 0 0 0 0 0 0 0                 
point3 1087.6010000706 -3963520.2232821 3350843.1263037 3694799.9020032 0 0 0 0 0 0 0 0 0                 
point3 1087.8009998798 -3963520.342255 3350842.7039542 3694800.1444889 0 0 0 0 0 0 0 0 0                 
point3 1088.0009999275 -3963520.4782419 3350842.2355702 3694800.4134069 0 0 0 0 0 0 0 0 0                 
point3 1088.2009999752 -3963520.6293829 3350841.6939102 3694800.7245819 0 0 0 0 0 0 0 0 0                 
point3 1088.4010000229 -3963520.7888471 3350841.1067305 3694801.0663643 0 0 0 0 0 0 0 0 0                 
point3 1088.6010000706 -3963520.9638532 3350840.4852825 3694801.4200753 0 0 0 0 0 0 0 0 0                 
point3 1088.8009998798 -3963521.1572879 3350839.8369092 3694801.7745669 0 0 0 0 0 0 0 0 0                 
point3 1089.0009999275 -3963521.3555159 3350839.1772002 3694802.1282689 0 0 0 0 0 0 0 0 0                 
point3 1089.2009999752 -3963521.5606579 3350838.5171722 3694802.4815399 0 0 0 0 0 0 0 0 0                 
point3 1089.4010000229 -3963521.7735752 3350837.8516845 3694802.8281233 0 0 0 0 0 0 0 0 0                 
point3 1089.6010000706 -3963521.9879672 3350837.1878504 3694803.1729263 0 0 0 0 0 0 0 0 0                 
point3 1089.8009998798 -3963522.2020869 3350836.5152102 3694803.5191339 0 0 0 0 0 0 0 0 0                 
point3 1090.0009999275 -3963522.4217299 3350835.8359802 3694803.8636029 0 0 0 0 0 0 0 0 0                 
point3 1090.2009999752 -3963522.6492509 3350835.1510642 3694804.2048009 0 0 0 0 0 0 0 0 0                 
point3 1090.4010000229 -3963522.8786342 3350834.4625394 3694804.5442943 0 0 0 0 0 0 0 0 0                 
point3 1090.6010000706 -3963523.1052392 3350833.7691144 3694804.8842193 0 0 0 0 0 0 0 0 0                 
point3 1090.8009998798 -3963523.3346599 3350833.0702793 3694805.2272199 0 0 0 0 0 0 0 0 0                 
point3 1091.0009999275 -3963523.5667539 3350832.3630453 3694805.5702199 0 0 0 0 0 0 0 0 0                 
point3 1091.2009999752 -3963523.7957989 3350831.6526132 3694805.9146139 0 0 0 0 0 0 0 0 0                 
point3 1091.4010000229 -3963524.0104942 3350830.9709435 3694806.2529793 0 0 0 0 0 0 0 0 0                 
point3 1091.6010000706 -3963524.2024681 3350830.3565795 3694806.5576742 0 0 0 0 0 0 0 0 0                 
point3 1091.8009998798 -3963524.3707669 3350829.8093212 3694806.8241159 0 0 0 0 0 0 0 0 0                 
point3 1092.0009999275 -3963524.519269 3350829.3315412 3694807.0594699 0 0 0 0 0 0 0 0 0                 
point3 1092.2009999752 -3963524.649002 3350828.9103321 3694807.2691849 0 0 0 0 0 0 0 0 0                 
point3 1092.4010000229 -3963524.7664431 3350828.5260167 3694807.4617941 0 0 0 0 0 0 0 0 0                 
point3 1092.6010000706 -3963524.8728131 3350828.1773227 3694807.6364371 0 0 0 0 0 0 0 0 0                 
point3 1092.8009998798 -3963524.975516 3350827.8419251 3694807.8037289 0 0 0 0 0 0 0 0 0                 
point3 1093.0009999275 -3963525.078305 3350827.5093611 3694807.9697269 0 0 0 0 0 0 0 0 0                 
point3 1093.2009999752 -3963525.178295 3350827.1828061 3694808.1341949 0 0 0 0 0 0 0 0 0                 
point3 1093.4010000229 -3963525.2771921 3350826.8664337 3694808.2922811 0 0 0 0 0 0 0 0 0                 
point3 1093.6010000706 -3963525.3760921 3350826.5528257 3694808.4476811 0 0 0 0 0 0 0 0 0                 
point3 1093.8009998798 -3963525.473479 3350826.2371161 3694808.6056109 0 0 0 0 0 0 0 0 0                 
point3 1094.0009999275 -3963525.569491 3350825.9195991 3694808.7678019 0 0 0 0 0 0 0 0 0                 
point3 1094.2009999752 -3963525.668904 3350825.5996911 3694808.9280039 0 0 0 0 0 0 0 0 0                 
point3 1094.4010000229 -3963525.7693961 3350825.2755517 3694809.0900321 0 0 0 0 0 0 0 0 0                 
point3 1094.6010000706 -3963525.8688091 3350824.9449257 3694809.2582631 0 0 0 0 0 0 0 0 0                 
point3 1094.8009998798 -3963525.971722 3350824.6078991 3694809.4313649 0 0 0 0 0 0 0 0 0                 
point3 1095.0009999275 -3963526.076114 3350824.2691311 3694809.6034419 0 0 0 0 0 0 0 0 0                 
point3 1095.2009999752 -3963526.177587 3350823.9367891 3694809.7709199 0 0 0 0 0 0 0 0 0                 
point3 1095.4010000229 -3963526.2732461 3350823.6213198 3694809.9319481 0 0 0 0 0 0 0 0 0                 
point3 1095.6010000706 -3963526.3598971 3350823.3336958 3694810.0767571 0 0 0 0 0 0 0 0 0                 
point3 1095.8009998798 -3963526.436747 3350823.0819591 3694810.203875 0 0 0 0 0 0 0 0 0                 
point3 1096.0009999275 -3963526.503597 3350822.8609971 3694810.315614 0 0 0 0 0 0 0 0 0                 
point3 1096.2009999752 -3963526.561785 3350822.6658751 3694810.416075 0 0 0 0 0 0 0 0 0                 
point3 1096.4010000229 -3963526.619395 3350822.4796278 3694810.5107821 0 0 0 0 0 0 0 0 0                 
point3 1096.6010000706 -3963526.6789081 3350822.2819788 3694810.6090141 0 0 0 0 0 0 0 0 0                 
point3 1096.8009998798 -3963526.741317 3350822.0765471 3694810.712734 0 0 0 0 0 0 0 0 0                 
point3 1097.0009999275 -3963526.804922 3350821.8637071 3694810.820753 0 0 0 0 0 0 0 0 0                 
point3 1097.2009999752 -3963526.870341 3350821.6435731 3694810.93197 0 0 0 0 0 0 0 0 0                 
point3 1097.4010000229 -3963526.9393491 3350821.4167568 3694811.0463751 0 0 0 0 0 0 0 0 0                 
point3 1097.6010000706 -3963527.0085411 3350821.1877508 3694811.1617851 0 0 0 0 0 0 0 0 0                 
point3 1097.8009998798 -3963527.077656 3350820.9590881 3694811.277965 0 0 0 0 0 0 0 0 0                 
point3 1098.0009999275 -3963527.148336 3350820.7390361 3694811.389638 0 0 0 0 0 0 0 0 0                 
point3 1098.2009999752 -3963527.213608 3350820.5291941 3694811.496321 0 0 0 0 0 0 0 0 0                 
point3 1098.4010000229 -3963527.274899 3350820.3307508 3694811.5992861 0 0 0 0 0 0 0 0 0                 
point3 1098.6010000706 -3963527.333273 3350820.1434899 3694811.6949691 0 0 0 0 0 0 0 0 0                 
point3 1098.8009998798 -3963527.387981 3350819.9613711 3694811.789388 0 0 0 0 0 0 0 0 0                 
point3 1099.0009999275 -3963527.4452 3350819.7733321 3694811.887492 0 0 0 0 0 0 0 0 0                 
point3 1099.2009999752 -3963527.506418 3350819.5785071 3694811.985389 0 0 0 0 0 0 0 0 0                 
point3 1099.4010000229 -3963527.5700121 3350819.3792988 3694812.0850291 0 0 0 0 0 0 0 0 0                 
point3 1099.6010000706 -3963527.6316031 3350819.1786848 3694812.1927571 0 0 0 0 0 0 0 0 0                 
point3 1099.8009998798 -3963527.692928 3350818.9744641 3694812.303027 0 0 0 0 0 0 0 0 0                 
point3 1100.0009999275 -3963527.760554 3350818.7667571 3694812.406812 0 0 0 0 0 0 0 0 0                 
point3 1100.2009999752 -3963527.830223 3350818.5591861 3694812.510745 0 0 0 0 0 0 0 0 0                 
point3 1100.4010000229 -3963527.8936081 3350818.3576998 3694812.6207511 0 0 0 0 0 0 0 0 0                 
point3 1100.6010000706 -3963527.9561261 3350818.1577048 3694812.7292191 0 0 0 0 0 0 0 0 0                 
point3 1100.8009998798 -3963528.021118 3350817.9588101 3694812.832313 0 0 0 0 0 0 0 0 0                 
point3 1101.0009999275 -3963528.08401 3350817.7612151 3694812.93552 0 0 0 0 0 0 0 0 0                 
point3 1101.2009999752 -3963528.146117 3350817.5649281 3694813.039108 0 0 0 0 0 0 0 0 0                 
point3 1101.4010000229 -3963528.2108471 3350817.3687748 3694813.1413251 0 0 0 0 0 0 0 0 0                 
point3 1101.6010000706 -3963528.2817651 3350817.1603158 3694813.2480651 0 0 0 0 0 0 0 0 0                 
point3 1101.8009998798 -3963528.354463 3350816.9414791 3694813.363102 0 0 0 0 0 0 0 0 0                 
point3 1102.0009999275 -3963528.4284 3350816.7145131 3694813.484006 0 0 0 0 0 0 0 0 0                 
point3 1102.2009999752 -3963528.51115 3350816.4732351 3694813.605737 0 0 0 0 0 0 0 0 0                 
point3 1102.4010000229 -3963528.6033921 3350816.2132708 3694813.7385651 0 0 0 0 0 0 0 0 0                 
point3 1102.6010000706 -3963528.7043571 3350815.9164337 3694813.8986821 0 0 0 0 0 0 0 0 0                 
point3 1102.8009998798 -3963528.820854 3350815.5706331 3694814.0772319 0 0 0 0 0 0 0 0 0                 
point3 1103.0009999275 -3963528.9567489 3350815.1919031 3694814.2676089 0 0 0 0 0 0 0 0 0                 
point3 1103.2009999752 -3963529.1105239 3350814.7830022 3694814.4725769 0 0 0 0 0 0 0 0 0                 
point3 1103.4010000229 -3963529.2795172 3350814.3305346 3694814.6939992 0 0 0 0 0 0 0 0 0                 
point3 1103.6010000706 -3963529.4676812 3350813.8257086 3694814.9412452 0 0 0 0 0 0 0 0 0                 
point3 1103.8009998798 -3963529.6663569 3350813.2766922 3694815.2160649 0 0 0 0 0 0 0 0 0                 
point3 1104.0009999275 -3963529.8838599 3350812.6853172 3694815.5149579 0 0 0 0 0 0 0 0 0                 
point3 1104.2009999752 -3963530.1183189 3350812.0601562 3694815.8270649 0 0 0 0 0 0 0 0 0                 
point3 1104.4010000229 -3963530.3659842 3350811.4028054 3694816.1432603 0 0 0 0 0 0 0 0 0                 
point3 1104.6010000706 -3963530.6241082 3350810.7150384 3694816.4808313 0 0 0 0 0 0 0 0 0                 
point3 1104.8009998798 -3963530.8876439 3350810.0010163 3694816.8286699 0 0 0 0 0 0 0 0 0                 
point3 1105.0009999275 -3963531.1565469 3350809.2806543 3694817.1845219 0 0 0 0 0 0 0 0 0                 
point3 1105.2009999752 -3963531.4257419 3350808.5487853 3694817.5512689 0 0 0 0 0 0 0 0 0                 
point3 1105.4010000229 -3963531.6965932 3350807.8012634 3694817.9300813 0 0 0 0 0 0 0 0 0                 
point3 1105.6010000706 -3963531.9767292 3350807.0252143 3694818.3316483 0 0 0 0 0 0 0 0 0                 
point3 1105.8009998798 -3963532.2645609 3350806.2240253 3694818.7428028 0 0 0 0 0 0 0 0 0                 
point3 1106.0009999275 -3963532.5579689 3350805.4023183 3694819.1683948 0 0 0 0 0 0 0 0 0                 
point3 1106.2009999752 -3963532.8522839 3350804.5620383 3694819.6075018 0 0 0 0 0 0 0 0 0                 
point3 1106.4010000229 -3963533.1508072 3350803.7040413 3694820.0489434 0 0 0 0 0 0 0 0 0                 
point3 1106.6010000706 -3963533.4523193 3350802.8284453 3694820.5012044 0 0 0 0 0 0 0 0 0                 
point3 1106.8009998798 -3963533.7566219 3350801.9330893 3694820.9655278 0 0 0 0 0 0 0 0 0                 
point3 1107.0009999275 -3963534.0599069 3350801.0332283 3694821.4305198 0 0 0 0 0 0 0 0 0                 
point3 1107.2009999752 -3963534.3593759 3350800.1403443 3694821.8985798 0 0 0 0 0 0 0 0 0                 
point3 1107.4010000229 -3963534.6537672 3350799.2490533 3694822.3753904 0 0 0 0 0 0 0 0 0                 
point3 1107.6010000706 -3963534.9451122 3350798.3619793 3694822.8564464 0 0 0 0 0 0 0 0 0                 
point3 1107.8009998798 -3963535.2235409 3350797.4780123 3694823.3466848 0 0 0 0 0 0 0 0 0                 
point3 1108.0009999275 -3963535.4880529 3350796.6005183 3694823.8461528 0 0 0 0 0 0 0 0 0                 
point3 1108.2009999752 -3963535.7309869 3350795.7273903 3694824.3622628 0 0 0 0 0 0 0 0 0                 
point3 1108.4010000229 -3963535.9387811 3350794.8691083 3694824.8999915 0 0 0 0 0 0 0 0 0                 
point3 1108.6010000706 -3963536.1010101 3350794.0373473 3694825.4648185 0 0 0 0 0 0 0 0 0                 
point3 1108.8009998798 -3963536.211499 3350793.2366433 3694826.0525828 0 0 0 0 0 0 0 0 0                 
point3 1109.0009999275 -3963536.281394 3350792.4739303 3694826.6507158 0 0 0 0 0 0 0 0 0                 
point3 1109.2009999752 -3963536.31165 3350791.7515472 3694827.2512588 0 0 0 0 0 0 0 0 0                 
point3 1109.4010000229 -3963536.311948 3350791.0714375 3694827.8458535 0 0 0 0 0 0 0 0 0                 
point3 1109.6010000706 -3963536.2698349 3350790.4210035 3694828.4624615 0 0 0 0 0 0 0 0 0                 
point3 1109.8009998798 -3963536.185918 3350789.7910932 3694829.0997708 0 0 0 0 0 0 0 0 0                 
point3 1110.0009999275 -3963536.0536091 3350789.2011562 3694829.7616118 0 0 0 0 0 0 0 0 0                 
point3 1110.2009999752 -3963535.8619771 3350788.6643232 3694830.4468628 0 0 0 0 0 0 0 0 0                 
point3 1110.4010000229 -3963535.6260308 3350788.1506686 3694831.1478766 0 0 0 0 0 0 0 0 0                 
point3 1110.6010000706 -3963535.3378467 3350787.6500816 3694831.8944766 0 0 0 0 0 0 0 0 0                 
point3 1110.8009998798 -3963534.9928721 3350787.1717862 3694832.6783407 0 0 0 0 0 0 0 0 0                 
point3 1111.0009999275 -3963534.5934042 3350786.7167512 3694833.4949007 0 0 0 0 0 0 0 0 0                 
point3 1111.2009999752 -3963534.1401202 3350786.2950011 3694834.3426507 0 0 0 0 0 0 0 0 0                 
point3 1111.4010000229 -3963533.6309585 3350785.9067107 3694835.2196817 0 0 0 0 0 0 0 0 0                 
point3 1111.6010000706 -3963533.0714255 3350785.5571617 3694836.1223098 0 0 0 0 0 0 0 0 0                 
point3 1111.8009998798 -3963532.4625662 3350785.2356611 3694837.0515537 0 0 0 0 0 0 0 0 0                 
point3 1112.0009999275 -3963531.8053572 3350784.9318411 3694838.0104086 0 0 0 0 0 0 0 0 0                 
point3 1112.2009999752 -3963531.1065403 3350784.6446281 3694838.9988296 0 0 0 0 0 0 0 0 0                 
point3 1112.4010000229 -3963530.3620824 3350784.3726978 3694840.0116709 0 0 0 0 0 0 0 0 0                 
point3 1112.6010000706 -3963529.5684053 3350784.1189118 3694841.0529969 0 0 0 0 0 0 0 0 0                 
point3 1112.8009998798 -3963528.7423643 3350783.8894671 3694842.1157416 0 0 0 0 0 0 0 0 0                 
point3 1113.0009999275 -3963527.8906113 3350783.6869751 3694843.1868306 0 0 0 0 0 0 0 0 0                 
point3 1113.2009999752 -3963527.0097263 3350783.4799181 3694844.2784166 0 0 0 0 0 0 0 0 0                 
point3 1113.4010000229 -3963526.1338533 3350783.2890488 3694845.3839259 0 0 0 0 0 0 0 0 0                 
point3 1113.6010000706 -3963525.2420213 3350783.0934828 3694846.4932579 0 0 0 0 0 0 0 0 0                 
point3 1113.8009998798 -3963524.3452003 3350782.8879811 3694847.6303176 0 0 0 0 0 0 0 0 0                 
point3 1114.0009999275 -3963523.4384493 3350782.6846361 3694848.7749676 0 0 0 0 0 0 0 0 0                 
point3 1114.2009999752 -3963522.5058753 3350782.4670471 3694849.9318176 0 0 0 0 0 0 0 0 0                 
point3 1114.4010000229 -3963521.5832502 3350782.2602938 3694851.093899 0 0 0 0 0 0 0 0 0                 
point3 1114.6010000706 -3963520.6474522 3350782.0569708 3694852.258525 0 0 0 0 0 0 0 0 0                 
point3 1114.8009998798 -3963519.6937763 3350781.8538231 3694853.4486866 0 0 0 0 0 0 0 0 0                 
point3 1115.0009999275 -3963518.7268423 3350781.6608801 3694854.6450676 0 0 0 0 0 0 0 0 0                 
point3 1115.2009999752 -3963517.7537053 3350781.4783151 3694855.8389896 0 0 0 0 0 0 0 0 0                 
point3 1115.4010000229 -3963516.7712342 3350781.3046479 3694857.040657 0 0 0 0 0 0 0 0 0                 
point3 1115.6010000706 -3963515.7738642 3350781.1366949 3694858.253366 0 0 0 0 0 0 0 0 0                 
point3 1115.8009998798 -3963514.7686844 3350780.9787431 3694859.4640146 0 0 0 0 0 0 0 0 0                 
point3 1116.0009999275 -3963513.7658934 3350780.8285821 3694860.6648906 0 0 0 0 0 0 0 0 0                 
point3 1116.2009999752 -3963512.7636824 3350780.688123 3694861.8637986 0 0 0 0 0 0 0 0 0                 
point3 1116.4010000229 -3963511.7577342 3350780.5536519 3694863.063396 0 0 0 0 0 0 0 0 0                 
point3 1116.6010000706 -3963510.7441972 3350780.4264139 3694864.263219 0 0 0 0 0 0 0 0 0                 
point3 1116.8009998798 -3963509.7196254 3350780.310342 3694865.4686696 0 0 0 0 0 0 0 0 0                 
point3 1117.0009999275 -3963508.6811674 3350780.202272 3694866.6856226 0 0 0 0 0 0 0 0 0                 
point3 1117.2009999752 -3963507.6308914 3350780.099308 3694867.9120586 0 0 0 0 0 0 0 0 0                 
point3 1117.4010000229 -3963506.5674521 3350780.0026549 3694869.145594 0 0 0 0 0 0 0 0 0                 
point3 1117.6010000706 -3963505.4942751 3350779.9149869 3694870.385527 0 0 0 0 0 0 0 0 0                 
point3 1117.8009998798 -3963504.4061364 3350779.834529 3694871.6330596 0 0 0 0 0 0 0 0 0                 
point3 1118.0009999275 -3963503.3106804 3350779.764388 3694872.8851636 0 0 0 0 0 0 0 0 0                 
point3 1118.2009999752 -3963502.2033434 3350779.704237 3694874.1386676 0 0 0 0 0 0 0 0 0                 
point3 1118.4010000229 -3963501.0923661 3350779.6538 3694875.390114 0 0 0 0 0 0 0 0 0                 
point3 1118.6010000706 -3963499.9860561 3350779.615031 3694876.630275 0 0 0 0 0 0 0 0 0                 
point3 1118.8009998798 -3963498.8771634 3350779.584391 3694877.8634356 0 0 0 0 0 0 0 0 0                 
point3 1119.0009999275 -3963497.7707894 3350779.565734 3694879.0872636 0 0 0 0 0 0 0 0 0                 
point3 1119.2009999752 -3963496.6700864 3350779.554796 3694880.2972096 0 0 0 0 0 0 0 0 0                 
point3 1119.4010000229 -3963495.5690131 3350779.558454 3694881.496865 0 0 0 0 0 0 0 0 0                 
point3 1119.6010000706 -3963494.4747401 3350779.570571 3694882.685995 0 0 0 0 0 0 0 0 0                 
point3 1119.8009998798 -3963493.3842584 3350779.589946 3694883.8615416 0 0 0 0 0 0 0 0 0                 
point3 1120.0009999275 -3963492.2972784 3350779.620784 3694885.0271766 0 0 0 0 0 0 0 0 0                 
point3 1120.2009999752 -3963491.2145084 3350779.660873 3694886.1790116 0 0 0 0 0 0 0 0 0                 
point3 1120.4010000229 -3963490.1346621 3350779.7181251 3694887.3204009 0 0 0 0 0 0 0 0 0                 
point3 1120.6010000706 -3963489.0442071 3350779.7868921 3694888.4602969 0 0 0 0 0 0 0 0 0                 
point3 1120.8009998798 -3963487.9425504 3350779.869365 3694889.5989856 0 0 0 0 0 0 0 0 0                 
point3 1121.0009999275 -3963486.8311994 3350779.964809 3694890.7374156 0 0 0 0 0 0 0 0 0                 
point3 1121.2009999752 -3963485.7063064 3350780.066624 3694891.8837856 0 0 0 0 0 0 0 0 0                 
point3 1121.4010000229 -3963484.562826 3350780.1759871 3694893.044344 0 0 0 0 0 0 0 0 0                 
point3 1121.6010000706 -3963483.40585 3350780.2966361 3694894.214274 0 0 0 0 0 0 0 0 0                 
point3 1121.8009998798 -3963482.2307544 3350780.424794 3694895.3916296 0 0 0 0 0 0 0 0 0                 
point3 1122.0009999275 -3963481.0384084 3350780.5657369 3694896.5799666 0 0 0 0 0 0 0 0 0                 
point3 1122.2009999752 -3963479.8348044 3350780.7151839 3694897.7753136 0 0 0 0 0 0 0 0 0                 
point3 1122.4010000229 -3963478.609735 3350780.8735101 3694898.981468 0 0 0 0 0 0 0 0 0                 
point3 1122.6010000706 -3963477.375777 3350781.0377391 3694900.19527 0 0 0 0 0 0 0 0 0                 
point3 1122.8009998798 -3963476.1284314 3350781.2064599 3694901.4106026 0 0 0 0 0 0 0 0 0                 
point3 1123.0009999275 -3963474.8762374 3350781.3787859 3694902.6314996 0 0 0 0 0 0 0 0 0                 
point3 1123.2009999752 -3963473.6193585 3350781.5582109 3694903.8513196 0 0 0 0 0 0 0 0 0                 
point3 1123.4010000229 -3963472.349245 3350781.7410001 3694905.076532 0 0 0 0 0 0 0 0 0                 
point3 1123.6010000706 -3963471.0735839 3350781.9226462 3694906.301003 0 0 0 0 0 0 0 0 0                 
point3 1123.8009998798 -3963469.7901535 3350782.1139429 3694907.5219086 0 0 0 0 0 0 0 0 0                 
point3 1124.0009999275 -3963468.5007495 3350782.3027869 3694908.7448296 0 0 0 0 0 0 0 0 0                 
point3 1124.2009999752 -3963467.2105475 3350782.4992499 3694909.9713386 0 0 0 0 0 0 0 0 0                 
point3 1124.4010000229 -3963465.9219579 3350782.6896012 3694911.19963 0 0 0 0 0 0 0 0 0                 
point3 1124.6010000706 -3963464.6325739 3350782.8904142 3694912.424305 0 0 0 0 0 0 0 0 0                 
point3 1124.8009998798 -3963463.3509285 3350783.0946069 3694913.6417416 0 0 0 0 0 0 0 0 0                 
point3 1125.0009999275 -3963462.0751145 3350783.2937619 3694914.8501596 0 0 0 0 0 0 0 0 0                 
point3 1125.2009999752 -3963460.7993465 3350783.4854459 3694916.0628616 0 0 0 0 0 0 0 0 0                 
point3 1125.4010000229 -3963459.528527 3350783.6750572 3694917.27415 0 0 0 0 0 0 0 0 0                 
point3 1125.6010000706 -3963458.253823 3350783.8652442 3694918.485572 0 0 0 0 0 0 0 0 0                 
point3 1125.8009998798 -3963456.9774045 3350784.0531349 3694919.6991606 0 0 0 0 0 0 0 0 0                 
point3 1126.0009999275 -3963455.6979075 3350784.2393159 3694920.9111556 0 0 0 0 0 0 0 0 0                 
point3 1126.2009999752 -3963454.4182015 3350784.4232109 3694922.1219596 0 0 0 0 0 0 0 0 0                 
point3 1126.4010000229 -3963453.1377829 3350784.6056011 3694923.334772 0 0 0 0 0 0 0 0 0                 
point3 1126.6010000706 -3963451.8567999 3350784.7857041 3694924.549782 0 0 0 0 0 0 0 0 0                 
point3 1126.8009998798 -3963450.5760725 3350784.9668189 3694925.7658926 0 0 0 0 0 0 0 0 0                 
point3 1127.0009999275 -3963449.2896665 3350785.1501059 3694926.9854046 0 0 0 0 0 0 0 0 0                 
point3 1127.2009999752 -3963448.0021625 3350785.3307919 3694928.2057996 0 0 0 0 0 0 0 0 0                 
point3 1127.4010000229 -3963446.7129509 3350785.5085831 3694929.426116 0 0 0 0 0 0 0 0 0                 
point3 1127.6010000706 -3963445.4217229 3350785.6891272 3694930.648814 0 0 0 0 0 0 0 0 0                 
point3 1127.8009998798 -3963444.1269355 3350785.8757359 3694931.8719236 0 0 0 0 0 0 0 0 0                 
point3 1128.0009999275 -3963442.8323965 3350786.0633569 3694933.0971416 0 0 0 0 0 0 0 0 0                 
point3 1128.2009999752 -3963441.5292535 3350786.2539579 3694934.3273616 0 0 0 0 0 0 0 0 0                 
point3 1128.4010000229 -3963440.2200479 3350786.4451672 3694935.559655 0 0 0 0 0 0 0 0 0                 
point3 1128.6010000706 -3963438.9067849 3350786.6392782 3694936.790482 0 0 0 0 0 0 0 0 0                 
point3 1128.8009998798 -3963437.5800085 3350786.8373099 3694938.0302536 0 0 0 0 0 0 0 0 0                 
point3 1129.0009999275 -3963436.2357025 3350787.0421429 3694939.2850435 0 0 0 0 0 0 0 0 0                 
point3 1129.2009999752 -3963434.8701915 3350787.2524769 3694940.5592445 0 0 0 0 0 0 0 0 0                 
point3 1129.4010000229 -3963433.4848948 3350787.4701072 3694941.8534441 0 0 0 0 0 0 0 0 0                 
point3 1129.6010000706 -3963432.0761488 3350787.6930402 3694943.1669421 0 0 0 0 0 0 0 0 0                 
point3 1129.8009998798 -3963430.6424745 3350787.9226739 3694944.4984945 0 0 0 0 0 0 0 0 0                 
point3 1130.0009999275 -3963429.1918745 3350788.1603269 3694945.8405725 0 0 0 0 0 0 0 0 0                 
point3 1130.2009999752 -3963427.7214515 3350788.4064609 3694947.2012785 0 0 0 0 0 0 0 0 0                 
point3 1130.4010000229 -3963426.2252218 3350788.6614222 3694948.5811441 0 0 0 0 0 0 0 0 0                 
point3 1130.6010000706 -3963424.7050197 3350788.9273582 3694949.9716751 0 0 0 0 0 0 0 0 0                 
point3 1130.8009998798 -3963423.1682056 3350789.2005999 3694951.3680015 0 0 0 0 0 0 0 0 0                 
point3 1131.0009999275 -3963421.6271406 3350789.4796939 3694952.7713625 0 0 0 0 0 0 0 0 0                 
point3 1131.2009999752 -3963420.0712966 3350789.7593339 3694954.1858755 0 0 0 0 0 0 0 0 0                 
point3 1131.4010000229 -3963418.5119897 3350790.0465462 3694955.5996662 0 0 0 0 0 0 0 0 0                 
point3 1131.6010000706 -3963416.9464157 3350790.3361872 3694957.0160232 0 0 0 0 0 0 0 0 0                 
point3 1131.8009998798 -3963415.3693926 3350790.6338029 3694958.4426445 0 0 0 0 0 0 0 0 0                 
point3 1132.0009999275 -3963413.7858406 3350790.9339989 3694959.8720665 0 0 0 0 0 0 0 0 0                 
point3 1132.2009999752 -3963412.1937336 3350791.2356209 3694961.3069845 0 0 0 0 0 0 0 0 0                 
point3 1132.4010000229 -3963410.5982967 3350791.5377253 3694962.7447902 0 0 0 0 0 0 0 0 0                 
point3 1132.6010000706 -3963408.9991097 3350791.8423283 3694964.1819682 0 0 0 0 0 0 0 0 0                 
point3 1132.8009998798 -3963407.3985586 3350792.1459989 3694965.6149565 0 0 0 0 0 0 0 0 0                 
point3 1133.0009999275 -3963405.7954506 3350792.4457979 3694967.0447145 0 0 0 0 0 0 0 0 0                 
point3 1133.2009999752 -3963404.2047216 3350792.7440849 3694968.4678435 0 0 0 0 0 0 0 0 0                 
point3 1133.4010000229 -3963402.6083517 3350793.0404522 3694969.8980592 0 0 0 0 0 0 0 0 0                 
point3 1133.6010000706 -3963401.0190187 3350793.3276022 3694971.3278402 0 0 0 0 0 0 0 0 0                 
point3 1133.8009998798 -3963399.4256026 3350793.6056789 3694972.7576585 0 0 0 0 0 0 0 0 0                 
point3 1134.0009999275 -3963397.8428436 3350793.8809579 3694974.1897885 0 0 0 0 0 0 0 0 0                 
point3 1134.2009999752 -3963396.2545616 3350794.1529429 3694975.6282625 0 0 0 0 0 0 0 0 0                 
point3 1134.4010000229 -3963394.6676957 3350794.4178742 3694977.0593282 0 0 0 0 0 0 0 0 0                 
point3 1134.6010000706 -3963393.0890677 3350794.6687202 3694978.4823872 0 0 0 0 0 0 0 0 0                 
point3 1134.8009998798 -3963391.5264176 3350794.9105739 3694979.8978615 0 0 0 0 0 0 0 0 0                 
point3 1135.0009999275 -3963389.9715446 3350795.1462719 3694981.3088215 0 0 0 0 0 0 0 0 0                 
point3 1135.2009999752 -3963388.4231285 3350795.3791539 3694982.7097515 0 0 0 0 0 0 0 0 0                 
point3 1135.4010000229 -3963386.8921747 3350795.6089102 3694984.0972241 0 0 0 0 0 0 0 0 0                 
point3 1135.6010000706 -3963385.3691308 3350795.8295912 3694985.4820111 0 0 0 0 0 0 0 0 0                 
point3 1135.8009998798 -3963383.8601845 3350796.0491079 3694986.8608415 0 0 0 0 0 0 0 0 0                 
point3 1136.0009999275 -3963382.3567035 3350796.2716269 3694988.2274055 0 0 0 0 0 0 0 0 0                 
point3 1136.2009999752 -3963380.8599545 3350796.4964009 3694989.5851375 0 0 0 0 0 0 0 0 0                 
point3 1136.4010000229 -3963379.3724858 3350796.7162002 3694990.9296851 0 0 0 0 0 0 0 0 0                 
point3 1136.6010000706 -3963377.8920508 3350796.9371082 3694992.2639371 0 0 0 0 0 0 0 0 0                 
point3 1136.8009998798 -3963376.4257035 3350797.1586009 3694993.5887915 0 0 0 0 0 0 0 0 0                 
point3 1137.0009999275 -3963374.9690375 3350797.3781679 3694994.9071725 0 0 0 0 0 0 0 0 0                 
point3 1137.2009999752 -3963373.5221005 3350797.5908639 3694996.2194075 0 0 0 0 0 0 0 0 0                 
point3 1137.4010000229 -3963372.0844498 3350797.8018252 3694997.5177511 0 0 0 0 0 0 0 0 0                 
point3 1137.6010000706 -3963370.6618518 3350798.0072262 3694998.8040851 0 0 0 0 0 0 0 0 0                 
point3 1137.8009998798 -3963369.2551885 3350798.2100849 3695000.0799715 0 0 0 0 0 0 0 0 0                 
point3 1138.0009999275 -3963367.8543465 3350798.4065709 3695001.3523255 0 0 0 0 0 0 0 0 0                 
point3 1138.2009999752 -3963366.4673025 3350798.5999559 3695002.6131436 0 0 0 0 0 0 0 0 0                 
point3 1138.4010000229 -3963365.0908579 3350798.7925532 3695003.859608 0 0 0 0 0 0 0 0 0                 
point3 1138.6010000706 -3963363.7274219 3350798.9855752 3695005.098357 0 0 0 0 0 0 0 0 0                 
point3 1138.8009998798 -3963362.3731175 3350799.1756129 3695006.3303756 0 0 0 0 0 0 0 0 0                 
point3 1139.0009999275 -3963361.0153095 3350799.3578059 3695007.5659786 0 0 0 0 0 0 0 0 0                 
point3 1139.2009999752 -3963359.6610315 3350799.5399349 3695008.8015776 0 0 0 0 0 0 0 0 0                 
point3 1139.4010000229 -3963358.3010559 3350799.7270552 3695010.039647 0 0 0 0 0 0 0 0 0                 
point3 1139.6010000706 -3963356.9264179 3350799.9219042 3695011.28964 0 0 0 0 0 0 0 0 0                 
point3 1139.8009998798 -3963355.5559655 3350800.1138949 3695012.5395746 0 0 0 0 0 0 0 0 0                 
point3 1140.0009999275 -3963354.1814705 3350800.2940859 3695013.8016165 0 0 0 0 0 0 0 0 0                 
point3 1140.2009999752 -3963352.7946135 3350800.4724379 3695015.0844895 0 0 0 0 0 0 0 0 0                 
point3 1140.4010000229 -3963351.3914078 3350800.6654212 3695016.36098 0 0 0 0 0 0 0 0 0                 
point3 1140.6010000706 -3963349.9729028 3350800.8709542 3695017.6381161 0 0 0 0 0 0 0 0 0                 
point3 1140.8009998798 -3963348.5488185 3350801.0821299 3695018.9245175 0 0 0 0 0 0 0 0 0                 
point3 1141.0009999275 -3963347.1113815 3350801.2890169 3695020.2345085 0 0 0 0 0 0 0 0 0                 
point3 1141.2009999752 -3963345.6374305 3350801.5087899 3695021.5604455 0 0 0 0 0 0 0 0 0                 
point3 1141.4010000229 -3963344.1696488 3350801.7299162 3695022.8839371 0 0 0 0 0 0 0 0 0                 
point3 1141.6010000706 -3963342.6917908 3350801.9498932 3695024.2234531 0 0 0 0 0 0 0 0 0                 
point3 1141.8009998798 -3963341.1885415 3350802.1706929 3695025.5970395 0 0 0 0 0 0 0 0 0                 
point3 1142.0009999275 -3963339.6782525 3350802.3894779 3695026.9598615 0 0 0 0 0 0 0 0 0                 
point3 1142.2009999752 -3963338.1688875 3350802.6045969 3695028.3129805 0 0 0 0 0 0 0 0 0                 
point3 1142.4010000229 -3963336.6679668 3350802.8248902 3695029.6693821 0 0 0 0 0 0 0 0 0                 
point3 1142.6010000706 -3963335.1608368 3350803.0413872 3695031.0253591 0 0 0 0 0 0 0 0 0                 
point3 1142.8009998798 -3963333.6747665 3350803.2577309 3695032.3740395 0 0 0 0 0 0 0 0 0                 
point3 1143.0009999275 -3963332.1829355 3350803.4719649 3695033.7243555 0 0 0 0 0 0 0 0 0                 
point3 1143.2009999752 -3963330.6898705 3350803.6995059 3695035.0716795 0 0 0 0 0 0 0 0 0                 
point3 1143.4010000229 -3963329.2052898 3350803.9232602 3695036.4052571 0 0 0 0 0 0 0 0 0                 
point3 1143.6010000706 -3963327.7286498 3350804.1313492 3695037.7391861 0 0 0 0 0 0 0 0 0                 
point3 1143.8009998798 -3963326.2510885 3350804.3410699 3695039.0758755 0 0 0 0 0 0 0 0 0                 
point3 1144.0009999275 -3963324.7791995 3350804.5584289 3695040.4049695 0 0 0 0 0 0 0 0 0                 
point3 1144.2009999752 -3963323.3385175 3350804.7639579 3695041.7175785 0 0 0 0 0 0 0 0 0                 
point3 1144.4010000229 -3963321.9013938 3350804.9706092 3695043.0335141 0 0 0 0 0 0 0 0 0                 
point3 1144.6010000706 -3963320.4856648 3350805.1783312 3695044.325331 0 0 0 0 0 0 0 0 0                 
point3 1144.8009998798 -3963319.0856135 3350805.3785399 3695045.5887915 0 0 0 0 0 0 0 0 0                 
point3 1145.0009999275 -3963317.7110305 3350805.5668409 3695046.8444416 0 0 0 0 0 0 0 0 0                 
point3 1145.2009999752 -3963316.3425565 3350805.7528369 3695048.0891296 0 0 0 0 0 0 0 0 0                 
point3 1145.4010000229 -3963315.0024189 3350805.9416532 3695049.306818 0 0 0 0 0 0 0 0 0                 
point3 1145.6010000706 -3963313.6865629 3350806.1272781 3695050.509119 0 0 0 0 0 0 0 0 0                 
point3 1145.8009998798 -3963312.3776435 3350806.3013749 3695051.7107156 0 0 0 0 0 0 0 0 0                 
point3 1146.0009999275 -3963311.1004474 3350806.4787919 3695052.8840206 0 0 0 0 0 0 0 0 0                 
point3 1146.2009999752 -3963309.8513094 3350806.6512079 3695054.0245936 0 0 0 0 0 0 0 0 0                 
point3 1146.4010000229 -3963308.619531 3350806.8139091 3695055.1579279 0 0 0 0 0 0 0 0 0                 
point3 1146.6010000706 -3963307.418044 3350806.9746571 3695056.2527329 0 0 0 0 0 0 0 0 0                 
point3 1146.8009998798 -3963306.2539864 3350807.1269089 3695057.3099896 0 0 0 0 0 0 0 0 0                 
point3 1147.0009999275 -3963305.1189474 3350807.2894959 3695058.3421576 0 0 0 0 0 0 0 0 0                 
point3 1147.2009999752 -3963304.0186304 3350807.4467679 3695059.3450866 0 0 0 0 0 0 0 0 0                 
point3 1147.4010000229 -3963302.9532951 3350807.5976181 3695060.3145378 0 0 0 0 0 0 0 0 0                 
point3 1147.6010000706 -3963301.9219962 3350807.7430281 3695061.2538768 0 0 0 0 0 0 0 0 0                 
point3 1147.8009998798 -3963300.9298633 3350807.886362 3695062.1600017 0 0 0 0 0 0 0 0 0                 
point3 1148.0009999275 -3963299.9726453 3350808.018165 3695063.0319307 0 0 0 0 0 0 0 0 0                 
point3 1148.2009999752 -3963299.0519703 3350808.149014 3695063.8690537 0 0 0 0 0 0 0 0 0                 
point3 1148.4010000229 -3963298.1754493 3350808.2690821 3695064.6703656 0 0 0 0 0 0 0 0 0                 
point3 1148.6010000706 -3963297.3339343 3350808.3864781 3695065.4336956 0 0 0 0 0 0 0 0 0                 
point3 1148.8009998798 -3963296.5322603 3350808.499952 3695066.1649207 0 0 0 0 0 0 0 0 0                 
point3 1149.0009999275 -3963295.7744523 3350808.608612 3695066.8594318 0 0 0 0 0 0 0 0 0                 
point3 1149.2009999752 -3963295.0542252 3350808.709484 3695067.5171678 0 0 0 0 0 0 0 0 0                 
point3 1149.4010000229 -3963294.3686235 3350808.8059691 3695068.1426085 0 0 0 0 0 0 0 0 0                 
point3 1149.6010000706 -3963293.7232225 3350808.8971271 3695068.7352245 0 0 0 0 0 0 0 0 0                 
point3 1149.8009998798 -3963293.1166922 3350808.98151 3695069.2910478 0 0 0 0 0 0 0 0 0                 
point3 1150.0009999275 -3963292.5433672 3350809.061377 3695069.8128018 0 0 0 0 0 0 0 0 0                 
point3 1150.2009999752 -3963292.0055342 3350809.135655 3695070.3057528 0 0 0 0 0 0 0 0 0                 
point3 1150.4010000229 -3963291.5008956 3350809.2052311 3695070.7688974 0 0 0 0 0 0 0 0 0                 
point3 1150.6010000706 -3963291.0303926 3350809.2700051 3695071.1999333 0 0 0 0 0 0 0 0 0                 
point3 1150.8009998798 -3963290.5973451 3350809.328972 3695071.5990869 0 0 0 0 0 0 0 0 0                 
point3 1151.0009999275 -3963290.1948131 3350809.382862 3695071.9687359 0 0 0 0 0 0 0 0 0                 
point3 1151.2009999752 -3963289.8243601 3350809.434441 3695072.3082879 0 0 0 0 0 0 0 0 0                 
point3 1151.4010000229 -3963289.4855167 3350809.48192 3695072.6184512 0 0 0 0 0 0 0 0 0                 
point3 1151.6010000706 -3963289.1768668 3350809.524903 3695072.9025302 0 0 0 0 0 0 0 0 0                 
point3 1151.8009998798 -3963288.8952831 3350809.564286 3695073.1624139 0 0 0 0 0 0 0 0 0                 
point3 1152.0009999275 -3963288.6374681 3350809.600674 3695073.4002279 0 0 0 0 0 0 0 0 0                 
point3 1152.2009999752 -3963288.3940461 3350809.635161 3695073.6229659 0 0 0 0 0 0 0 0 0                 
point3 1152.4010000229 -3963288.1680418 3350809.666651 3695073.8315712 0 0 0 0 0 0 0 0 0                 
point3 1152.6010000706 -3963287.9613418 3350809.696029 3695074.0208781 0 0 0 0 0 0 0 0 0                 
point3 1152.8009998798 -3963287.7747401 3350809.721218 3695074.1924899 0 0 0 0 0 0 0 0 0                 
point3 1153.0009999275 -3963287.6085411 3350809.744613 3695074.3453929 0 0 0 0 0 0 0 0 0                 
point3 1153.2009999752 -3963287.460934 3350809.765889 3695074.479813 0 0 0 0 0 0 0 0 0                 
point3 1153.4010000229 -3963287.3324229 3350809.782881 3695074.5984331 0 0 0 0 0 0 0 0 0                 
point3 1153.6010000706 -3963287.2212009 3350809.798671 3695074.7008561 0 0 0 0 0 0 0 0 0                 
point3 1153.8009998798 -3963287.125063 3350809.812058 3695074.789104 0 0 0 0 0 0 0 0 0                 
point3 1154.0009999275 -3963287.03919 3350809.823356 3695074.868679 0 0 0 0 0 0 0 0 0                 
point3 1154.2009999752 -3963286.958414 3350809.834352 3695074.943153 0 0 0 0 0 0 0 0 0                 
point3 1154.4010000229 -3963286.8824499 3350809.844649 3695075.0124241 0 0 0 0 0 0 0 0 0                 
point3 1154.6010000706 -3963286.8147959 3350809.854444 3695075.07488 0 0 0 0 0 0 0 0 0                 
point3 1154.8009998798 -3963286.75675 3350809.862732 3695075.128531 0 0 0 0 0 0 0 0 0                 
point3 1155.0009999275 -3963286.709909 3350809.868622 3695075.171878 0 0 0 0 0 0 0 0 0                 
point3 1155.2009999752 -3963286.674058 3350809.872717 3695075.205132 0 0 0 0 0 0 0 0 0                 
point3 1155.4010000229 -3963286.648413 3350809.875811 3695075.228883 0 0 0 0 0 0 0 0 0                 
point3 1155.6010000706 -3963286.634193 3350809.8775 3695075.242407 0 0 0 0 0 0 0 0 0                 
point3 1155.8009998798 -3963286.633506 3350809.877505 3695075.243106 0 0 0 0 0 0 0 0 0                 
point3 1156.0009999275 -3963286.6353 3350809.879101 3695075.2449 0 0 0 0 0 0 0 0 0                 
point3 1156.2009999752 -3963286.6347 3350809.8786 3695075.2443 0 0 0 0 0 0 0 0 0                 
point3 1156.4010000229 -3963286.634801 3350809.8787 3695075.244401 0 0 0 0 0 0 0 0 0                 
point3 1156.6010000706 -3963286.6348 3350809.8787 3695075.2444 0 0 0 0 0 0 0 0 0                 
point3 1156.8009998798 -3963286.6349 3350809.8787 3695075.2445 0 0 0 0 0 0 0 0 0                 
point3 1157.0009999275 -3963286.6348 3350809.8787 3695075.2444 0 0 0 0 0 0 0 0 0                 
point3 1157.2009999752 -3963286.634801 3350809.8787 3695075.244401 0 0 0 0 0 0 0 0 0                 
point3 1157.4010000229 -3963286.6348 3350809.8787 3695075.2444 0 0 0 0 0 0 0 0 0                 
point3 1157.6010000706 -3963286.6348 3350809.8787 3695075.2444 0 0 0 0 0 0 0 0 0                 
point3 1157.8009998798 -3963286.6349 3350809.8787 3695075.2445 0 0 0 0 0 0 0 0 0                 
point3 1158.0009999275 -3963286.634801 3350809.8787 3695075.244401 0 0 0 0 0 0 0 0 0                 
point3 1158.2009999752 -3963286.6349 3350809.8787 3695075.2445 0 0 0 0 0 0 0 0 0                 
point3 1158.4010000229 -3963286.6349 3350809.8787 3695075.2445 0 0 0 0 0 0 0 0 0                 
point3 1158.6010000706 -3963286.6349 3350809.8787 3695075.2445 0 0 0 0 0 0 0 0 0                 
point3 1158.8009998798 -3963286.6349 3350809.8787 3695075.2445 0 0 0 0 0 0 0 0 0                 
point3 1159.0009999275 -3963286.6349 3350809.8787 3695075.2445 0 0 0 0 0 0 0 0 0                 
point3 1159.2009999752 -3963286.6349 3350809.878799 3695075.2445 0 0 0 0 0 0 0 0 0                 
point3 1159.4010000229 -3963286.6349 3350809.878701 3695075.2445 0 0 0 0 0 0 0 0 0                 
point3 1159.6010000706 -3963286.6349 3350809.8788 3695075.2445 0 0 0 0 0 0 0 0 0                 
point3 1159.8009998798 -3963286.6349 3350809.878799 3695075.2445 0 0 0 0 0 0 0 0 0                 
point3 1160.0009999275 -3963286.6349 3350809.8788 3695075.2445 0 0 0 0 0 0 0 0 0                 
point3 1160.2009999752 -3963286.634899 3350809.878799 3695075.244499 0 0 0 0 0 0 0 0 0                 
point3 1160.4010000229 -3963286.6349 3350809.8788 3695075.2445 0 0 0 0 0 0 0 0 0                 
point3 1160.6010000706 -3963286.6349 3350809.878799 3695075.2445 0 0 0 0 0 0 0 0 0                 
point3 1160.8009998798 -3963286.6349 3350809.8788 3695075.2445 0 0 0 0 0 0 0 0 0                 
point3 1161.0009999275 -3963286.6349 3350809.8788 3695075.2445 0 0 0 0 0 0 0 0 0                 
point3 1161.2009999752 -3963286.6349 3350809.8788 3695075.2445 0 0 0 0 0 0 0 0 0                 
point3 1161.4010000229 -3963286.6349 3350809.8788 3695075.2445 0 0 0 0 0 0 0 0 0                 
point3 1161.6010000706 -3963286.6349 3350809.8788 3695075.2445 0 0 0 0 0 0 0 0 0                 
point3 1161.8009998798 -3963286.6349 3350809.8788 3695075.2445 0 0 0 0 0 0 0 0 0                 
point3 1162.0009999275 -3963286.6349 3350809.8788 3695075.2445 0 0 0 0 0 0 0 0 0                 
point3 1162.2009999752 -3963286.6349 3350809.8788 3695075.2445 0 0 0 0 0 0 0 0 0                 
point3 1162.4010000229 -3963286.6349 3350809.8788 3695075.2445 0 0 0 0 0 0 0 0 0                 
point3 1162.6010000706 -3963286.6349 3350809.8788 3695075.2445 0 0 0 0 0 0 0 0 0                 
point3 1162.8009998798 -3963286.6349 3350809.8788 3695075.2445 0 0 0 0 0 0 0 0 0                 
point3 1163.0009999275 -3963286.6349 3350809.8788 3695075.2445 0 0 0 0 0 0 0 0 0                 
point3 1163.2009999752 -3963286.6349 3350809.8788 3695075.2445 0 0 0 0 0 0 0 0 0                 
point3 1163.4010000229 -3963286.6349 3350809.8788 3695075.2445 0 0 0 0 0 0 0 0 0                 
point3 1163.6010000706 -3963286.6349 3350809.8788 3695075.2445 0 0 0 0 0 0 0 0 0                 
point3 1163.8009998798 -3963286.6349 3350809.8788 3695075.2445 0 0 0 0 0 0 0 0 0                 
point3 1164.0009999275 -3963286.6349 3350809.8788 3695075.2445 0 0 0 0 0 0 0 0 0                 
point3 1164.2009999752 -3963286.6349 3350809.8788 3695075.2445 0 0 0 0 0 0 0 0 0                 
point3 1164.4010000229 -3963286.6349 3350809.8788 3695075.2445 0 0 0 0 0 0 0 0 0                 
point3 1164.6010000706 -3963286.6349 3350809.8788 3695075.2445 0 0 0 0 0 0 0 0 0                 
point3 1164.8009998798 -3963286.6349 3350809.8788 3695075.2445 0 0 0 0 0 0 0 0 0                 
point3 1165.0009999275 -3963286.6349 3350809.8788 3695075.2445 0 0 0 0 0 0 0 0 0                 
point3 1165.2009999752 -3963286.6349 3350809.8788 3695075.2445 0 0 0 0 0 0 0 0 0                 
point3 1165.4010000229 -3963286.6349 3350809.8788 3695075.2445 0 0 0 0 0 0 0 0 0                 
point3 1165.6010000706 -3963286.6349 3350809.8788 3695075.2445 0 0 0 0 0 0 0 0 0                 
point3 1165.8009998798 -3963286.6349 3350809.8788 3695075.2445 0 0 0 0 0 0 0 0 0                 
point3 1166.0009999275 -3963286.6349 3350809.8788 3695075.2445 0 0 0 0 0 0 0 0 0                 
point3 1166.2009999752 -3963286.6349 3350809.8788 3695075.2445 0 0 0 0 0 0 0 0 0                 
point3 1166.4010000229 -3963286.6349 3350809.8788 3695075.2445 0 0 0 0 0 0 0 0 0                 
point3 1166.6010000706 -3963286.6349 3350809.8788 3695075.2445 0 0 0 0 0 0 0 0 0                 
point3 1166.8009998798 -3963286.6349 3350809.8788 3695075.2445 0 0 0 0 0 0 0 0 0                 
point3 1167.0009999275 -3963286.6349 3350809.8788 3695075.2445 0 0 0 0 0 0 0 0 0                 
point3 1167.2009999752 -3963286.6349 3350809.8788 3695075.2445 0 0 0 0 0 0 0 0 0                 
point3 1167.4010000229 -3963286.6349 3350809.8788 3695075.2445 0 0 0 0 0 0 0 0 0                 
point3 1167.6010000706 -3963286.6349 3350809.8788 3695075.2445 0 0 0 0 0 0 0 0 0                 
point3 1167.8009998798 -3963286.6349 3350809.8788 3695075.2445 0 0 0 0 0 0 0 0 0                 
point3 1168.0009999275 -3963286.6349 3350809.8788 3695075.2445 0 0 0 0 0 0 0 0 0                 
point3 1168.2009999752 -3963286.6349 3350809.8788 3695075.2445 0 0 0 0 0 0 0 0 0                 
point3 1168.4010000229 -3963286.6349 3350809.8788 3695075.2445 0 0 0 0 0 0 0 0 0                 
point3 1168.6010000706 -3963286.6349 3350809.8788 3695075.2445 0 0 0 0 0 0 0 0 0                 
point3 1168.8009998798 -3963286.6349 3350809.8788 3695075.2445 0 0 0 0 0 0 0 0 0                 
point3 1169.0009999275 -3963286.6349 3350809.8788 3695075.2445 0 0 0 0 0 0 0 0 0                 
point3 1169.2009999752 -3963286.634999 3350809.8788 3695075.2445 0 0 0 0 0 0 0 0 0                 
point3 1169.4010000229 -3963286.6349 3350809.8788 3695075.2445 0 0 0 0 0 0 0 0 0                 
point3 1169.6010000706 -3963286.6349 3350809.8788 3695075.2445 0 0 0 0 0 0 0 0 0                 
point3 1169.8009998798 -3963286.6349 3350809.8788 3695075.2445 0 0 0 0 0 0 0 0 0                 
point3 1170.0009999275 -3963286.634999 3350809.8788 3695075.2445 0 0 0 0 0 0 0 0 0                 
point3 1170.2009999752 -3963286.6349 3350809.8788 3695075.2445 0 0 0 0 0 0 0 0 0                 
point3 1170.4010000229 -3963286.6349 3350809.8788 3695075.2445 0 0 0 0 0 0 0 0 0                 
point3 1170.6010000706 -3963286.6349 3350809.8788 3695075.2445 0 0 0 0 0 0 0 0 0                 
point3 1170.8009998798 -3963286.6349 3350809.8788 3695075.2445 0 0 0 0 0 0 0 0 0                 
point3 1171.0009999275 -3963286.6349 3350809.8788 3695075.2445 0 0 0 0 0 0 0 0 0                 
point3 1171.2009999752 -3963286.6349 3350809.8788 3695075.2445 0 0 0 0 0 0 0 0 0                 
point3 1171.4010000229 -3963286.634999 3350809.8788 3695075.2445 0 0 0 0 0 0 0 0 0                 
point3 1171.6010000706 -3963286.634901 3350809.8788 3695075.244501 0 0 0 0 0 0 0 0 0                 
point3 1171.8009998798 -3963286.6349 3350809.8788 3695075.2445 0 0 0 0 0 0 0 0 0                 
point3 1172.0009999275 -3963286.634999 3350809.8788 3695075.244599 0 0 0 0 0 0 0 0 0                 
point3 1172.2009999752 -3963286.634901 3350809.8788 3695075.244501 0 0 0 0 0 0 0 0 0                 
point3 1172.4010000229 -3963286.634901 3350809.8788 3695075.2445 0 0 0 0 0 0 0 0 0                 
point3 1172.6010000706 -3963286.6349 3350809.8788 3695075.2445 0 0 0 0 0 0 0 0 0                 
point3 1172.8009998798 -3963286.6349 3350809.8788 3695075.2445 0 0 0 0 0 0 0 0 0                 
point3 1173.0009999275 -3963286.6349 3350809.8788 3695075.2445 0 0 0 0 0 0 0 0 0                 
point3 1173.2009999752 -3963286.634901 3350809.8788 3695075.244501 0 0 0 0 0 0 0 0 0                 
point3 1173.4010000229 -3963286.6349 3350809.8788 3695075.2445 0 0 0 0 0 0 0 0 0                 
point3 1173.6010000706 -3963286.6349 3350809.8788 3695075.2445 0 0 0 0 0 0 0 0 0                 
point3 1173.8009998798 -3963286.6349 3350809.8788 3695075.2445 0 0 0 0 0 0 0 0 0                 
point3 1174.0009999275 -3963286.6349 3350809.8788 3695075.2445 0 0 0 0 0 0 0 0 0                 
point3 1174.2009999752 -3963286.634999 3350809.8788 3695075.2445 0 0 0 0 0 0 0 0 0                 
point3 1174.4010000229 -3963286.634999 3350809.8788 3695075.244599 0 0 0 0 0 0 0 0 0                 
point3 1174.6010000706 -3963286.634999 3350809.8788 3695075.244599 0 0 0 0 0 0 0 0 0                 
point3 1174.8009998798 -3963286.634999 3350809.8788 3695075.2445 0 0 0 0 0 0 0 0 0                 
point3 1175.0009999275 -3963286.635 3350809.8788 3695075.2446 0 0 0 0 0 0 0 0 0                 
point3 1175.2009999752 -3963286.634901 3350809.8788 3695075.244501 0 0 0 0 0 0 0 0 0                 
point3 1175.4010000229 -3963286.634999 3350809.8788 3695075.244599 0 0 0 0 0 0 0 0 0                 
point3 1175.6010000706 -3963286.635 3350809.8788 3695075.2446 0 0 0 0 0 0 0 0 0                 
point3 1175.8009998798 -3963286.635 3350809.8788 3695075.244501 0 0 0 0 0 0 0 0 0                 
point3 1176.0009999275 -3963286.634901 3350809.8788 3695075.244501 0 0 0 0 0 0 0 0 0                 
point3 1176.2009999752 -3963286.634999 3350809.8788 3695075.244599 0 0 0 0 0 0 0 0 0                 
point3 1176.4010000229 -3963286.634999 3350809.8788 3695075.244599 0 0 0 0 0 0 0 0 0                 
point3 1176.6010000706 -3963286.635 3350809.8788 3695075.2446 0 0 0 0 0 0 0 0 0                 
point3 1176.8009998798 -3963286.634901 3350809.8788 3695075.244501 0 0 0 0 0 0 0 0 0                 
point3 1177.0009999275 -3963286.634999 3350809.8788 3695075.244599 0 0 0 0 0 0 0 0 0                 
point3 1177.2009999752 -3963286.635 3350809.8788 3695075.244599 0 0 0 0 0 0 0 0 0                 
point3 1177.4010000229 -3963286.634901 3350809.8788 3695075.244501 0 0 0 0 0 0 0 0 0                 
point3 1177.6010000706 -3963286.6349 3350809.8788 3695075.2445 0 0 0 0 0 0 0 0 0                 
point3 1177.8009998798 -3963286.635 3350809.8788 3695075.244599 0 0 0 0 0 0 0 0 0                 
point3 1178.0009999275 -3963286.634901 3350809.8788 3695075.2445 0 0 0 0 0 0 0 0 0                 
point3 1178.2009999752 -3963286.634999 3350809.8788 3695075.244599 0 0 0 0 0 0 0 0 0                 
point3 1178.4010000229 -3963286.634901 3350809.8788 3695075.244501 0 0 0 0 0 0 0 0 0                 
point3 1178.6010000706 -3963286.6349 3350809.8788 3695075.2445 0 0 0 0 0 0 0 0 0                 
point3 1178.8009998798 -3963286.634999 3350809.8788 3695075.244599 0 0 0 0 0 0 0 0 0                 
point3 1179.0009999275 -3963286.634901 3350809.8788 3695075.244501 0 0 0 0 0 0 0 0 0                 
point3 1179.2009999752 -3963286.634999 3350809.8788 3695075.244599 0 0 0 0 0 0 0 0 0                 
point3 1179.4010000229 -3963286.635 3350809.8788 3695075.244501 0 0 0 0 0 0 0 0 0                 
point3 1179.6010000706 -3963286.6349 3350809.8788 3695075.2445 0 0 0 0 0 0 0 0 0                 
point3 1179.8009998798 -3963286.635 3350809.8788 3695075.244599 0 0 0 0 0 0 0 0 0                 
point3 1180.0009999275 -3963286.634901 3350809.8788 3695075.244501 0 0 0 0 0 0 0 0 0                 
point3 1180.2009999752 -3963286.634999 3350809.8788 3695075.244599 0 0 0 0 0 0 0 0 0                 
point3 1180.4010000229 -3963286.634901 3350809.8788 3695075.244501 0 0 0 0 0 0 0 0 0                 
point3 1180.6010000706 -3963286.6349 3350809.8788 3695075.2445 0 0 0 0 0 0 0 0 0                 
point3 1180.8009998798 -3963286.635 3350809.8788 3695075.2446 0 0 0 0 0 0 0 0 0                 
point3 1181.0009999275 -3963286.634901 3350809.8788 3695075.244501 0 0 0 0 0 0 0 0 0                 
point3 1181.2009999752 -3963286.634999 3350809.878899 3695075.244599 0 0 0 0 0 0 0 0 0                 
point3 1181.4010000229 -3963286.634901 3350809.8788 3695075.2445 0 0 0 0 0 0 0 0 0                 
point3 1181.6010000706 -3963286.6349 3350809.8788 3695075.2445 0 0 0 0 0 0 0 0 0                 
point3 1181.8009998798 -3963286.635 3350809.8788 3695075.244501 0 0 0 0 0 0 0 0 0                 
point3 1182.0009999275 -3963286.6349 3350809.8788 3695075.2445 0 0 0 0 0 0 0 0 0                 
point3 1182.2009999752 -3963286.634999 3350809.8788 3695075.244599 0 0 0 0 0 0 0 0 0                 
point3 1182.4010000229 -3963286.634901 3350809.8788 3695075.244501 0 0 0 0 0 0 0 0 0                 
point3 1182.6010000706 -3963286.634999 3350809.8788 3695075.2445 0 0 0 0 0 0 0 0 0                 
point3 1182.8009998798 -3963286.634901 3350809.8788 3695075.2445 0 0 0 0 0 0 0 0 0                 
point3 1183.0009999275 -3963286.6349 3350809.8788 3695075.2445 0 0 0 0 0 0 0 0 0                 
point3 1183.2009999752 -3963286.634901 3350809.8788 3695075.2445 0 0 0 0 0 0 0 0 0                 
point3 1183.4010000229 -3963286.634999 3350809.8788 3695075.244599 0 0 0 0 0 0 0 0 0                 
point3 1183.6010000706 -3963286.634901 3350809.8788 3695075.2445 0 0 0 0 0 0 0 0 0                 
point3 1183.8009998798 -3963286.634999 3350809.878899 3695075.2445 0 0 0 0 0 0 0 0 0                 
point3 1184.0009999275 -3963286.6349 3350809.8788 3695075.2445 0 0 0 0 0 0 0 0 0                 
point3 1184.2009999752 -3963286.634999 3350809.8788 3695075.244599 0 0 0 0 0 0 0 0 0                 
point3 1184.4010000229 -3963286.634901 3350809.8788 3695075.2445 0 0 0 0 0 0 0 0 0                 
point3 1184.6010000706 -3963286.635 3350809.878899 3695075.2446 0 0 0 0 0 0 0 0 0                 
point3 1184.8009998798 -3963286.6349 3350809.8788 3695075.2445 0 0 0 0 0 0 0 0 0                 
point3 1185.0009999275 -3963286.635 3350809.8789 3695075.2446 0 0 0 0 0 0 0 0 0                 
point3 1185.2009999752 -3963286.6349 3350809.8788 3695075.2445 0 0 0 0 0 0 0 0 0                 
point3 1185.4010000229 -3963286.635 3350809.878899 3695075.2446 0 0 0 0 0 0 0 0 0                 
point3 1185.6010000706 -3963286.6349 3350809.8788 3695075.2445 0 0 0 0 0 0 0 0 0                 
point3 1185.8009998798 -3963286.635 3350809.878801 3695075.2446 0 0 0 0 0 0 0 0 0                 
point3 1186.0009999275 -3963286.6349 3350809.8788 3695075.2445 0 0 0 0 0 0 0 0 0                 
point3 1186.2009999752 -3963286.635 3350809.878899 3695075.244599 0 0 0 0 0 0 0 0 0                 
point3 1186.4010000229 -3963286.6349 3350809.8788 3695075.2445 0 0 0 0 0 0 0 0 0                 
point3 1186.6010000706 -3963286.6349 3350809.8788 3695075.2445 0 0 0 0 0 0 0 0 0                 
point3 1186.8009998798 -3963286.6349 3350809.8788 3695075.2445 0 0 0 0 0 0 0 0 0                 
point3 1187.0009999275 -3963286.634901 3350809.8788 3695075.2445 0 0 0 0 0 0 0 0 0                 
point3 1187.2009999752 -3963286.6349 3350809.8788 3695075.2445 0 0 0 0 0 0 0 0 0                 
point3 1187.4010000229 -3963286.634901 3350809.878801 3695075.244501 0 0 0 0 0 0 0 0 0                 
point3 1187.6010000706 -3963286.6349 3350809.8788 3695075.2445 0 0 0 0 0 0 0 0 0                 
point3 1187.8009998798 -3963286.635 3350809.8789 3695075.244599 0 0 0 0 0 0 0 0 0                 
point3 1188.0009999275 -3963286.6349 3350809.8788 3695075.2445 0 0 0 0 0 0 0 0 0                 
point3 1188.2009999752 -3963286.6349 3350809.8788 3695075.2445 0 0 0 0 0 0 0 0 0                 
point3 1188.4010000229 -3963286.6349 3350809.8788 3695075.2445 0 0 0 0 0 0 0 0 0                 
point3 1188.6010000706 -3963286.6349 3350809.8788 3695075.2445 0 0 0 0 0 0 0 0 0                 
point3 1188.8009998798 -3963286.6349 3350809.8788 3695075.2445 0 0 0 0 0 0 0 0 0                 
point3 1189.0009999275 -3963286.634999 3350809.878899 3695075.2445 0 0 0 0 0 0 0 0 0                 
point3 1189.2009999752 -3963286.634901 3350809.878801 3695075.244501 0 0 0 0 0 0 0 0 0                 
point3 1189.4010000229 -3963286.634999 3350809.8789 3695075.2445 0 0 0 0 0 0 0 0 0                 
point3 1189.6010000706 -3963286.635 3350809.878801 3695075.244599 0 0 0 0 0 0 0 0 0                 
point3 1189.8009998798 -3963286.6349 3350809.878899 3695075.2445 0 0 0 0 0 0 0 0 0                 
point3 1190.0009999275 -3963286.6349 3350809.878899 3695075.2445 0 0 0 0 0 0 0 0 0                 
point3 1190.2009999752 -3963286.6349 3350809.8788 3695075.2445 0 0 0 0 0 0 0 0 0                 
point3 1190.4010000229 -3963286.634999 3350809.8788 3695075.244599 0 0 0 0 0 0 0 0 0                 
point3 1190.6010000706 -3963286.6349 3350809.8788 3695075.2445 0 0 0 0 0 0 0 0 0                 
point3 1190.8009998798 -3963286.635 3350809.8789 3695075.244501 0 0 0 0 0 0 0 0 0                 
point3 1191.0009999275 -3963286.635 3350809.8789 3695075.244599 0 0 0 0 0 0 0 0 0                 
point3 1191.2009999752 -3963286.635 3350809.8789 3695075.244599 0 0 0 0 0 0 0 0 0                 
point3 1191.4010000229 -3963286.634901 3350809.8788 3695075.2445 0 0 0 0 0 0 0 0 0                 
point3 1191.6010000706 -3963286.635001 3350809.878899 3695075.244601 0 0 0 0 0 0 0 0 0                 
point3 1191.8009998798 -3963286.635302 3350809.878801 3695075.244902 0 0 0 0 0 0 0 0 0                 
point3 1192.0009999275 -3963286.635698 3350809.879002 3695075.245207 0 0 0 0 0 0 0 0 0                 
point3 1192.2009999752 -3963286.632948 3350809.879704 3695075.248046 0 0 0 0 0 0 0 0 0                 
point3 1192.4010000229 -3963286.620408 3350809.881014 3695075.259893 0 0 0 0 0 0 0 0 0                 
point3 1192.6010000706 -3963286.599867 3350809.884121 3695075.28013 0 0 0 0 0 0 0 0 0                 
point3 1192.8009998798 -3963286.569472 3350809.888532 3695075.310132 0 0 0 0 0 0 0 0 0                 
point3 1193.0009999275 -3963286.514364 3350809.896466 3695075.365521 0 0 0 0 0 0 0 0 0                 
point3 1193.2009999752 -3963286.414409 3350809.911809 3695075.460539 0 0 0 0 0 0 0 0 0                 
point3 1193.4010000229 -3963286.2633688 3350809.935338 3695075.5995551 0 0 0 0 0 0 0 0 0                 
point3 1193.6010000706 -3963286.0657478 3350809.963954 3695075.7807502 0 0 0 0 0 0 0 0 0                 
point3 1193.8009998798 -3963285.8263631 3350809.996594 3695076.0000279 0 0 0 0 0 0 0 0 0                 
point3 1194.0009999275 -3963285.5496901 3350810.037622 3695076.2536809 0 0 0 0 0 0 0 0 0                 
point3 1194.2009999752 -3963285.2383961 3350810.083241 3695076.5379349 0 0 0 0 0 0 0 0 0                 
point3 1194.4010000229 -3963284.8930997 3350810.134076 3695076.8519743 0 0 0 0 0 0 0 0 0                 
point3 1194.6010000706 -3963284.5239987 3350810.189078 3695077.1947283 0 0 0 0 0 0 0 0 0                 
point3 1194.8009998798 -3963284.1148202 3350810.246708 3695077.5683919 0 0 0 0 0 0 0 0 0                 
point3 1195.0009999275 -3963283.6695262 3350810.308721 3695077.9767808 0 0 0 0 0 0 0 0 0                 
point3 1195.2009999752 -3963283.1867572 3350810.374268 3695078.4207288 0 0 0 0 0 0 0 0 0                 
point3 1195.4010000229 -3963282.6703056 3350810.4517021 3695078.8951804 0 0 0 0 0 0 0 0 0                 
point3 1195.6010000706 -3963282.1229495 3350810.5317961 3695079.3959924 0 0 0 0 0 0 0 0 0                 
point3 1195.8009998798 -3963281.5467272 3350810.611615 3695079.9229608 0 0 0 0 0 0 0 0 0                 
point3 1196.0009999275 -3963280.9418092 3350810.695137 3695080.4836288 0 0 0 0 0 0 0 0 0                 
point3 1196.2009999752 -3963280.2941522 3350810.784657 3695081.0761578 0 0 0 0 0 0 0 0 0                 
point3 1196.4010000229 -3963279.6210794 3350810.8779541 3695081.6926315 0 0 0 0 0 0 0 0 0                 
point3 1196.6010000706 -3963278.9409324 3350810.9679331 3695082.3184975 0 0 0 0 0 0 0 0 0                 
point3 1196.8009998798 -3963278.2737682 3350811.057079 3695082.9361868 0 0 0 0 0 0 0 0 0                 
point3 1197.0009999275 -3963277.6020362 3350811.148516 3695083.5559178 0 0 0 0 0 0 0 0 0                 
point3 1197.2009999752 -3963276.9258522 3350811.227707 3695084.1796268 0 0 0 0 0 0 0 0 0                 
point3 1197.4010000229 -3963276.2571404 3350811.3147471 3695084.8074625 0 0 0 0 0 0 0 0 0                 
point3 1197.6010000706 -3963275.5791984 3350811.4002391 3695085.4429595 0 0 0 0 0 0 0 0 0                 
point3 1197.8009998798 -3963274.8698663 3350811.466198 3695086.1007948 0 0 0 0 0 0 0 0 0                 
point3 1198.0009999275 -3963274.1439853 3350811.555077 3695086.7847668 0 0 0 0 0 0 0 0 0                 
point3 1198.2009999752 -3963273.4133853 3350811.670347 3695087.4804247 0 0 0 0 0 0 0 0 0                 
point3 1198.4010000229 -3963272.6394413 3350811.7762641 3695088.1922976 0 0 0 0 0 0 0 0 0                 
point3 1198.6010000706 -3963271.8444683 3350811.8960541 3695088.9419386 0 0 0 0 0 0 0 0 0                 
point3 1198.8009998798 -3963271.0341403 3350812.026836 3695089.7048407 0 0 0 0 0 0 0 0 0                 
point3 1199.0009999275 -3963270.2201993 3350812.150003 3695090.4550097 0 0 0 0 0 0 0 0 0                 
point3 1199.2009999752 -3963269.4012353 3350812.270653 3695091.2182787 0 0 0 0 0 0 0 0 0                 
point3 1199.4010000229 -3963268.5883283 3350812.4094811 3695091.9681796 0 0 0 0 0 0 0 0 0                 
point3 1199.6010000706 -3963267.7741083 3350812.5656361 3695092.7022366 0 0 0 0 0 0 0 0 0                 
point3 1199.8009998798 -3963266.9521393 3350812.7422299 3695093.4245247 0 0 0 0 0 0 0 0 0                 
point3 1200.0009999275 -3963266.1208483 3350812.9587219 3695094.1226948 0 0 0 0 0 0 0 0 0                 
point3 1200.2009999752 -3963265.2887323 3350813.2113989 3695094.7943198 0 0 0 0 0 0 0 0 0                 
point3 1200.4010000229 -3963264.4577723 3350813.5012063 3695095.4270045 0 0 0 0 0 0 0 0 0                 
point3 1200.6010000706 -3963263.6336973 3350813.8352503 3695096.0170715 0 0 0 0 0 0 0 0 0                 
point3 1200.8009998798 -3963262.8189983 3350814.2146269 3695096.5592348 0 0 0 0 0 0 0 0 0                 
point3 1201.0009999275 -3963262.0228003 3350814.6273978 3695097.0546768 0 0 0 0 0 0 0 0 0                 
point3 1201.2009999752 -3963261.2490793 3350815.0764908 3695097.4917089 0 0 0 0 0 0 0 0 0                 
point3 1201.4010000229 -3963260.5174044 3350815.5627424 3695097.8552653 0 0 0 0 0 0 0 0 0                 
point3 1201.6010000706 -3963259.8244764 3350816.0776534 3695098.1542012 0 0 0 0 0 0 0 0 0                 
point3 1201.8009998798 -3963259.1483412 3350816.6198998 3695098.3990669 0 0 0 0 0 0 0 0 0                 
point3 1202.0009999275 -3963258.5053202 3350817.2118768 3695098.57395 0 0 0 0 0 0 0 0 0                 
point3 1202.2009999752 -3963257.8957082 3350817.8274798 3695098.693455 0 0 0 0 0 0 0 0 0                 
point3 1202.4010000229 -3963257.2975595 3350818.4519566 3695098.773809 0 0 0 0 0 0 0 0 0                 
point3 1202.6010000706 -3963256.7176755 3350819.1449186 3695098.796435 0 0 0 0 0 0 0 0 0                 
point3 1202.8009998798 -3963256.1507282 3350819.8982957 3695098.749831 0 0 0 0 0 0 0 0 0                 
point3 1203.0009999275 -3963255.5736372 3350820.6892797 3695098.666771 0 0 0 0 0 0 0 0 0                 
point3 1203.2009999752 -3963255.0101842 3350821.5425847 3695098.5216061 0 0 0 0 0 0 0 0 0                 
point3 1203.4010000229 -3963254.4656535 3350822.4513248 3695098.3082498 0 0 0 0 0 0 0 0 0                 
point3 1203.6010000706 -3963253.9182276 3350823.4090888 3695098.0435127 0 0 0 0 0 0 0 0 0                 
point3 1203.8009998798 -3963253.3926972 3350824.4210666 3695097.7037811 0 0 0 0 0 0 0 0 0                 
point3 1204.0009999275 -3963252.9013422 3350825.4872956 3695097.2824652 0 0 0 0 0 0 0 0 0                 
point3 1204.2009999752 -3963252.4314862 3350826.5964976 3695096.8023152 0 0 0 0 0 0 0 0 0                 
point3 1204.4010000229 -3963251.9682766 3350827.747613 3695096.2734875 0 0 0 0 0 0 0 0 0                 
point3 1204.6010000706 -3963251.5049016 3350828.940323 3695095.6984415 0 0 0 0 0 0 0 0 0                 
point3 1204.8009998798 -3963251.0473602 3350830.1745175 3695095.0739932 0 0 0 0 0 0 0 0 0                 
point3 1205.0009999275 -3963250.6004512 3350831.4476015 3695094.4027212 0 0 0 0 0 0 0 0 0                 
point3 1205.2009999752 -3963250.1469782 3350832.7582045 3695093.7005963 0 0 0 0 0 0 0 0 0                 
point3 1205.4010000229 -3963249.6782236 3350834.1101211 3695092.9708294 0 0 0 0 0 0 0 0 0                 
point3 1205.6010000706 -3963249.2024916 3350835.5042112 3695092.2099984 0 0 0 0 0 0 0 0 0                 
point3 1205.8009998798 -3963248.7147572 3350836.9347905 3695091.4263263 0 0 0 0 0 0 0 0 0                 
point3 1206.0009999275 -3963248.2004792 3350838.4029815 3695090.6273513 0 0 0 0 0 0 0 0 0                 
point3 1206.2009999752 -3963247.6732302 3350839.9086615 3695089.8120423 0 0 0 0 0 0 0 0 0                 
point3 1206.4010000229 -3963247.1373076 3350841.4510503 3695088.9742333 0 0 0 0 0 0 0 0 0                 
point3 1206.6010000706 -3963246.5967686 3350843.0284893 3695088.1153333 0 0 0 0 0 0 0 0 0                 
point3 1206.8009998798 -3963246.0494442 3350844.6322974 3695087.2375523 0 0 0 0 0 0 0 0 0                 
point3 1207.0009999275 -3963245.4990392 3350846.2555594 3695086.3437693 0 0 0 0 0 0 0 0 0                 
point3 1207.2009999752 -3963244.9492862 3350847.8905174 3695085.4342913 0 0 0 0 0 0 0 0 0                 
point3 1207.4010000229 -3963244.4094286 3350849.5369864 3695084.5095122 0 0 0 0 0 0 0 0 0                 
point3 1207.6010000706 -3963243.8766586 3350851.1986814 3695083.5674132 0 0 0 0 0 0 0 0 0                 
point3 1207.8009998798 -3963243.3495692 3350852.8787584 3695082.6072393 0 0 0 0 0 0 0 0 0                 
point3 1208.0009999275 -3963242.8235652 3350854.5745404 3695081.6312544 0 0 0 0 0 0 0 0 0                 
point3 1208.2009999752 -3963242.2971812 3350856.2874284 3695080.6371584 0 0 0 0 0 0 0 0 0                 
point3 1208.4010000229 -3963241.7757036 3350858.0168054 3695079.6249712 0 0 0 0 0 0 0 0 0                 
point3 1208.6010000706 -3963241.2545676 3350859.7630064 3695078.5955091 0 0 0 0 0 0 0 0 0                 
point3 1208.8009998798 -3963240.7275342 3350861.5279874 3695077.5562764 0 0 0 0 0 0 0 0 0                 
point3 1209.0009999275 -3963240.1941332 3350863.3112934 3695076.5097424 0 0 0 0 0 0 0 0 0                 
point3 1209.2009999752 -3963239.6616242 3350865.1161183 3695075.4570734 0 0 0 0 0 0 0 0 0                 
point3 1209.4010000229 -3963239.1254246 3350866.9460115 3695074.3893441 0 0 0 0 0 0 0 0 0                 
point3 1209.6010000706 -3963238.5882555 3350868.7911975 3695073.3172931 0 0 0 0 0 0 0 0 0                 
point3 1209.8009998798 -3963238.0371342 3350870.6539203 3695072.2371324 0 0 0 0 0 0 0 0 0                 
point3 1210.0009999275 -3963237.4826862 3350872.5168073 3695071.1663874 0 0 0 0 0 0 0 0 0                 
point3 1210.2009999752 -3963236.9178252 3350874.3776803 3695070.1088824 0 0 0 0 0 0 0 0 0                 
point3 1210.4010000229 -3963236.3395685 3350876.2302025 3695069.0718222 0 0 0 0 0 0 0 0 0                 
point3 1210.6010000706 -3963235.7506215 3350878.0657105 3695068.0628552 0 0 0 0 0 0 0 0 0                 
point3 1210.8009998798 -3963235.1558162 3350879.8815734 3695067.0820073 0 0 0 0 0 0 0 0 0                 
point3 1211.0009999275 -3963234.5597582 3350881.6667524 3695066.1302503 0 0 0 0 0 0 0 0 0                 
point3 1211.2009999752 -3963233.9790022 3350883.4022524 3695065.2081043 0 0 0 0 0 0 0 0 0                 
point3 1211.4010000229 -3963233.4253156 3350885.0787843 3695064.3160463 0 0 0 0 0 0 0 0 0                 
point3 1211.6010000706 -3963232.8933026 3350886.7011903 3695063.4534063 0 0 0 0 0 0 0 0 0                 
point3 1211.8009998798 -3963232.3799212 3350888.2609195 3695062.6253883 0 0 0 0 0 0 0 0 0                 
point3 1212.0009999275 -3963231.8921882 3350889.7442105 3695061.8325693 0 0 0 0 0 0 0 0 0                 
point3 1212.2009999752 -3963231.4392812 3350891.1436625 3695061.0767523 0 0 0 0 0 0 0 0 0                 
point3 1212.4010000229 -3963231.0264267 3350892.453515 3695060.3536954 0 0 0 0 0 0 0 0 0                 
point3 1212.6010000706 -3963230.6662687 3350893.674825 3695059.6582404 0 0 0 0 0 0 0 0 0                 
point3 1212.8009998798 -3963230.3528341 3350894.8235246 3695058.9664272 0 0 0 0 0 0 0 0 0                 
point3 1213.0009999275 -3963230.0939021 3350895.9130846 3695058.2701322 0 0 0 0 0 0 0 0 0                 
point3 1213.2009999752 -3963229.8857211 3350896.9316357 3695057.5785612 0 0 0 0 0 0 0 0 0                 
point3 1213.4010000229 -3963229.7255049 3350897.8823257 3695056.8904684 0 0 0 0 0 0 0 0 0                 
point3 1213.6010000706 -3963229.6216669 3350898.7719157 3695056.2026624 0 0 0 0 0 0 0 0 0                 
point3 1213.8009998798 -3963229.564577 3350899.5986917 3695055.5192272 0 0 0 0 0 0 0 0 0                 
point3 1214.0009999275 -3963229.555276 3350900.3598867 3695054.8420402 0 0 0 0 0 0 0 0 0                 
point3 1214.2009999752 -3963229.605105 3350901.0673948 3695054.1409743 0 0 0 0 0 0 0 0 0                 
point3 1214.4010000229 -3963229.7290122 3350901.7340335 3695053.4081144 0 0 0 0 0 0 0 0 0                 
point3 1214.6010000706 -3963229.9258552 3350902.3452475 3695052.6436824 0 0 0 0 0 0 0 0 0                 
point3 1214.8009998798 -3963230.1724039 3350902.9008598 3695051.8577423 0 0 0 0 0 0 0 0 0                 
point3 1215.0009999275 -3963230.4959739 3350903.3941088 3695051.0602233 0 0 0 0 0 0 0 0 0                 
point3 1215.2009999752 -3963230.8872988 3350903.8197089 3695050.2367343 0 0 0 0 0 0 0 0 0                 
point3 1215.4010000229 -3963231.3513844 3350904.1846623 3695049.3745813 0 0 0 0 0 0 0 0 0                 
point3 1215.6010000706 -3963231.9065695 3350904.4809752 3695048.4881193 0 0 0 0 0 0 0 0 0                 
point3 1215.8009998798 -3963232.5121058 3350904.7223059 3695047.5886663 0 0 0 0 0 0 0 0 0                 
point3 1216.0009999275 -3963233.1690217 3350904.9072969 3695046.6811313 0 0 0 0 0 0 0 0 0                 
point3 1216.2009999752 -3963233.8870467 3350905.03705 3695045.7627253 0 0 0 0 0 0 0 0 0                 
point3 1216.4010000229 -3963234.6477757 3350905.1387541 3695044.8237772 0 0 0 0 0 0 0 0 0                 
point3 1216.6010000706 -3963235.4567257 3350905.194706 3695043.8791602 0 0 0 0 0 0 0 0 0                 
point3 1216.8009998798 -3963236.3113207 3350905.210308 3695042.9311513 0 0 0 0 0 0 0 0 0                 
point3 1217.0009999275 -3963237.2058127 3350905.206831 3695041.9773713 0 0 0 0 0 0 0 0 0                 
point3 1217.2009999752 -3963238.1375887 3350905.191184 3695041.0056314 0 0 0 0 0 0 0 0 0                 
point3 1217.4010000229 -3963239.1038448 3350905.164217 3695040.0057272 0 0 0 0 0 0 0 0 0                 
point3 1217.6010000706 -3963240.0986638 3350905.12557 3695038.9906132 0 0 0 0 0 0 0 0 0                 
point3 1217.8009998798 -3963241.1173956 3350905.077842 3695037.9692904 0 0 0 0 0 0 0 0 0                 
point3 1218.0009999275 -3963242.1649546 3350905.028187 3695036.9189844 0 0 0 0 0 0 0 0 0                 
point3 1218.2009999752 -3963243.2423636 3350904.984254 3695035.8521074 0 0 0 0 0 0 0 0 0                 
point3 1218.4010000229 -3963244.3402839 3350904.934451 3695034.7673691 0 0 0 0 0 0 0 0 0                 
point3 1218.6010000706 -3963245.4635989 3350904.884535 3695033.6576061 0 0 0 0 0 0 0 0 0                 
point3 1218.8009998798 -3963246.6080996 3350904.827969 3695032.5370744 0 0 0 0 0 0 0 0 0                 
point3 1219.0009999275 -3963247.7752346 3350904.757594 3695031.4089224 0 0 0 0 0 0 0 0 0                 
point3 1219.2009999752 -3963248.9675306 3350904.674246 3695030.2727994 0 0 0 0 0 0 0 0 0                 
point3 1219.4010000229 -3963250.177111 3350904.5811959 3695029.1312621 0 0 0 0 0 0 0 0 0                 
point3 1219.6010000706 -3963251.404205 3350904.4779379 3695027.9826521 0 0 0 0 0 0 0 0 0                 
point3 1219.8009998798 -3963252.6477536 3350904.363304 3695026.8343864 0 0 0 0 0 0 0 0 0                 
point3 1220.0009999275 -3963253.9013105 3350904.241263 3695025.6901474 0 0 0 0 0 0 0 0 0                 
point3 1220.2009999752 -3963255.1666495 3350904.112553 3695024.5362954 0 0 0 0 0 0 0 0 0                 
point3 1220.4010000229 -3963256.436763 3350903.9830239 3695023.375905 0 0 0 0 0 0 0 0 0                 
point3 1220.6010000706 -3963257.7106041 3350903.8475239 3695022.217717 0 0 0 0 0 0 0 0 0                 
point3 1220.8009998798 -3963258.9938645 3350903.712614 3695021.0604954 0 0 0 0 0 0 0 0 0                 
point3 1221.0009999275 -3963260.2900115 3350903.574409 3695019.8977794 0 0 0 0 0 0 0 0 0                 
point3 1221.2009999752 -3963261.5931285 3350903.4340641 3695018.7324534 0 0 0 0 0 0 0 0 0                 
point3 1221.4010000229 -3963262.9011721 3350903.2842109 3695017.561223 0 0 0 0 0 0 0 0 0                 
point3 1221.6010000706 -3963264.2173011 3350903.1231479 3695016.387347 0 0 0 0 0 0 0 0 0                 
point3 1221.8009998798 -3963265.5390385 3350902.9494671 3695015.2194764 0 0 0 0 0 0 0 0 0                 
point3 1222.0009999275 -3963266.8695675 3350902.7574771 3695014.0587764 0 0 0 0 0 0 0 0 0                 
point3 1222.2009999752 -3963268.2026445 3350902.5473741 3695012.9204024 0 0 0 0 0 0 0 0 0                 
point3 1222.4010000229 -3963269.5290831 3350902.3177028 3695011.8061961 0 0 0 0 0 0 0 0 0                 
point3 1222.6010000706 -3963270.8417221 3350902.0756348 3695010.7118171 0 0 0 0 0 0 0 0 0                 
point3 1222.8009998798 -3963272.1420575 3350901.8205881 3695009.6411274 0 0 0 0 0 0 0 0 0                 
point3 1223.0009999275 -3963273.4310125 3350901.5563471 3695008.5912364 0 0 0 0 0 0 0 0 0                 
point3 1223.2009999752 -3963274.7120675 3350901.2829081 3695007.5632034 0 0 0 0 0 0 0 0 0                 
point3 1223.4010000229 -3963275.982807 3350901.0030838 3695006.5471822 0 0 0 0 0 0 0 0 0                 
point3 1223.6010000706 -3963277.238506 3350900.7192758 3695005.5475652 0 0 0 0 0 0 0 0 0                 
point3 1223.8009998798 -3963278.4747176 3350900.4359931 3695004.5659453 0 0 0 0 0 0 0 0 0                 
point3 1224.0009999275 -3963279.6941306 3350900.1546071 3695003.5968063 0 0 0 0 0 0 0 0 0                 
point3 1224.2009999752 -3963280.8938906 3350899.8772271 3695002.6428133 0 0 0 0 0 0 0 0 0                 
point3 1224.4010000229 -3963282.0633309 3350899.6037428 3695001.7113302 0 0 0 0 0 0 0 0 0                 
point3 1224.6010000706 -3963283.2016809 3350899.3344788 3695000.8059883 0 0 0 0 0 0 0 0 0                 
point3 1224.8009998798 -3963284.3098126 3350899.0707181 3694999.9293093 0 0 0 0 0 0 0 0 0                 
point3 1225.0009999275 -3963285.3844476 3350898.8164471 3694999.0781413 0 0 0 0 0 0 0 0 0                 
point3 1225.2009999752 -3963286.4239556 3350898.5684871 3694998.2553003 0 0 0 0 0 0 0 0 0                 
point3 1225.4010000229 -3963287.4249448 3350898.3290668 3694997.4627544 0 0 0 0 0 0 0 0 0                 
point3 1225.6010000706 -3963288.3835428 3350898.1060228 3694996.7006744 0 0 0 0 0 0 0 0 0                 
point3 1225.8009998798 -3963289.3017517 3350897.8935871 3694995.9643583 0 0 0 0 0 0 0 0 0                 
point3 1226.0009999275 -3963290.1825617 3350897.6935391 3694995.2612852 0 0 0 0 0 0 0 0 0                 
point3 1226.2009999752 -3963291.0243657 3350897.5037961 3694994.5851252 0 0 0 0 0 0 0 0 0                 
point3 1226.4010000229 -3963291.8290886 3350897.3250409 3694993.9374645 0 0 0 0 0 0 0 0 0                 
point3 1226.6010000706 -3963292.5959836 3350897.1584129 3694993.3170945 0 0 0 0 0 0 0 0 0                 
point3 1226.8009998798 -3963293.3235057 3350897.0023481 3694992.7226382 0 0 0 0 0 0 0 0 0                 
point3 1227.0009999275 -3963294.0157318 3350896.8539911 3694992.1575752 0 0 0 0 0 0 0 0 0                 
point3 1227.2009999752 -3963294.6736538 3350896.713324 3694991.6211342 0 0 0 0 0 0 0 0 0                 
point3 1227.4010000229 -3963295.2951725 3350896.5803849 3694991.1138606 0 0 0 0 0 0 0 0 0                 
point3 1227.6010000706 -3963295.8799905 3350896.4614369 3694990.6330996 0 0 0 0 0 0 0 0 0                 
point3 1227.8009998798 -3963296.4302428 3350896.349547 3694990.1809492 0 0 0 0 0 0 0 0 0                 
point3 1228.0009999275 -3963296.9510868 3350896.240805 3694989.7575541 0 0 0 0 0 0 0 0 0                 
point3 1228.2009999752 -3963297.4434168 3350896.144642 3694989.3507851 0 0 0 0 0 0 0 0 0                 
point3 1228.4010000229 -3963297.9247724 3350896.0531499 3694988.9484227 0 0 0 0 0 0 0 0 0                 
point3 1228.6010000706 -3963298.3962084 3350895.9638619 3694988.5570947 0 0 0 0 0 0 0 0 0                 
point3 1228.8009998798 -3963298.8540378 3350895.877785 3694988.1772071 0 0 0 0 0 0 0 0 0                 
point3 1229.0009999275 -3963299.2994948 3350895.794776 3694987.8026711 0 0 0 0 0 0 0 0 0                 
point3 1229.2009999752 -3963299.7362478 3350895.708552 3694987.4400291 0 0 0 0 0 0 0 0 0                 
point3 1229.4010000229 -3963300.1638083 3350895.6185529 3694987.0889997 0 0 0 0 0 0 0 0 0                 
point3 1229.6010000706 -3963300.5829533 3350895.5295629 3694986.7519467 0 0 0 0 0 0 0 0 0                 
point3 1229.8009998798 -3963300.9890709 3350895.443596 3694986.4230851 0 0 0 0 0 0 0 0 0                 
point3 1230.0009999275 -3963301.3806129 3350895.364323 3694986.1022261 0 0 0 0 0 0 0 0 0                 
point3 1230.2009999752 -3963301.7594349 3350895.29147 3694985.7890551 0 0 0 0 0 0 0 0 0                 
point3 1230.4010000229 -3963302.1225603 3350895.227102 3694985.4823158 0 0 0 0 0 0 0 0 0                 
point3 1230.6010000706 -3963302.4708843 3350895.168416 3694985.1887788 0 0 0 0 0 0 0 0 0                 
point3 1230.8009998798 -3963302.8029909 3350895.113249 3694984.9074361 0 0 0 0 0 0 0 0 0                 
point3 1231.0009999275 -3963303.1170049 3350895.064168 3694984.6378021 0 0 0 0 0 0 0 0 0                 
point3 1231.2009999752 -3963303.4134129 3350895.018384 3694984.3825831 0 0 0 0 0 0 0 0 0                 
point3 1231.4010000229 -3963303.6919332 3350894.975386 3694984.1430558 0 0 0 0 0 0 0 0 0                 
point3 1231.6010000706 -3963303.9548682 3350894.932785 3694983.9178248 0 0 0 0 0 0 0 0 0                 
point3 1231.8009998798 -3963304.2049079 3350894.890285 3694983.7061891 0 0 0 0 0 0 0 0 0                 
point3 1232.0009999275 -3963304.4433469 3350894.847798 3694983.5069431 0 0 0 0 0 0 0 0 0                 
point3 1232.2009999752 -3963304.6695869 3350894.808111 3694983.3172851 0 0 0 0 0 0 0 0 0                 
point3 1232.4010000229 -3963304.8844272 3350894.770831 3694983.1363269 0 0 0 0 0 0 0 0 0                 
point3 1232.6010000706 -3963305.0870782 3350894.737436 3694982.9645729 0 0 0 0 0 0 0 0 0                 
point3 1232.8009998798 -3963305.2805349 3350894.704638 3694982.8015151 0 0 0 0 0 0 0 0 0                 
point3 1233.0009999275 -3963305.4651909 3350894.67376 3694982.6464451 0 0 0 0 0 0 0 0 0                 
point3 1233.2009999752 -3963305.6412509 3350894.645967 3694982.4960711 0 0 0 0 0 0 0 0 0                 
point3 1233.4010000229 -3963305.8101271 3350894.619266 3694982.3522999 0 0 0 0 0 0 0 0 0                 
point3 1233.6010000706 -3963305.9735831 3350894.593699 3694982.2135199 0 0 0 0 0 0 0 0 0                 
point3 1233.8009998798 -3963306.1279499 3350894.574613 3694982.077522 0 0 0 0 0 0 0 0 0                 
point3 1234.0009999275 -3963306.2771379 3350894.557411 3694981.943348 0 0 0 0 0 0 0 0 0                 
point3 1234.2009999752 -3963306.4240169 3350894.539309 3694981.814673 0 0 0 0 0 0 0 0 0                 
point3 1234.4010000229 -3963306.5662971 3350894.521615 3694981.6894819 0 0 0 0 0 0 0 0 0                 
point3 1234.6010000706 -3963306.7046731 3350894.504616 3694981.5675129 0 0 0 0 0 0 0 0 0                 
point3 1234.8009998798 -3963306.837315 3350894.488533 3694981.451253 0 0 0 0 0 0 0 0 0                 
point3 1235.0009999275 -3963306.952646 3350894.476766 3694981.3484 0 0 0 0 0 0 0 0 0                 
point3 1235.2009999752 -3963307.032072 3350894.47118 3694981.276245 0 0 0 0 0 0 0 0 0                 
point3 1235.4010000229 -3963307.079949 3350894.46749 3694981.231769 0 0 0 0 0 0 0 0 0                 
point3 1235.6010000706 -3963307.103942 3350894.466201 3694981.210766 0 0 0 0 0 0 0 0 0                 
point3 1235.8009998798 -3963307.108899 3350894.467109 3694981.207103 0 0 0 0 0 0 0 0 0                 
point3 1236.0009999275 -3963307.109516 3350894.468602 3694981.206986 0 0 0 0 0 0 0 0 0                 
point3 1236.2009999752 -3963307.113326 3350894.468899 3694981.204182 0 0 0 0 0 0 0 0 0                 
point3 1236.4010000229 -3963307.119648 3350894.4687 3694981.19946 0 0 0 0 0 0 0 0 0                 
point3 1236.6010000706 -3963307.130164 3350894.468597 3694981.190541 0 0 0 0 0 0 0 0 0                 
point3 1236.8009998798 -3963307.144085 3350894.468097 3694981.177925 0 0 0 0 0 0 0 0 0                 
point3 1237.0009999275 -3963307.162106 3350894.467394 3694981.161804 0 0 0 0 0 0 0 0 0                 
point3 1237.2009999752 -3963307.184528 3350894.466192 3694981.141785 0 0 0 0 0 0 0 0 0                 
point3 1237.4010000229 -3963307.211455 3350894.46449 3694981.11756 0 0 0 0 0 0 0 0 0                 
point3 1237.6010000706 -3963307.243677 3350894.46249 3694981.088337 0 0 0 0 0 0 0 0 0                 
point3 1237.8009998798 -3963307.279995 3350894.460487 3694981.054822 0 0 0 0 0 0 0 0 0                 
point3 1238.0009999275 -3963307.319505 3350894.457785 3694981.018615 0 0 0 0 0 0 0 0 0                 
point3 1238.2009999752 -3963307.360392 3350894.454381 3694980.981832 0 0 0 0 0 0 0 0 0                 
point3 1238.4010000229 -3963307.395082 3350894.450591 3694980.95133 0 0 0 0 0 0 0 0 0                 
point3 1238.6010000706 -3963307.401302 3350894.450132 3694980.946761 0 0 0 0 0 0 0 0 0                 
point3 1238.8009998798 -3963307.40499 3350894.456291 3694980.95629 0 0 0 0 0 0 0 0 0                 
point3 1239.0009999275 -3963307.401894 3350894.453794 3694980.953194 0 0 0 0 0 0 0 0 0                 
point3 1239.2009999752 -3963307.401707 3350894.453507 3694980.953106 0 0 0 0 0 0 0 0 0                 
point3 1239.4010000229 -3963307.402796 3350894.454397 3694980.954097 0 0 0 0 0 0 0 0 0                 
point3 1239.6010000706 -3963307.4022 3350894.453999 3694980.9535 0 0 0 0 0 0 0 0 0                 
point3 1239.8009998798 -3963307.4023 3350894.4541 3694980.9537 0 0 0 0 0 0 0 0 0                 
point3 1240.0009999275 -3963307.4022 3350894.454 3694980.9536 0 0 0 0 0 0 0 0 0                 
point3 1240.2009999752 -3963307.402299 3350894.454099 3694980.9536 0 0 0 0 0 0 0 0 0                 
point3 1240.4010000229 -3963307.402201 3350894.454001 3694980.953501 0 0 0 0 0 0 0 0 0                 
point3 1240.6010000706 -3963307.402299 3350894.454 3694980.953599 0 0 0 0 0 0 0 0 0                 
